2a60
09bf
20d1
1ea5
dabd
25dd
df7d
83db
f65a
bc8a
c428
ac6a
7032
2b42
b678
24e8
ae0c
0004
b3bb
4980
8f60
c950
ce65
c322
7082
4e38
f4ca
d45a
1b88
3064
5792
3713
0aec
fe11
b83c
6387
4025
a9bd
2fc5
de5f
e395
f255
e813
f436
02ef
fe79
16c5
0efd
d695
e78d
ed43
ec6e
f3e7
0d36
131b
0a3d
0d0c
21de
fd51
ffc5
1aa1
013a
eea7
f0c2
f6e8
ff2a
fef8
fe0b
0e85
de21
2270
13f4
1eb0
064c
f507
dbec
e3cf
3035
24ef
451c
ffae
ef19
f7f9
fa8a
fd0f
15a3
08bb
1e20
0e2f
f8cb
f980
04fb
0116
dc45
0002
e2b2
ffcf
0bc2
fc40
d366
ff1d
faff
f28c
fbef
1fec
f6a3
f3cc
06f9
e7f6
061d
04e9
04f2
0842
fddf
05ff
16bc
f906
ff31
fcc6
f48e
1885
1d32
cf67
14ff
0029
05dd
dae3
0c11
2d95
0713
0717
0756
4136
162f
1f22
ebc1
0a94
3371
ce3f
fe3e
ee18
ff30
bb17
04a3
2328
0d9d
fada
fb35
459f
f689
3583
f5bf
0a66
fc6d
0488
0248
0529
fb99
fe1f
f637
0a02
0be2
f2ce
0073
013e
f095
0fce
0059
f041
225f
f167
0ced
f19f
0168
c8e7
00b2
1b20
f4da
016b
0c45
240a
f93d
2cf7
efac
015d
0d18
fe92
df31
eb36
17ed
ef9d
121a
0ade
fcc0
e366
1ec6
f329
125d
fefd
0bcd
09e6
fa60
1705
f78e
fe33
0a29
07a8
fa9f
ff08
fe97
24d7
f594
f762
ffcf
fd88
08dc
0ac0
f895
0a64
e8b6
fc5d
0202
07cc
0f10
f704
f990
1039
039f
e543
2943
f413
0c59
06b7
2570
02d4
0a04
f561
f830
d3d4
083d
fce6
f415
0661
ff9b
2432
1573
17e9
0487
0442
f6ae
0ec1
e0d7
0b54
f329
13d1
e78b
efc0
08c2
f47f
f7e6
e7a9
1498
f86a
0a8f
0ad5
f630
f576
0569
1196
eaad
051d
ee80
09be
ff82
fc26
e6ef
0271
02b8
f6f8
f4dc
07cb
f20a
fa27
ead0
f6c2
d068
2418
d3ae
dccf
f5cb
da0b
cf75
e5c9
15be
ee58
f7f4
13a7
0c69
d5b4
e479
04be
0514
fc00
f382
1e64
f99c
078a
09ef
09b3
f81f
0544
db67
ee82
0411
fcc3
fd51
0eb4
f66b
ff3b
087f
0a1f
080f
f085
fcba
0b53
faa6
fca6
fe90
fd5a
41b5
eb31
fa5a
f469
062d
b6c7
06c8
04ef
fbba
0ffc
fc50
1e14
f61c
4317
ec52
0ef6
185b
f0d6
08ec
0435
1f93
0ded
fc98
fd7e
ee00
0936
07b8
2432
4426
16d2
1ff4
eeb5
748b
4c40
e328
d977
daab
f231
23cd
1874
ff4c
cfce
c70f
db41
14a8
21ba
240c
1050
ca9b
f439
2cc8
c60f
0d41
eb40
288f
e7da
3289
2cab
0365
c89d
16f2
11c0
c31a
ef9e
2e6d
94d8
f7d5
d837
c5f6
3960
fad6
0f7a
3b9b
1a4f
3421
44d3
1f4c
c385
a625
0b93
b4e6
0ecb
f97d
cbde
159b
da44
03bd
e37c
00f8
2359
f722
1d17
f1af
f581
2a1f
bd12
f8df
0f80
dd2f
1c4f
21fa
f66d
ddf8
e3c2
e937
ff32
2ade
d853
d019
ecf2
ffad
23b0
f5ce
f606
0bad
cfd9
e518
0eaa
e382
2934
f576
e1f3
3863
de84
52dd
d324
fd40
c0f3
0005
09e4
2304
0b98
016f
e99a
4070
f8e0
1265
097b
cdc2
1fb0
d333
07b0
f37f
2038
2a0a
085e
fbf3
fdb6
e75d
cb32
b289
021c
e503
32ef
e664
d46f
b987
0bdd
eeea
0672
fb71
00a8
0b13
1668
1f99
3c8e
454b
1e66
005f
cd1a
1058
2720
2b51
da3c
e69b
08c4
2c51
f922
0a84
152a
0cc6
f63b
c9d0
d00b
d3f6
f312
2cf8
f7c0
c131
ee5f
f873
466a
0f47
1fa4
2107
e590
29ca
e966
0b5b
1660
dc22
f4d0
134b
c431
06f2
2fef
331b
0769
2989
1fea
1a8c
cbb2
08f3
fb32
1cf9
042b
ecb9
e0e9
02b9
c317
075f
efcc
13f2
fd1a
d252
1318
2934
0635
26a6
ea97
f995
f3e9
cdb2
d7ae
3b27
e0c0
dc36
2cfc
43cf
2097
2759
0757
1b19
f8a2
c3ca
2c14
2450
ff75
1777
db95
f3d7
2260
2823
26b2
df0b
0614
b167
00d4
2912
e626
1397
dd2b
eb0b
034c
e420
f674
5011
0780
1546
1be7
2ab0
fa97
0e4a
f8e0
f41f
fc9a
db28
0565
e8e3
fdc0
23b7
0990
d483
fb36
2bb8
ff66
e823
42bd
e4c4
c9ae
031f
1f62
f312
1ea0
d5e4
f6b7
0fa6
f4fe
1fcf
1133
e573
ce74
bd76
eeeb
a044
d33b
f472
27c0
dbea
1a35
ede1
f6be
191c
f6f0
ef22
4f58
05c6
03a7
c0dd
2600
c5f8
e6b8
157d
ef7e
0557
e65c
0829
ff81
dd2c
f8e9
fb5d
0780
06b2
1712
0d41
118b
168c
3115
1b51
da85
dc38
5a77
15bf
3049
27aa
21fd
dca1
31b3
d5eb
1f96
ecad
1b22
0f93
f0b3
e5d1
fe84
fe1f
07c3
fb25
0483
f33d
01c0
0aed
f4e9
ef50
f93c
f361
fa8e
f0da
fce4
fddf
e53f
0f44
f282
f368
0009
0dfe
f83a
0431
05f5
ff79
f340
058c
03b2
fce9
1080
0487
f551
f73e
f959
02b2
ea65
f391
026d
0eaa
049f
f419
f7dd
fed4
0128
f27c
0dbc
f723
0820
0170
f890
03e7
f146
f6d9
ee7d
0c7e
0ecb
0691
f3e4
f34a
0513
fd7f
fe6b
0d80
02c6
051c
0dfd
fee4
05d3
0322
025a
052d
0330
fe74
0ffd
0a03
0135
fa0b
09fe
01b4
0315
02e2
fe7d
00cd
02d9
f1c5
031d
067a
08ac
fd7d
0024
fd2e
f016
fb5a
f2c4
fd52
0980
f4c1
ff23
0730
f676
05c7
f2d4
f00b
f615
fa7c
005a
0819
079f
00b0
0c22
0946
0bb1
fdb8
02ed
f8ed
1179
000f
07da
f8b1
08cc
fdfc
06a2
0bd9
f48b
ff68
052b
01e6
f777
fcca
0396
015e
fe3e
0323
f998
0846
fd5a
0212
e312
01b5
0170
0ddf
f671
fbdb
ff05
fb29
fcd4
f69b
f71c
01a5
0392
0943
f4dd
f982
14f8
0176
ed23
fdb9
f698
01b9
ffe7
f871
07e2
03e2
ff59
0616
0f5c
f74c
00ce
f601
0a9b
f3e6
055a
fab2
f317
03e4
f803
0539
f06e
0a8d
f617
034e
0106
0135
01d8
fc64
0200
013d
f089
0284
09b5
0a70
01d6
05ba
0456
f961
0826
f444
f3c1
02c7
f2b8
f361
04ff
0281
080c
f162
00ad
0186
074b
070f
04a7
fa31
05c0
130c
f9e3
01ad
08b7
0c5c
e4f3
fee0
1368
eebe
08c3
0e26
0971
fe32
f73e
0bca
01f2
fd5f
0b27
088d
ef94
fbf6
fe60
feda
fa32
fd72
06be
fccd
0cec
0362
fd81
12e4
168a
0466
018e
256d
12b2
ff35
0105
00d3
087c
0f2f
f7da
f216
fb7e
fb5b
f4f6
055d
fd4c
f5bb
f868
0403
00dd
e461
fe5e
f1a7
eb16
f467
ef0e
017c
ff0a
04db
fc1c
fbf5
f750
1469
f6cd
fdf3
f0e1
08ef
fe9e
f862
032f
fadb
01b6
0abf
e845
e1c8
1143
f656
fc93
f9f2
0027
078c
fa46
1698
f500
014c
f045
f7af
0a01
ecb2
0657
0c1f
fc75
00af
eecb
f02a
eb67
f4c3
10ee
f9f6
fc09
fde8
0a86
f74d
023d
02fb
0a04
0ee4
029d
0377
0b06
fa8e
f808
051b
0671
ec1d
0aa1
092d
0188
04dd
042a
faf8
f638
f12b
0b1e
0e26
0874
f967
023e
0187
f942
0213
fc95
061b
fa55
f7a1
f5f3
fcd5
06a8
de2e
0052
08af
fb45
ff39
f329
f1ff
f11a
09b3
fc40
0612
f64e
044f
06d7
0b31
0d23
1985
f752
0809
1032
0218
00e5
ff85
fdfe
fec4
08ad
0b91
f17b
f615
0713
f320
05d4
f5cc
fb8c
01a8
f699
0705
06fb
fb29
02ac
ee7a
fd64
01b0
0421
1a53
f846
f83e
02fe
0114
0489
fbc9
037e
fafe
0695
0202
f3bf
0219
07d9
046a
fc3f
0c79
fb16
01d8
0ef5
edc3
f37b
fb3d
fa44
ef93
06c1
f68b
00da
0798
0c1d
0507
016a
fc4e
024f
004c
0257
fcda
ff35
07cc
fc22
f6fe
0287
0346
fb9d
0365
ffad
0469
fa66
fef9
effc
f414
024a
f800
01b8
085f
0547
f4d2
f171
05d5
067b
f3b4
087d
09d8
fcd1
f5e2
0267
ff1a
f84a
fc3f
ffdb
0438
ff61
1a3e
fb74
058a
f905
0816
017d
0225
fe08
0256
02c6
016f
13e2
e2b2
05ef
06ec
fe0b
fc0b
0683
fbb1
069d
08b4
fe61
0435
ff18
0658
0e50
f76c
0062
0400
fcee
1c92
0e88
fdde
ff91
0767
1363
fd9a
f78d
0413
fdde
ed1b
f26d
f938
fd39
f808
07c8
faaa
0aee
0283
177f
1164
0f65
0968
f9eb
010c
f654
04d2
fc65
f8c7
fded
f593
f1a2
03bd
0b31
08b1
05cd
0b96
152f
01bc
026f
0a3b
0a8b
fd8a
fde1
f996
04fe
fc5e
eb69
1935
04bf
ff19
186f
f261
0518
f2cc
ff17
f42f
fa40
0b00
fafd
f5e6
04ff
fa2d
f953
fc63
fd15
0bc2
f9e8
0607
f9e7
04df
01ef
f14d
fd5b
0c2b
fe6f
1c9f
f6cf
01bf
057a
012e
ff24
fe16
04bc
06d6
13df
0464
ea48
0bfb
011f
ebe0
0418
fbe7
027c
0cec
fa80
0023
006f
fae4
0101
ff31
0875
e9f6
f600
01b3
efb8
00f8
eb61
0564
fcc9
071f
fe75
0a85
fdb3
0cf9
ec10
f36a
0c02
ee23
0702
e82c
f92d
fc90
fdd6
fbcb
f466
ec53
01ba
f122
0270
f3b0
0701
f842
f462
0717
07b7
02a4
f88c
1215
f4cb
feb6
fa6b
0756
1492
0845
fb8f
f635
fb52
0f8b
fea0
06b3
fdd3
00a6
ff8f
f881
eab8
02da
f4dd
fce4
04d0
019a
f700
085c
0aa2
041d
ff15
fc7a
f719
0a95
fd70
02c4
0b44
ea21
f646
0291
0365
070a
0687
ff3f
04ed
fabc
fc7e
0350
fd62
062b
fb7f
fefb
ef17
03fb
ed56
fd63
fd37
0e96
f93a
0ad5
fab5
00f4
ff0c
10fd
ead8
026e
fcbe
0e32
f688
0490
fc4b
fed3
0b53
fbc0
0302
feb0
feeb
0020
0ec0
073a
ef03
06e9
fd2c
024c
037a
f5b5
0225
1414
f3ae
0b0f
039a
f865
fd71
f808
1817
0099
ef46
00b5
f9e3
055b
f66f
f5d2
f97b
0057
0337
0272
0b67
fe11
ff67
143f
f671
0e8a
0383
ec09
ef6e
fb5c
fd19
ff65
f912
0813
f6a9
f6b5
0761
00de
fa08
f792
f7ec
fb40
eb04
f86b
0298
0da2
0269
057d
e714
f8bc
fe7b
f167
e717
f93e
ebb4
fa50
1040
01c8
229f
ec62
03df
ef4f
f7af
13c7
f32c
febd
fd32
f662
faa7
fbf1
e799
efd3
e7e1
f8fb
14f0
febf
fa08
fb68
d14f
ee21
f961
1285
fbe8
20f4
e6bd
058f
0002
02e5
057c
0a17
eb86
0fd8
114d
0d12
db2b
01ec
efc8
f216
2185
0eef
f545
ea86
f9f3
056c
fc8f
fcf3
f77d
f0d9
f0ee
ff15
02dd
05ec
f175
fdbd
ef47
052d
f9ed
ec57
03ed
fbda
f3c2
e92b
fee0
081a
035b
1363
f435
02aa
0ab0
e5b1
fcb1
00a5
f0e9
0b8a
f57f
e6fb
eed3
f780
01a8
f53b
fdba
ffbc
dbdd
f178
0972
fa75
10fa
0100
fe18
ef2e
e2ae
def2
0537
f6b9
f272
f867
0ad9
0463
e18f
ff07
fd95
022c
0856
f50a
10c1
f67b
03f9
12f2
fa15
0dc4
046a
0a7b
0174
fa14
15bc
f63f
0a12
0275
ef5f
0726
ffe8
f792
133f
f128
1654
f64b
0a06
ff5f
f889
fae2
fde4
0173
03b6
0200
fa8b
03a8
06ad
001d
e90c
fc84
fa2c
135c
eca2
074b
02fc
f9dc
1072
1179
038f
09f0
0518
f968
fb21
09ff
f5b9
fe92
fa21
0e5e
fd2c
09d0
fcd2
f481
06ad
02c7
1a06
03d3
05e9
e773
0dec
00a1
fe9b
f97f
05d5
0c7c
16d8
038c
0ce4
0b73
fd29
fab1
f05e
f0d8
f6e3
f65b
e881
ed35
1829
f995
0633
f2b3
194a
055b
f91b
ea03
f98b
0411
0d1b
f6f5
f166
f323
0214
02c3
e7cf
f613
e30d
0348
23e1
fe06
0499
0e7d
e37b
e549
f6b0
15b1
06db
0dda
f6ae
0329
f7dc
fe23
3230
07be
e63c
12e3
1508
fa86
c96b
fe7c
0050
f3a2
1b8e
1186
efe9
f95f
f71b
0e5e
f674
090c
1938
006d
0206
0ccb
0730
0121
f71d
033c
f996
ff24
f678
f61a
f1b1
f514
1279
139c
095b
f679
f729
f3b7
e3cb
0548
f59c
f46e
0d02
f53f
f723
f639
f709
fab6
e9c2
eac0
fb52
085c
065f
fb11
d7ba
f288
f43a
e5a2
fe53
1b1a
e96f
10a8
fe04
fb4c
f4c6
11f1
f19a
059d
1100
01ad
f3a5
ee3e
fba3
fa55
0275
04fd
e9e5
efdb
f3b9
f152
103f
0954
f827
fac4
ed03
f318
0c62
013a
feef
0343
034c
fd3a
02f2
e7b6
e43e
f669
02de
f1b1
f4e9
0a32
fb20
03fd
e13b
faa5
f3a2
ed0d
0ee5
09a6
fefd
fe7c
0a6c
ee35
f40a
ff6d
f0f9
fe4a
00b4
e5d7
dbb6
ef57
ff98
ef6c
047d
ebc9
ff24
f34c
edae
f043
fa1f
0ad8
f8af
0033
0544
f6a3
f325
f08a
12b2
0b3b
028c
090c
1a87
f63a
f836
1410
f68f
fc4c
089f
0467
0221
fc5a
0e97
e599
1645
fc5e
f251
0ba1
fbd7
ff36
1805
0535
0c9a
e371
1709
fa83
fb82
168e
f48e
fa31
f4a4
0767
0b80
fd87
0d4a
fe98
f068
0449
db6e
0245
0699
0384
04c2
0e2e
0543
03dd
123d
0a1e
0105
f01d
f7a7
dd61
f8d2
fb63
fbe4
1576
0953
191b
f272
fc6c
06dd
0446
1194
066d
091c
ef46
01d8
0123
fc60
05f9
0ab5
0076
ff98
0d4f
01a9
0958
f34c
ef9a
f696
ee6f
0a43
fd17
f17e
db5a
e5fc
02e4
13f3
00da
0c48
ff5e
fe82
e225
fd47
f7cb
f442
f45d
08a6
0150
0688
f1b4
03df
09db
e6b6
00e4
0863
0aa8
0862
fb06
ea5c
fa6d
f9e5
ec60
0798
0e58
f574
f427
f326
fc11
18d4
0f7e
f4e8
0877
1cbd
fe30
e2cd
ed3f
0ad2
0a73
0b8d
126f
f644
f472
edae
0636
0681
ebdc
0d08
0350
029f
e5ea
f853
f33c
ee3b
f163
0182
04d1
0057
01c4
f6f0
fffd
fe9c
074d
f16c
f399
fd6d
0dd0
e1f8
f9ce
00db
f867
f41a
fe93
00ec
0401
f898
f092
fc97
03fa
0ad0
f5e3
0395
ffba
0c31
f9fd
f998
09d8
efc3
fd6d
0026
0609
1103
f824
0a6c
fec9
0852
fdaa
f85c
ffcd
ed11
f576
0067
ed72
f4f6
02f0
ed92
ec34
ee97
1411
fed0
fd26
f100
fbe5
f39a
0f20
fefe
2142
f700
fd19
0095
fae8
0af6
ff84
fea3
fba0
099a
0902
0111
0799
1530
f546
0479
fee4
0459
fd80
0301
098f
0005
e984
f509
0300
f7a1
f58f
f4c4
0753
016e
01d0
eebb
00da
06f2
0387
00c3
faf9
f79d
07a2
f9ec
00b1
0667
f1f5
1066
eea5
f460
fffa
fc07
ff43
e68b
f094
0684
f857
05b2
ed40
07d2
f19d
01e5
0116
0460
056e
fe33
0aa4
05aa
ff00
fce3
0366
016a
04d6
fec6
01bb
017a
0805
029a
003c
f22c
0290
0456
f92d
fd12
07c8
f46f
0599
0a1f
04a6
067b
0123
02e5
f6a7
0804
0488
f6ff
fb5f
0afe
f962
0276
ff6c
0132
fcfb
0a52
fb84
010d
ff42
0864
ff15
0165
fd2c
f8d1
0509
00b5
fc69
f54b
f4fc
f4b8
f628
fd0e
0255
01c6
fb92
02dc
06c3
fff6
04d1
fa2a
fddd
0688
021c
041c
0b2b
f7bc
fde4
fec2
024a
04a8
0e69
0286
0120
04be
0f6e
eda3
08e4
02bc
2344
fb81
f5e3
073d
ff8f
f444
0849
0387
ff06
f0b1
fabd
0c08
f8a6
0e27
fc79
04bb
04fb
f7f2
07d9
0aeb
0626
fdfc
f130
fd97
06e4
0b75
1108
114d
ffe9
0cb9
f925
f1f9
09a1
fa1a
f80b
fca0
ee3c
fbee
ee94
09e8
f43c
09a8
0b53
f67b
f935
f2a6
fb64
0366
0fe5
fe6b
ef5c
0416
0018
ed39
0306
f6cd
f6ed
03b3
fd9d
029a
fe39
f018
f63b
f87c
09de
00e5
fe90
f3d1
0c70
061c
fc2f
fcbf
0af6
02ff
0bf1
fd7c
f108
f940
ff5d
03d6
fbee
11aa
0aab
f5e5
f530
0074
f83c
f89f
fbe1
0c9d
148b
fa2a
0aac
f946
fd17
f84b
06a9
0c37
f73a
084a
0fb5
edc3
09fb
f76c
0090
f3aa
db44
0537
f9c0
fecc
ff39
04b8
f25e
0c1b
001c
0e19
05d1
0a64
ffb5
01e1
f807
f7f3
fe26
05d8
f7b4
fc22
0491
0623
fbc0
ff6b
feab
f71e
084b
0bbd
0c93
050e
fbdc
0e61
0014
01e4
07b1
f4a4
fcea
f910
e6d9
f0f2
00fe
0490
f3d9
0074
f6a9
0638
fd17
141c
f7ce
f74d
0a85
f630
0207
f16a
0695
02a4
fc21
0dc3
19f6
f97e
1cfa
09ba
04a5
0120
0485
ec21
f492
0319
04ae
f897
0386
03c3
f74d
039e
f6a9
fe9e
0053
f7b8
fbc6
0c00
0873
f9a9
f8fa
0da6
0152
002f
0d8b
f2c1
fcbe
f86d
ff6e
fe0d
f69d
f561
07ab
099d
0ff1
fa14
f945
f975
0217
f4b7
08e4
fc6a
05d5
fd49
eb0a
02ef
f0af
fb58
efe1
06ae
ff52
faa4
0a91
08da
122e
fe31
033a
f6b3
065c
fbce
0147
f569
0902
f9ca
0562
fdc2
0c5c
fbbf
fe41
f8a9
0588
fa63
0134
ff12
f693
07ff
f8e3
0d47
0ac9
f7d4
ea77
ed94
0346
ffac
fc8c
fa86
08a1
09ec
f1be
0414
f983
f5bf
0349
0858
fd1e
0c9f
1426
070d
fc89
090f
fb43
f583
0463
fb6a
f36d
09aa
0fe1
09c4
f223
fbca
14bc
0045
fd99
1d5e
0578
fd25
0462
ffae
f83d
02c6
fbac
0304
f2b9
05a5
177f
fd42
1aea
0a15
01ff
fe90
f82c
01ba
ee3b
f827
02c4
0804
0f2e
ee95
f17f
03fd
fab4
f250
0119
f3b3
f2ab
fa2e
1165
f801
f395
fad5
f066
f3a4
f72e
f112
fbe7
f088
0d84
f541
f5f6
f401
0e98
f065
fa9a
ffbf
1b48
00e8
0040
0418
ff7d
031c
0fc4
f0da
eb3f
1087
0831
09b3
f296
f7d3
fa39
fff6
0a9e
ff9c
0170
fc6e
edae
11f7
f6bb
09e8
0726
01f7
f226
f55e
f67e
e701
fb31
0dd7
f1ae
09b5
ef16
0adf
06d2
fe70
0280
05b7
0b8f
0466
fe90
00bc
fb61
027e
fcff
0329
0ac4
0d65
111e
080e
fea5
0546
f758
fd90
f243
085d
0c26
108b
f8f9
fa41
081d
0072
0019
0328
0eaf
f6bb
0a75
fafd
fb68
062c
e2bf
f9b3
1188
f9f7
09a6
f82c
0443
ee0d
fc03
0de0
fdd8
feb5
0393
0daa
146b
ff91
02db
fdac
fe5e
0f08
0a7f
04c0
fb90
00f8
f5e6
019d
0e23
fad4
f75e
f612
f953
fe69
ff8e
0cdd
fe15
fb64
0b59
f582
fe40
fdf1
f5c3
f4dd
ff20
0000
0429
fa4b
f6fd
07ab
f560
05d0
06f4
0182
f7ed
08ba
fe41
f6d0
0542
0cbd
0357
f98c
fbb0
f9ac
05ce
09a7
09f5
ef76
0ccf
020f
fe76
0c0e
f40f
05c1
f9ce
0cf5
f07c
f5e1
f69b
000f
faf9
fb98
f822
00da
0bf9
fe3b
f822
0204
043d
fc18
02f5
ffa5
fa90
0177
eb46
fc79
f441
02f8
faf9
0014
0019
01b5
02b8
f645
fbb3
f9b1
ffc5
0e64
07a0
01a8
fb12
fea2
fdd6
fe78
fd3b
fb02
0110
0320
0f12
f89b
047a
fc17
0da0
fae3
07cb
ff15
faac
0538
0478
0be8
e5d3
040f
f7f2
0f85
0359
0d5e
fcf3
f6a8
0341
024e
00f6
ff77
042c
18b1
0741
0387
ffca
ff47
01c3
04f0
0cf2
0b2c
fb3e
10b8
ffbc
f229
0494
0160
158d
f487
038c
0071
fc64
ea2b
fd9a
f07e
f22e
f625
12c3
03a1
f66c
fe59
f1b6
f7a1
ea62
ee54
002f
ff11
0d70
f6a6
f729
feb4
118f
eed5
fcce
0103
1b3f
fc45
fa12
01fc
fcca
f7fc
0c54
f6e3
e8ce
101e
161d
06e2
f751
fd91
00d7
04ea
0438
f718
fef9
0977
f101
05d4
f71c
fc3b
001a
0127
f891
f826
f9f5
e72e
f849
0512
02de
2148
efae
0a28
0350
00c9
0469
0306
06da
0134
fcfc
00bb
ef50
0599
fdf2
fcb6
fa21
f295
17d2
feee
0341
f5ff
fc44
0580
ec43
013d
053d
0d88
fca1
f6e8
0477
fdf5
fd28
e709
07b3
e8f0
080d
fae3
f605
0c70
ea8e
f7ef
139b
f3fa
0740
f23a
00c5
eb01
f1cd
052a
f21a
0854
fdb9
068a
0d20
0160
ffeb
f2ae
f685
13ad
093e
066c
03a8
0072
f86b
0736
0db3
04a4
f521
ff7f
f869
0093
09d9
0453
0107
0481
009a
f5e3
fbe3
07fc
f151
0bb7
ffa6
fe53
0140
0207
fd5c
0b3e
050a
086b
08c9
08aa
f10b
01af
f7f9
f6d5
0f8c
018e
07eb
078f
fee1
fd2b
16a8
05bc
fea1
f48a
0122
014e
f7e2
fc50
0267
0529
071d
037a
f2af
ea33
f516
0653
fed5
01ac
fe8f
0afd
022f
0403
f6ed
05d0
0fa8
04cc
fda7
03ec
0287
0dec
ee82
06d4
ecd3
f8df
f535
fc12
fe1f
0a40
f353
f958
f5d0
0ad2
faa0
0220
0247
0128
fa36
fc79
01a4
013b
01a6
f610
fe9b
05d5
0a72
feb9
0d5e
f446
088d
fa11
fa8d
f7b9
f573
ff9d
fce9
0c46
ecf4
0a32
e97d
075e
04b3
0208
f9e4
f948
0512
fcb8
00a8
1bcf
ffc3
0dee
0261
fdb3
0576
f9e6
11ee
f44f
1641
0097
f15d
095e
0707
1117
007c
04de
1346
f478
e3dd
043d
f67c
f9ad
003d
fac7
fcb1
fa71
078a
fdf7
faed
01a8
f7e9
fbda
0671
fc37
01ff
efc6
17eb
fa30
f9b0
f69c
0d44
01a8
0ea3
00ca
086e
019e
01d6
05c6
fba5
079e
1714
fc81
ffdf
042b
f0b1
00e0
e797
0137
180e
0123
10af
004c
f9c5
db16
041d
1631
f971
1676
1141
fe2d
062b
f8ba
fc8a
f5a2
ef37
11a2
de60
f0f8
f85b
05c3
0aff
017a
ffb2
0908
0377
0697
09ee
008e
ff16
0156
0057
0c63
00fa
0894
032b
0d3e
fb73
08c1
f9cb
fa30
030f
fe73
0b9a
02e2
03d1
feab
0c20
0172
0278
f930
06e4
f8e9
f649
f4a5
094a
03f4
f181
0c47
01ae
038c
fd1c
0413
fe07
ef50
0265
034d
ff97
eb24
0ab9
0605
0e70
fd0e
0bcd
f606
104d
0a35
0504
0156
fe11
f44d
ed46
0163
1348
f1d6
01eb
f685
fde5
fcd5
f885
0aee
feb2
ec12
0588
0539
02b8
01dc
003d
fecb
0081
ffe3
02be
fd86
f657
052b
f8fc
fad0
fade
f031
002b
0ae6
0faa
f886
fd1f
0323
018f
edd2
0633
fb2f
0207
0230
e92c
0456
f9f7
04f3
073c
0d90
f9df
0d7b
f56e
1475
f4eb
06fb
00f6
f710
fd8d
f604
fa00
0191
0d9c
f96a
02c0
fb95
fcdc
f598
0ba7
0531
f682
ef29
01f5
fda5
f731
0d9f
f9de
075c
04b5
0419
fb98
f39a
fbb1
fb42
ffea
06fd
0dae
093e
0264
fb0e
0287
0393
0010
f142
ffa8
ff3b
10b7
fa00
f682
08c2
1c9c
fe7a
0a8f
f766
011a
0204
15c6
0c57
ec69
fde4
0572
08db
fe80
2e1e
1020
f9aa
070f
fdb4
f9c1
e20d
03b7
0b95
0563
febb
05eb
fef9
11ce
0de3
0590
fe9a
02df
0ebf
ecd0
ed13
09bf
0d0c
e9d9
f18b
f618
fa00
014b
f8e5
fbf4
f50d
0cc5
05d8
09b3
0bf6
0912
0f08
0223
017c
20ee
fb16
efc1
012d
f7e8
f94a
fac4
0122
06d5
fcba
fd0c
fc73
fc6f
099a
f6e1
1483
f940
0b20
ff70
01ed
2212
fb73
116d
fc5a
ff68
1c3a
f715
0de3
0db6
f30a
fa90
f305
0ff3
ef53
fcdb
f45a
00f1
1443
0ea0
0879
20ba
05f7
0ddc
e8e4
0a08
ef6c
fd2c
ff2a
096c
f2d5
112c
fc4c
f9d0
fa81
0683
0384
00cc
02b3
0127
005d
ff0d
0c0e
05e9
13cd
ff33
0bd9
056b
03f9
001d
f183
f58e
f9df
128a
ff8f
f47d
0a9e
ec75
044d
f69b
04d7
fd55
e6d4
f7f7
fa00
0738
1167
0302
07da
00be
0e6e
f060
0617
03f6
e0c8
ba34
fcb4
0ea4
edcd
ff2f
f580
f452
0f3f
fb81
0211
fc23
11cb
0442
f874
03e7
f8ea
01b0
f8f7
013d
fb23
fea2
066f
fa87
fefc
0062
080b
fce3
ff48
0284
0155
0325
fe82
ff79
fb7e
f4ca
fb73
0645
fde8
edf7
fd1d
0852
ed4a
013b
0a78
f8e8
03a9
0754
ef4c
fb3d
0c2b
fb35
1515
099c
f669
16ce
fd56
fd44
03fb
09fb
012d
fe23
0108
ff4e
f3b7
02f9
0756
fa2f
015b
fa55
0311
f676
0399
fce0
0312
0f2d
fb85
feed
f70f
09ee
ffda
0253
048f
ffeb
f16f
fe9e
0139
fa0d
ff60
fbe1
0056
027d
12a0
04f6
1193
0a48
1477
f691
0edd
1e68
0d28
e2cb
0e9f
03c5
ea8c
f76d
0ed0
ff0f
0a51
e89a
03d2
003a
18ac
09e0
023b
095a
f9c4
f8fd
fcc6
003f
02db
09c7
09e2
12c0
0b7f
208d
3fac
0596
edd0
f676
f663
09b0
f199
0282
f728
fb14
0ef5
ffab
0265
1294
0f64
0a62
f26a
fd97
f5cb
f974
060b
ff93
f47a
f0b4
01ee
f3c8
064f
f8c3
0baf
fdd1
06da
032b
092f
fdca
fe74
ffda
f918
feab
fb9a
010b
f272
07c4
f61a
01fb
01eb
fa73
01df
160b
0a62
0383
1347
0ec9
fc71
01a6
0168
1794
feeb
02cb
fb91
121f
f44f
f582
1253
023d
0677
f2a2
06ec
f124
f04c
09b8
0812
f649
0f27
084e
f7b4
06b5
f783
0a5b
eade
0457
0b83
0352
fcbd
f0a8
05fa
0ddc
0628
0749
fa02
0065
ffd7
08e0
0233
f593
0895
0884
081d
ff47
f210
0225
0d39
f5d0
fbfc
0388
073d
09ba
f52c
0204
fcb5
088e
043d
0a5d
0830
f72c
fc2e
03a1
ec74
fcc2
edbe
0547
fbd1
051e
0162
0752
fe11
048a
025f
f0ed
f12c
ef7f
0863
f6bd
f441
026f
fb27
0552
f66c
f732
ee34
fd9d
0579
fb2f
fec2
08f8
f7c4
fd56
0104
0a01
f55a
0eec
fad3
fefa
f58a
06c6
1121
fbb6
ebc4
f0a6
fdc9
12be
07eb
0590
eef6
008b
ff83
0470
ed09
fbf5
fa2f
00de
fd19
fe53
f0d4
04b5
080e
0ee4
fc16
f91b
f664
039b
f607
0021
f421
eea0
feed
ecc1
0975
0355
fe43
0946
0fdb
fbfa
0b53
fd5c
095b
f107
fd39
fbd9
ebb5
fc3f
edcd
f732
0706
0d80
facc
0b20
fb34
06f8
0205
07e2
f610
f798
f915
0aaa
fbf8
03a5
066e
f8d3
0d30
05fd
ffac
f8e3
fa18
f99d
034c
fd8d
f3b4
0f15
0990
fba7
f9b5
0470
0596
0f18
f0c4
01af
fcc9
f949
f632
f12c
14ae
0622
f44e
ff1e
f90c
0541
0016
0392
f9ba
fd36
02ab
00a3
0a66
01ba
1d71
1131
f545
02c3
011a
ea2d
e449
fc03
ff3e
06dc
f894
07f0
faa2
fa27
1395
0120
fbc4
fda6
ff56
f84f
e294
ffdf
086e
e9bf
f9fc
0067
e9bb
004c
e321
0011
ed2d
00e7
fdcc
f73c
0845
1196
ff89
ee72
f727
1064
fdda
eaf9
fc72
ff9c
05f2
fa8b
f0fa
107e
fb87
ea44
f48a
0bc1
0cf5
ee19
0e13
f4ef
ff62
fa4b
017e
1dc6
fea5
077c
fe5e
000c
105c
fe2e
115e
00ae
e8f6
08b2
fefe
ffec
e12a
01fd
edf9
f41c
0d7d
1011
01b5
fd7c
faa5
0828
e153
fe22
fa9e
f330
fad0
0926
fd40
1232
f881
fe2c
f269
f87d
ff86
f046
01a0
e758
f94f
024c
f9f7
1010
0b40
fef8
0717
01ab
0ce2
ed61
03b4
fb4a
f123
025a
fb2f
f8a8
f912
f059
f620
f5df
f9fb
f958
f0c5
f745
089d
fd35
05c9
0063
f86a
019f
00c2
f8d3
086b
ed85
ed81
e617
00cc
0ac1
e17e
fef8
e6ce
f714
0456
f00a
0a43
03ea
0d51
f6dd
f576
072f
02a6
0cee
08ae
fcc3
00a8
fd98
011a
0212
f6b1
fc56
0ec1
f9a2
04d7
f51f
04e7
0499
07bf
fe79
008c
ea91
08bb
0628
fda9
08af
0600
0525
0b39
f133
f9f3
f100
09c8
18a3
f306
feac
0f45
f922
1c66
0e43
fa9e
1105
fa70
fb69
0189
ffee
e320
09ba
fb89
07b4
ee12
02b1
011e
0330
109a
f572
0eed
02f0
09f7
f174
07fd
f67e
ff0b
f479
fe94
fd10
03ac
012c
0b99
f4d4
039c
fb4e
ebb0
0009
f7ab
f915
fd55
0335
0e60
e0e9
0991
11b3
0628
f642
ff12
13c6
04cc
f3bd
0f45
07c0
f8a7
fd24
0585
0137
038b
f4e0
eb63
0387
2bf0
f174
013f
053c
fb10
f4b0
f901
047b
0582
faf0
fc25
135a
05b6
0dea
3e00
077f
e9fb
0584
0a0c
06bb
e285
f843
f476
ed5b
119e
0a7e
f9d5
1203
0b45
0299
eccd
0a49
0b43
0540
100b
f78d
0944
f0df
f279
027a
08ce
0891
1238
fafa
012d
02cc
f36c
f71a
002c
f609
f418
f217
0a39
fcab
f8b0
f9a0
f521
f928
0313
0cb1
030d
0838
ff2b
fcce
04a0
fd43
0334
fac7
1c4a
e6cc
fb1c
fff3
fba0
f877
f876
0085
0e91
0460
fa7c
f165
fada
fe2a
0138
f2d1
fdc0
f3c1
01f8
fd2d
f4dc
09e2
fa16
fe58
fc07
0814
098e
0395
f51e
f426
0123
f71c
0b10
0d12
fb37
01e2
00f2
00de
0d10
07c7
fba2
034c
f783
0448
1165
0864
0299
0b61
03f5
0504
031c
109b
fca5
0885
fe42
f550
0aea
00af
0306
0263
1657
fb82
f25b
01e1
089e
fa79
0b21
0508
eff1
0e08
069e
0ab5
04a0
f142
f916
048c
f391
065b
fce6
0b35
f45b
051e
0165
0288
0243
07e8
04b5
ff95
0c2f
f13d
03e1
072b
02cc
04a3
ec3e
00ed
fdb0
0735
0026
f8bc
0236
f7a0
f61c
fb76
0399
00da
ee7d
0bed
e931
0662
feb6
0bdf
f8f6
feb1
fed2
f781
fcbd
ebd2
f8c5
08f9
03e5
0c5b
00d4
f0d9
f848
04cc
eea4
0c82
00ec
f00f
f83f
fbdd
fab3
0438
fa10
03de
057d
fe7c
fccc
f9ba
fbb3
fced
0cb2
fe33
f41e
0295
fa80
07bf
eecc
14b1
f17f
0458
fb49
f5a1
fa60
03bc
fd80
ff87
eb04
fffb
f717
0595
fbdf
010c
0824
08c1
04ab
fd32
f6ec
086e
f93a
0735
08fd
fe4c
f8c3
fe59
0774
04b1
f7fe
0b8d
05a9
fdf2
0607
0df7
03bb
fd5e
0d30
08c7
00a1
fee8
f9c1
ff5b
206a
eef4
fd04
01f8
f899
1164
0729
031a
0a50
04bc
f6a8
fda2
fc0e
fb0b
f937
fcf0
fb8c
feee
fb0d
07d3
05e8
1022
0c72
fb91
0204
1bcc
1153
0b15
ede7
0381
fe9a
f00b
0869
ef8b
f704
ff5c
0c66
0b19
0a40
013f
0238
0476
efa1
025b
02c3
fc3f
f7b5
fbd5
03a5
0013
fd67
f5cd
fc38
fcb0
05af
12a3
ffb8
0208
019c
fb9a
02a1
fc3c
02ed
f7fe
17a9
dbf9
fd7b
060d
f364
fd09
ff71
0587
1655
009a
fd79
f1df
fe12
fc0b
0c7a
f0b9
fe22
f9f6
f354
fb97
fba2
0cfe
0152
08f0
044e
1aab
f824
040f
eb63
f3ee
04b6
fa1e
07aa
095a
f587
fbc3
fc3d
fa5d
071e
0bd0
0166
faed
f803
0430
22e4
093f
0292
0665
04fd
0bc4
0440
13fa
f835
0574
f844
1404
00ee
fa4d
0606
008e
1eb8
f8ae
f0e8
fe6e
0338
f1b3
0064
0326
e892
0a57
0f0a
0740
0c65
ecd7
0070
0ec3
f0ea
fc0d
f928
0c21
f23b
05e8
f5c2
fd79
090d
0161
054a
ff20
0e1b
ff2b
07e8
07e0
fd58
f83e
ee16
037e
fc87
07a0
000a
fb8a
fe78
fd26
f9bf
0296
0343
fa5a
ea2a
0578
df70
03fa
fd3b
091f
f6c6
ff48
f9cf
f19a
f945
f97d
fc13
0912
fc6b
05a9
ff3f
f331
ee87
ffa9
f1fd
031d
0ab6
eb9d
f738
036d
fae0
06ea
fd58
08d6
02b6
025c
f31c
f82c
f98c
fbed
115e
027a
ed33
02f1
075c
08bb
ebaf
0b11
fa04
05c9
fca3
f2a8
0146
06f1
0352
00e1
f9ba
fde2
fa72
1143
f01b
ff5e
068a
020c
fcd7
005e
ff80
0484
f685
0af2
12bb
f659
f92f
0184
fa05
00bc
08ed
0eeb
08d6
f7c5
0afe
1125
025b
f999
0978
02cc
0377
fd01
f8e0
01c2
118d
eda0
f73e
08d6
ea14
1625
0cff
03bb
133d
0cef
fb6d
0342
f928
fc6e
eed0
fa7a
ed72
0330
f1c0
0064
17e6
02fc
0cf5
0021
09ef
32c3
0a1a
09f3
e6bd
008a
ff0c
03d6
fca9
e0ae
fdc9
fad1
0203
fe2a
0628
f627
0908
00cc
fe11
f633
f935
fe41
f598
f467
fa8c
fb3f
f3e1
1bc9
f060
fda2
fe43
0929
00f4
0e68
0608
0338
f793
0343
fc9c
00a1
1325
128c
02ac
fda2
f659
020e
f4b1
e702
03f2
111e
08e3
f615
04d3
fa83
f8d1
fa04
02ab
fc48
1e18
0141
f466
fef2
f9e9
09aa
f6b8
04d0
099a
f8f1
04d4
f6c7
0353
0286
0a28
0b41
ff11
0136
0188
01e6
010d
fa48
0921
ff4f
038a
022f
ffd2
0601
05d2
fab9
f0e4
03ee
00cd
09a8
f6d5
015f
ffc5
07f3
03d0
0319
09d4
063d
e4d6
000c
ef4d
03d1
ff3f
0550
01cd
fcc8
feaa
0491
fabf
034c
fff1
f2b1
f008
fb10
0457
fe2c
fe71
00d5
ff84
0733
ffae
f741
f725
fd14
0230
0041
062b
0c0f
05bd
fb67
0003
0a85
f297
052a
f2eb
07df
f95e
fb75
08f0
f9be
fcd0
fb81
f1bf
0eaf
f349
04a7
ef4f
0729
01cc
155f
f1f2
fe8e
f944
f8ad
fd69
f977
fb8c
0af4
02e1
0b01
fd16
ea0c
0e81
fe46
ea9a
f7b5
eb85
f661
f215
f218
055d
fde1
fcd8
fe18
11bd
02c9
067c
ef61
ff91
ddec
fa88
0372
f194
03b9
efa3
039d
0113
0e69
f3b5
0a05
fe74
0eba
09d8
f5b5
eeef
fe70
f206
fe70
06fc
03fb
0332
09f8
0265
00f9
0545
f36a
f84c
f837
fbfc
f877
fdad
01dc
0def
f6aa
fb6a
01d1
0334
1335
fbc2
f651
ff84
0c36
ff4e
f801
0b30
148b
e0a7
0019
0735
fc02
09ac
1ac6
fe88
fd0a
f08c
f941
0521
fc3b
0c5c
0958
f37c
f969
00d9
f5d0
f48e
f5e1
ff1d
066e
0eb5
07bd
fcc8
0167
0513
07ef
0315
09b0
0f44
fb53
f9b0
04b8
0161
fc01
f262
e615
f90d
fc55
02e1
10fb
f72a
f158
f72e
0092
f76b
066d
eefa
f9c9
0075
06b1
f416
00f6
fa38
003a
ff07
fbec
05a5
1c13
fc9f
fc16
f94e
0a5b
0a69
ff07
0bcf
e841
08f2
0fea
0115
fff5
f88b
0146
fdab
f8f6
04ba
02b3
f7b8
fed4
f5b4
036a
fea7
fa61
0617
f52e
02b6
0a9f
ff1c
0350
f711
03ac
f997
1657
f5b2
f7bf
efed
faa5
01f9
fb78
0bcf
0ac1
fdf1
02bf
0697
00e0
fa0b
fe5b
031f
f9f4
fad1
17c9
fb5d
0b90
049a
f304
0405
066b
093e
0604
057e
04a3
0375
ea80
0387
0697
fda3
fe7a
eefd
fb0f
fe86
f4c3
f88e
ffd1
0799
fcd1
027d
0275
fa80
08ad
f8d2
fcf7
fd4f
051b
fba7
fec4
01bc
079c
fbc4
01c4
04b8
0644
04dc
f94a
10b8
07ec
068b
e2e1
f63d
f540
07d6
0ef5
ff7a
fc00
fa78
064e
01b5
000b
fbf3
0583
fd88
0ab1
fc48
fff5
f9eb
1588
fc75
008a
ff1a
0483
0214
f74c
0098
f80f
00fe
0467
0324
fe0e
fd3e
f858
f93a
0511
073e
072c
fb5c
f5ea
00e2
04eb
f88e
0cd1
0084
0a4f
0a5a
fe65
f9ec
f86f
f4a5
006f
fe33
010e
feeb
feb3
0163
fe3a
06e8
f7c5
fd74
f63b
f8b9
fb3f
003d
fa32
0198
f4da
f7d7
fdbc
f939
f61e
01e7
05ad
f923
081c
04ca
02be
f907
f8c6
0152
01b7
f9a3
0b3f
fd34
0239
ffd9
049b
fa70
0c4e
155d
06e0
0e71
fc3c
0369
2314
059a
0906
f6aa
2153
fe51
fe1b
0ea1
f0f0
0104
0be7
03e5
0523
fc0b
fa14
0639
fa8a
f684
ff69
f59b
123b
f694
05f1
fc1e
02f3
009d
02ad
0a5a
0194
fadf
fc14
04c3
077b
fb12
1bb0
fc91
fe31
f68e
0cae
0316
fae7
f5bb
f6c6
f880
f44e
fa21
17e5
0117
f5f6
ef8c
0581
058b
0e3d
0296
f188
ecf4
0699
06e3
fa67
0dea
09d4
f706
fe14
f453
0e38
e8a4
f70e
f3d7
138f
fe64
f78d
fa49
e7a6
0d51
011a
e96d
06a9
10d8
f1d8
f719
084d
06f0
08c3
0c3f
0c0a
f42a
fe18
f131
0bc6
0442
02d3
099c
ff1c
0d7f
05d0
f354
f461
ee44
12f0
06a9
fcbe
fb0a
fd27
fb3a
fb29
0172
1129
fce2
0375
0656
f29a
1086
fc07
fc11
0196
f216
0cd0
02d7
0bad
0771
02f3
0b3b
fb71
0cea
f301
0ece
0c1a
fb22
f130
e0e7
0dff
f942
fad1
fec5
067c
036c
047b
ffe4
f29b
0e99
f003
f8e7
fdc1
ebcc
035c
ffbe
fae6
fc20
f58d
06df
fd80
f8d7
00ce
0753
0870
f5b1
05e1
fd6b
f228
0cc2
014d
116f
f5f2
f819
0836
07c9
119e
f6ee
f5b7
100f
00eb
01f0
0346
fe9c
fbbc
f6a4
046a
0e09
0c72
fd2a
1b83
ec13
0421
f8e0
061a
0b6c
f80c
089f
fff3
fa30
eeff
0352
07da
fb74
fe52
f2b0
03d1
f960
fca5
f4cc
f869
01c7
113f
0246
0493
f9a9
ff00
f3f5
0a48
00d2
fbad
fa3c
f71e
0dc9
fb91
07c8
fca2
0400
fe3c
0336
fa52
fe0a
09fd
ffa3
fc9d
fcce
f9d8
03f3
087e
08f6
fa1c
0927
fa5d
0871
fa9e
03ae
f861
070c
083b
08a7
107b
0424
041a
fa7e
16f4
1971
0242
f796
09eb
0337
024f
1058
fbda
febe
09b6
f5b0
0ed7
f1d2
099e
f606
1819
0a69
0086
051e
0870
0ca3
0ea2
0d53
0247
0b7e
f8d3
f2e7
fb80
0399
01b3
ffde
18fe
f90a
00b0
ffd6
fc65
f7f9
0763
0bf3
fc36
0609
0209
f882
03f6
ff37
10bd
0ec1
088c
031a
034b
efbb
0d3c
efa5
f841
0448
0847
0aa3
fdfa
f8f7
fb53
10ce
f612
055a
f7b9
f4e5
0434
f211
ee32
08d9
00b5
eb3d
0ee6
1327
f0d2
095d
fe01
0ed9
04fd
f995
f852
fae5
0e7a
086f
feff
0844
0a0f
fedd
ffbf
eee4
04f2
0a79
01b2
09b2
211e
ffcf
fa86
02aa
f66a
0302
0efd
016f
0680
00b4
05fe
f7b9
fff6
fbc6
08c4
f958
ed64
088f
090a
f67f
f3aa
0894
0653
f1aa
fff5
0096
fb01
09c8
013f
f231
129d
01b0
fd32
0441
f8ff
08b3
17ba
0bf4
eb5d
fbc2
0827
0093
0ae1
0781
fdfb
0a8d
086a
0363
0650
fe21
fcd2
0240
02a3
f15f
010e
fbc8
f98b
068a
0347
f6d3
017e
12cd
0629
ed74
f132
fe1a
08d4
04f7
00c4
0df1
0650
fa8d
fc0e
05c6
f9d8
faf6
03e7
01c1
087f
02e6
0151
04fb
016b
fb85
064d
fca6
ff86
e8ab
f997
fb56
f79f
031c
11d9
0018
f9a7
064a
08bc
06e9
f469
f7f0
0b3b
0337
0cfd
ebc7
0817
0239
fa18
fc48
ee7c
f63d
ff66
f9aa
064f
f353
fcf6
fe44
0276
f9ef
06a0
ffa1
00b2
f610
fc4b
018e
0050
fd03
0924
0cdd
f59b
f814
04ec
00e5
08ae
02a3
f587
f935
0698
039d
058c
fdf9
0001
f932
0ca9
f508
0471
00a6
0511
f7d3
09d5
fe0c
08cf
f8a9
008a
f2d6
f841
fafa
f772
0924
fe7b
f94c
eee1
048d
f5a0
fb7c
00f6
0cc9
eae4
fb10
fc14
ee35
26e5
079a
02f9
10f1
0de4
ffb1
02c7
f2a6
16da
fa61
feb3
fbf6
ed44
1313
fdf4
fcd2
fc26
f35a
1224
155f
f41e
fbad
1f92
fcc9
0386
01bc
f826
0cb4
f28b
fbc3
0d25
00b7
20bc
0276
14ff
0438
0bb1
fdfd
0b9e
fe04
fd0f
f7aa
007b
04a5
eae4
f3ca
010d
e8ba
fc1a
f83a
0749
fa43
fefa
ff88
e8dd
002a
f84d
008e
fa6d
04d3
0361
0559
f7cc
011c
0115
02b4
ffbc
f8cb
0763
f298
fc6c
f2a5
0322
04bf
fddd
0292
fff7
0c91
ebde
f8ad
01d2
068e
f40d
fd9c
fe5f
03e3
f70b
fc09
0759
f2d1
01cc
f6a4
03f8
eed7
f9a1
ffe2
034d
0c03
0689
fc5c
f853
fb03
0dd2
03f7
fe39
f21c
f383
0d30
0604
f1fe
022a
fd19
ff70
fb0a
07e0
03ec
ed6b
fece
fe72
f582
ffa5
04e8
0f69
0a2b
077a
001a
f8f0
0190
f454
007e
f7a6
ff09
ef0a
fd45
ff02
f216
fa56
f9e2
fe3d
fa77
fbef
f9cc
f3db
048e
032e
fd11
f077
f83e
0138
fba2
ff16
f494
eebf
fddf
e98d
f81c
038d
ff57
00c8
fea0
0803
0229
f298
07a3
f930
0a0e
fa30
f8a2
ff89
fb96
0f05
00fb
031e
fc2a
f4e4
0c3a
0481
f829
01c6
fb1a
fdee
fc92
f57e
fc67
03bd
0031
0032
fe0a
fdf0
0a7e
0202
05ae
1187
0bc2
054d
036e
f8c1
fe97
effc
1520
0829
fca5
089f
0733
0e64
0a36
f882
0058
ff1e
f77c
00b5
fb78
00a0
f193
033f
0151
04bf
fe7f
ffea
fb70
05ab
035f
f0bd
fa81
fe1a
0567
008e
04e3
f6ce
037c
f5d7
f333
fed0
f5cd
08d4
03db
00d1
fcbb
fc3d
f8b2
feda
f1d7
02a7
ff73
fb0a
0727
f400
0b44
037d
08f9
fb2e
fcd3
0668
04fa
00f9
06b0
058f
fe3f
fe8c
061a
f4b5
026f
ff4b
0075
07d8
298a
fb7e
ff38
06f7
04b6
f322
f6dc
f896
0d4d
ed1a
faa2
0ebd
f587
066b
0cfe
0c71
f18c
0140
0218
0499
f9ea
efb1
f560
fac2
062e
0c6c
fe7f
fa6e
fc12
0a34
fc78
0af7
fdd9
0aa0
1af8
0226
f87c
0ab7
ed24
fc70
f985
17ec
fab8
015e
fe5c
f55b
0190
ffe8
fe3d
0307
0a9c
0162
0aba
fc50
fedb
0e11
0b1c
ffb0
00d8
08ca
eda5
ff9e
eb62
06c1
0002
fc9f
0eea
e8f1
0bf1
0415
f39e
047d
05c0
f314
0871
06f2
0d80
fee8
ecad
0919
03d7
fc42
025d
18db
05d4
0be3
0e0f
1403
11bd
1537
ffb7
0441
f8db
063d
fe3b
f920
f737
fe35
068d
0694
f2b5
042c
0238
040d
00a4
0559
0776
e9a1
004a
048a
e3cc
0466
f70e
0f4b
19ac
fb21
0304
f77a
00a7
f287
085f
f9c2
fdb7
e437
e633
138c
f0f3
f5c0
f2f1
08b4
f011
fde5
f26d
f199
0e0a
0b10
f557
ec6d
fbfe
04d6
e83c
f782
e6c1
ed13
13b5
ee4e
f50e
ff36
07cc
01c4
ee39
1520
f492
0108
091e
f260
1b7c
0530
e293
fd76
ff27
121e
0728
f61e
09b8
f404
f747
0e87
0935
0307
f4c4
f91d
1b65
01c1
029b
078d
001e
0aa5
f5a0
0172
099e
f21f
0647
10cf
f9c6
fcc6
fe03
046b
fe92
fabe
005b
0d5f
f8e9
115a
0493
0a99
0dce
07d1
0707
019d
f738
01bf
fad1
01e7
00f9
0248
07ad
0b19
11de
0007
fdd4
fa17
fac9
f69b
fb7e
f372
03ed
0c08
0eba
07d5
f7b9
fe18
f1b6
0737
0aee
0150
0759
09c2
fd29
f982
06c9
ecfb
f47a
084f
1132
0a6a
ff6a
fa9b
fcd5
080b
0a20
07e8
03cb
f742
095a
f72a
005d
0aa9
f679
014f
feec
f8d3
024c
0938
f836
0397
1eb3
05b3
fcd8
feb4
03c6
fecc
01bc
0445
10b4
edc3
fe6f
0bfe
f15b
129a
0602
17bb
fb47
008f
fdba
01cb
f9b0
f6a3
00ea
04f1
f830
15c7
fddf
00eb
f845
ffe1
ea84
f7aa
066e
066e
fe9d
02f3
02fe
f239
fc9a
fea6
ff13
fc81
efc5
fdc6
01a9
f3d2
fb01
f40b
0245
e8aa
e919
f44e
f949
f39c
e2ed
ffaa
ef9a
f3b7
f19e
06c4
ff5b
fd72
fa42
00da
fa5c
fc5c
0185
f8d8
0796
036f
ecd9
fd62
f727
f84e
fca9
f75c
084d
1014
0373
00d6
f8ce
fd6e
f86f
f315
ef1d
f22d
01b8
fbe8
f890
0ad3
e958
f5ef
ec4a
0291
f3bc
ef8e
fbf5
f15c
facf
0a20
08db
1438
0c62
0061
0225
f06f
fe82
018b
fdb2
0051
f68c
f3ad
0977
0ce1
1382
f70a
f97a
0594
fb43
fd24
004b
034f
0083
f945
02dc
0843
fd34
fbd7
f162
04d4
ed10
f831
ffb3
fd01
08f1
fca4
f2cc
0b33
0531
f02d
f224
f935
fb06
fd64
0177
0191
0181
0081
f23e
0821
eaf6
00ae
fa45
0acd
0d68
0497
ffd3
f090
fc95
0544
082d
105d
f671
fae5
f79f
f9d8
0065
fa4d
03e3
fb3c
0964
076d
fc18
f84d
0233
f763
f51d
00e4
0e2c
0875
f5a1
0ee1
fec3
fbf1
07dd
f9da
fdc5
06c8
fe39
04a0
000c
fbe9
0728
f9e3
f9a4
00ac
f62f
ffff
fff5
fc9e
fe1f
ffa2
00bc
f781
0726
0297
f562
f9c8
fffb
fe9b
02c7
0043
fbf0
f57c
fce4
ffef
fdc6
ffb2
f5d3
fb0e
0808
03bc
0279
feb5
f907
0585
fb77
0b61
0f63
05d4
0178
fe7d
0065
f8c1
f03c
03ea
f1e5
f34e
0195
fc6f
00fd
fb21
007b
f43a
0083
f87c
f23d
0a59
f578
fb6a
048b
0c45
f69f
fc16
096d
0a44
fa46
f99b
02f2
f559
02a4
092d
0541
0363
f12c
0600
03af
f71c
0c75
fa5c
07be
f35e
075c
0078
05d4
f8bd
f67d
fded
00c7
0c68
ffed
1458
07e1
048a
0476
1460
f917
faca
fa4b
003d
f884
f751
e351
f6a6
fafd
fa0a
03c9
0ac0
fe02
0626
fb48
fc56
f5e8
fef7
fb60
fb7b
ff8c
09ab
0272
ed66
04ec
15fb
fb12
04d9
fd95
0754
0258
f161
f181
0c4d
016c
065d
059b
e998
17ca
18ed
fa52
076b
0419
ef87
0c30
0b1f
00ac
106e
f5dc
0eda
f575
f579
0861
127a
f997
fca0
0fc7
07a7
ffb7
0e21
04c7
0813
fa13
144a
fe2d
eb8d
f8df
069c
09d5
0306
f040
07be
0101
00f5
0f2b
0025
f22b
ed84
02ac
0389
e503
f999
ee54
0759
0514
fae9
fbce
efe8
08c0
edd5
077e
0578
ec9b
ec3c
f5a0
0fe5
fc4b
f4ca
f639
0953
0ceb
fdec
f006
f56c
01dc
fcda
fc8f
f9f6
f631
0646
fb48
f3ed
ef1a
f7d9
05d7
0007
f7ae
063d
0b80
fd14
fced
0da6
05b7
06b5
1051
febe
0977
02d4
ffd9
f7a2
fb6d
1786
07fd
f460
ff2c
0472
009a
00b2
0088
02b6
fca1
f497
0893
ffc9
f363
0ee7
f818
08a5
f920
0329
0a5b
ff1d
10ee
fb4e
fbd9
ed3b
fb14
0431
f689
03af
ff47
0065
fab5
fe63
f45f
fbaa
fb37
0da7
0122
0d13
ee7f
00e2
0b49
09b2
fd55
f433
f5a1
03bc
08d9
fd07
f981
f8d7
15b0
007a
059f
faae
ffb2
03be
0289
09f8
e4af
0373
f9f9
fd30
0a12
017c
1106
0208
f62a
fc95
182c
fe28
0761
0b39
f12a
060f
0f51
0158
e48d
ff92
0ae2
1455
ff90
ff02
04d1
f375
123b
00e7
f358
f7d8
f697
0828
0496
0278
f59b
0ce5
029f
04aa
190f
0815
05ae
2734
f657
0bb6
fec7
0f88
fe23
fa52
f737
0038
f03f
1dea
02cc
f803
ffe1
0140
f69c
f95c
1319
064b
f0fc
08a2
f5ef
0cdd
fa89
10fb
03cf
0258
f63e
0085
fd6e
03cb
f630
f36d
033d
f9fb
ffb1
087a
e07f
fa35
ec88
03cc
0b49
17d4
fa82
f269
eb70
1131
02f3
07d4
f330
ff4f
fa6c
eb50
ff3f
19c6
f9ad
fae2
02e3
0ac5
fac4
ff31
0341
ddd7
0623
fb0b
f12e
f8c3
ff0e
f82f
0565
edac
0590
04e4
0915
05f3
00a7
1533
f55e
f5cc
0992
f4f4
0a80
f4c7
0b26
05e4
f45e
fb76
f083
0e29
ff6f
ef75
e641
e6c1
f4b3
0560
0363
0a57
096c
0222
0d1f
fddb
02d4
124f
02e7
fb0f
165a
17ef
09ad
0c50
03a1
1055
0dad
fbea
03ea
09b7
07a7
0b66
13d5
f8a9
f8f2
0108
1743
01fb
fa9b
019a
efe1
f444
fd77
f9b4
fda0
fb39
0cc3
0cf9
04ec
0197
0a93
0206
fde8
0766
0ac9
0831
007d
0378
062c
1179
fbb6
ff55
070a
ffe6
0f1d
0854
0509
e863
fee2
0a3e
016d
0640
ea7a
ef4d
0d03
f8eb
fa2c
fd2a
02d4
0a5e
e9fb
1b69
0d2e
0ec7
0f05
0eac
f0af
f6d9
eb8a
0d5d
fcd7
e6dd
fe7d
f3b9
f85a
f1e9
f42e
049c
06d1
095d
d738
ffc2
f1f0
0868
f9eb
f7da
0b26
0dc7
0207
219f
097f
0c5e
fdc0
1604
0fb5
f68d
06d7
fb92
100f
f08f
0ce9
fa18
ef2d
011e
045b
f36b
f61f
039d
019b
0096
f815
fd09
fe80
1bea
1043
f524
f238
f00f
05ed
06e4
0227
0276
16bc
0388
043e
06fe
f37e
017c
0ea4
1acb
0ef8
fcd1
f9ee
01bb
f582
08e6
0d57
fea1
03e2
f2df
0ee5
19a1
f5df
1050
000f
105d
fd30
08da
06c3
deeb
0849
fbf9
fe45
f59e
0ac6
0d1c
0379
f460
25a3
151a
f4a4
05f1
fdae
1261
f85b
ff15
fc8c
07cf
1106
ff79
0ad1
ff08
fbd2
0c27
072f
0512
0a48
08a8
f43f
059e
f9df
0fe0
fbe3
fffe
f822
fe89
f477
fc86
f1ab
ef0e
f7e0
0eb1
0b16
06ae
052f
f1e6
e7d7
fb1d
f186
0edd
f145
f8c9
fe1d
f176
0534
0c87
f5c5
f392
0707
17bb
f370
faab
0d43
e881
061a
ebc3
ead7
0832
ff2a
fc18
fcbf
f546
0ec7
fb69
03a6
fb83
00ae
1241
fe2f
fc42
0bf3
012d
0fb5
f40f
0b97
0e5a
f205
fc25
eabf
05bb
03a9
fcac
0299
f0cb
f4d9
07c3
ffca
0098
05b1
0a6c
0607
0267
0d09
0622
081d
ff92
007d
05c9
05af
10a8
07bf
0538
0889
02c7
0e0d
fa7d
0ca8
024f
14dc
f882
f630
00de
19e1
f9c2
f4ec
074b
f124
0995
0533
edeb
1322
0d82
fec6
056d
0472
115d
f42a
ffd0
f734
ffa3
0a3d
0530
04db
0001
0a10
100a
05b1
fc3c
f475
09bf
099e
0242
0fbd
02d7
003b
0680
0978
0bb0
f2e3
ea9a
1141
f8cb
fa59
ff35
05c9
f9dd
ee99
004a
08cd
0653
ff10
0693
f36c
00bd
eef2
f907
01ce
ec19
ff3e
fba7
f73b
f5b0
f98d
fe24
068f
027a
df34
0081
e92c
0925
f9c7
09b3
0ebd
12e4
0a1b
0d78
fa6c
0a14
f277
0ae9
0db5
fa62
06a8
f450
07f9
edfe
0cc5
fcf1
f40b
0643
03b2
f7cd
f254
104a
0655
fef0
faf9
f642
f8c7
1469
13b5
f6e7
f81e
fe48
036e
fcdd
fdbb
fe9a
07ef
0506
1c84
02c1
faca
043b
086c
071d
12a1
015f
f7c3
0b63
f831
0eab
124d
fa4b
010c
fe5a
14b3
0742
eca8
108b
0282
fefb
fce8
0964
0836
eb2b
0fea
f4d9
05e9
0241
0a04
f2f8
08e1
0852
0dd3
0f25
fadb
f98e
feba
0fa2
01f6
fd5c
0a1e
04d5
176f
eb3b
03b8
1796
fce9
0f6e
0a0e
f200
0f2c
17f3
078b
03f1
0079
f1ed
ef21
ed2d
0492
f5ba
06ca
0264
d86e
f93c
ea37
fe1f
fce4
143a
f786
f216
ef9d
17c1
0744
f388
03bd
152f
faa4
fe95
fdbc
1352
094e
fc63
fc1b
f9a8
0644
ff42
fafb
e52f
1098
016b
f78e
f05f
f46c
f522
04b0
fa23
fb2e
0fa7
f8c5
120d
ef94
00d3
ef8f
07fe
f818
f641
086e
ef84
02f4
0997
fd92
0490
f4ed
0fbc
1121
e8c4
f6c2
fd2a
ff02
f77e
fb09
0cf6
05fb
fdd6
1746
fc51
efbe
fc69
f6f9
f891
10c7
18ee
04ee
05ed
01a1
0bbe
0219
f3ff
09ac
066b
0558
0399
fa85
fd79
fbc8
ff4e
0693
059e
0497
049c
0c6d
f83e
0076
045a
fa11
de76
03b0
0061
f8df
001c
16bd
f340
fd9f
0775
fe7f
0245
fcc3
0290
0705
0e40
fb45
fe05
1511
fa72
11b8
0592
ffd6
f919
ffad
0096
ff75
131c
f216
f8e5
0563
04b6
0810
f48e
fb4b
033e
f772
0a6b
fd0a
08bf
0563
155b
f52a
fccc
f209
0a58
fcc3
f39b
1184
f787
016b
defa
fb60
084b
fe60
fee8
eec8
f84f
0731
0219
f6b9
f76f
fb94
0696
fcd5
1f2e
ff27
020b
0031
1950
fc3c
f89b
fd9f
030a
0a1b
f8b6
0ada
0220
042f
f715
05ce
fc50
f695
0618
f5d6
0096
f72a
ffb1
0213
03c4
fc59
ff4f
f61a
ea8a
02cf
fd6c
0c98
0374
1bbb
0755
e573
020e
021d
f959
0390
1ed1
121e
fa11
00d7
fd7b
fc28
f5ed
14c2
fcd1
1214
f888
0086
1643
1260
007e
ef9b
1d23
f994
0601
12a7
f3f1
0bd7
19a6
000c
f08c
00b9
143c
fcae
f7c6
1d88
0381
ee62
18ef
f6de
f906
fa79
fef9
f23b
fbd7
0701
09d8
16e7
06fe
fd97
14bf
fcce
1c9e
181d
faa9
f1a9
05bd
fe77
f0f9
fc3e
fe4d
0d42
058b
08da
ea9f
0110
0934
05a7
e0b8
116e
f49c
fa96
fffe
fb20
0829
036f
f9c0
fdef
f2e6
020a
f8ed
0a69
0f85
fde9
fab7
f016
062f
f587
fb63
2a4e
0dfa
077e
0b16
0705
0eef
0b6c
f855
10ac
0550
085d
fb7a
fe58
0892
e084
f618
e684
1559
dd3c
0569
0510
0912
006c
15d1
0597
0a0e
10e9
f429
0f8c
fede
051a
fcef
06d3
0aa8
f811
0c38
0813
fe56
0b49
0b42
fc26
05cb
0005
12c4
f915
e497
ffac
0efc
fcb5
0de4
fc0d
f8d2
01e3
e5e0
0a00
f31f
09e8
0964
f6e8
fe21
00b7
fbda
0d08
01b0
f0c4
f57b
098b
008e
f7bf
f610
ffaf
f628
0db4
ffdd
f126
ecc2
f4da
0799
f3de
fb70
ff8e
0939
ec1f
05d8
fb81
03bb
fdef
0027
0574
f9cd
0368
0583
08c6
fffb
f6d7
07de
0a65
02e8
e43b
f99b
fe2a
fdf4
fdcc
031c
fcfd
ff0c
fba5
f5b3
03d8
f356
0703
03bf
f848
04d2
09c7
142c
0cef
018d
fe37
f95c
f4cf
fc8d
f950
02c5
fa88
fcfd
f9a5
0c5c
feb7
0cb4
fe5f
0395
fcc0
fee1
f7ea
fadd
f290
0c25
ff12
f5c2
0301
084f
ff38
0089
058d
fb75
07bd
08da
0c9d
faa2
072a
04a3
0475
1327
fda2
fa25
f267
0425
f3df
162c
fd0b
0c0c
f029
fa97
127c
fa88
0193
09cb
fc89
0d9a
02a1
e95c
13f4
f96e
08e9
0275
0806
118a
0bcf
edae
04f2
fd74
fa04
f4e5
210a
05dd
f7e2
fba9
f9ec
05f5
1fb9
08d0
fbd7
f9d9
14f1
f330
f38e
f020
05a5
fdc3
107c
1bae
0bb8
18f1
003b
fdb0
fc70
e8b8
0a32
0525
fc3e
e0fa
ec32
0a9f
0c9f
132f
0124
0e48
07f4
0683
0900
f884
f5d8
0049
181b
fe69
f4ec
f8f4
ff6c
fd4d
048c
fd70
e56c
f7a9
0025
f4c7
fa31
0ef5
fccf
0017
f70f
09d3
032a
f902
f2f7
1a78
feb2
ec46
0423
fe41
04da
0049
f711
f8eb
f40f
0c93
0648
f1c6
196e
fdb3
018c
fb1b
e94a
f82b
0116
f4d8
fbc9
1d71
04d2
fb87
fcbb
fbae
fb73
f7b2
03cc
ff3c
01ea
f3a8
f9d5
0aa7
f97d
0972
f9d1
fec7
0708
f5c4
fdd1
f81b
0b02
fc5a
ee6a
04d8
012c
f870
1740
0519
e2f0
0454
02d3
f2af
017d
10bd
0e71
0f3a
04e0
f56f
fcc8
fe6e
0847
18c7
f96a
f10b
fe5d
12df
0155
02fa
06a9
0535
f082
fde3
0569
fddf
0057
fbc8
fdf9
f4de
fcc3
faa2
031c
09bb
0e3d
f1a4
fff4
075d
0343
018f
0726
fbe4
0489
05f3
fef8
f7d8
0c0f
02c4
0ef5
019d
01ed
f1ee
f536
f768
ff7f
0c90
fdf3
0351
f420
01ca
fe13
f887
fecb
0f56
0015
fd75
02b9
0c71
0556
02ca
ed86
fd74
f78f
002c
ee71
f7ec
0b0b
f318
fce5
fda1
f8de
0486
f738
fcd4
f54b
fcb9
f7ca
0278
f3e2
f683
ff4d
082e
eee6
0c8b
fecf
04d1
00ed
0e35
01c8
f5c3
fb9d
02e3
009d
fc6a
fe1f
045a
fdde
fde7
08da
0092
fac9
00ab
fcb2
0425
fc83
0912
0737
fb86
f212
fdcc
02df
f646
056e
05e4
fb47
01f6
0f0b
0017
eb1e
fa69
fd34
f34e
fa83
163b
02bf
fb18
0987
ecd4
fe18
fcc1
109c
0d47
0db1
eeaa
0ac7
0bd1
073c
fefa
ee9c
1554
e823
0085
100b
ece0
0b59
1086
fe9c
fc75
ee97
165c
0bda
fc68
1553
10bc
f7b4
01dc
fe80
fbb3
fb87
fd14
f5d7
fe1c
035d
097b
08d9
15fb
03f0
0b30
feec
1e07
fd78
f850
0293
0524
0a51
f074
f8be
ffc1
f056
0133
f0b8
f51a
fc18
053a
0076
f4dd
0439
f1cc
fe26
f55b
f274
fdd9
fff9
f6d6
fd0a
f5eb
f6d2
fc61
feea
0ffb
fe3b
eee4
f205
0bd6
03bf
f103
0cab
1447
04f3
f971
fe2c
0a3d
09d8
fa08
0430
ff9d
0c40
fd68
0a8f
fb8f
ed69
03e5
f887
0017
e868
0060
ff0a
fab3
fbdb
0940
f934
ebe8
fd05
fd09
0af4
ffef
ffbb
f131
04b1
092a
fa14
0d01
02e0
022b
f7ba
fe6c
070b
f8ad
fdba
01da
fc9e
ea7f
0130
128f
0820
08d6
05a5
fb9f
027c
e817
0224
fc82
00f8
fa65
ff8f
fcb2
f7eb
f7e9
02e5
0157
f823
fd4e
ff18
f6d5
0e95
ffa2
0028
fd31
ff4a
0149
ee37
fcb2
f62a
f013
f7a1
fd0f
fc2a
039b
f2aa
01d6
ff17
0275
fc82
fba2
0c54
f4c6
0817
f74d
0857
0307
fca1
0b52
0237
fdfd
ffc4
f742
00f6
0053
03f3
ff6c
f998
f77c
0146
e6d8
feed
f600
fea5
00bd
0165
f408
0671
066d
04e3
16c3
04b3
0247
0966
f2e7
076a
fe30
08ce
07d4
fc10
052b
0318
0d67
0a3c
038f
05a7
fb34
f86f
0350
f2bc
0067
f36f
0245
0185
062b
f989
fbce
ffad
fe6b
0959
fb7e
fb52
013e
0504
05e4
08b3
fb92
018e
f179
ef91
0629
003e
0649
fd86
0434
fa09
f7b0
fa1e
fefe
f9cd
02df
0765
09f0
fbb0
f133
0f32
f8b3
022a
00a0
fd5c
1133
0c6d
f615
fe16
04c7
f917
fa7b
119d
05d0
fa65
f730
fc4f
fc06
2a7a
fc5f
fbe2
04de
0dd7
ef6f
fdee
f6fd
0bc2
f277
fd78
137a
0a14
09df
1a88
fa6d
fd59
fb7e
06db
037b
0268
de94
efd3
f40c
0877
1394
0187
fb74
08ac
0195
090b
0322
02a4
0504
12b9
f124
fdfc
f2c4
f12d
ffbf
fb5b
05d6
0c25
fe19
0341
f80c
fa4b
0592
eb2f
fa84
fe21
0a8c
00a9
f0c2
fbe1
fc5e
006c
fd7a
f497
04ab
03e9
f815
f531
0c7a
0025
fba7
01ed
0344
0e3b
2325
068a
0192
0743
0742
f777
0446
fea5
0dc1
0b79
fae1
fead
f894
fc9c
f801
fe22
f4d2
fed3
012d
f1ae
f30a
fc3c
f9ec
f7e1
fff0
f7d9
fc90
1225
f871
05e5
fa6e
0698
0aa6
f96a
0ba9
ff6a
f5ce
0199
0247
02ee
f717
0066
0919
ed24
0ea9
0414
f2c1
05bd
ffef
fec6
ff03
0bce
0fa6
f4cd
f1f1
0316
02a4
f959
024f
06eb
03fc
0085
0158
f56c
09de
05c7
f815
f9a6
0d1b
fdf8
0083
f466
f3a8
02b8
02a1
fd6b
fda3
faf5
040b
01e2
fbec
0130
05b5
049b
f507
0793
05f8
084d
f489
0a1d
fc54
0530
0ae6
03e8
1010
f763
0211
0a79
f8ab
fbcb
ffb9
0d3d
f996
f6cb
0986
f15c
0aae
0077
0616
0651
0799
fded
0742
fc0b
fb88
0314
0146
07be
0221
f964
f7cc
01b7
f917
069f
fbbc
fc3d
f720
fa08
f36e
f2c1
f9b8
0b49
035b
085d
fe7c
f729
03e5
ed01
fc2f
fb59
03a5
f570
000d
0899
02b0
feac
0815
fde5
fe85
fd07
01ca
ffa4
08bb
0ae4
f0a6
ee71
099d
01a6
f83a
fa29
05f7
f323
06cb
fd2f
fc96
fb42
fe73
fc96
fb70
f7ef
069b
e993
0255
ffa2
01b5
ff61
fb26
fc67
0a24
05a1
fdb3
eec0
14d5
1412
f94a
f58f
2282
009c
fe8d
08d9
063f
fff7
088f
fd17
00c6
f972
15ce
0419
0179
01c5
01f7
02fe
19dd
fe77
f898
fbb5
feca
01cc
0789
0399
0114
029e
fd1c
016d
0174
fd32
13f5
0303
001d
fa92
fdc0
0b55
efeb
fff8
f501
fa72
063f
f5b5
0929
06c4
004f
07b1
ed51
0384
ff3f
de16
0110
ff38
0966
0399
ef33
f442
f323
0429
f696
f002
154a
057e
f752
f62d
11ec
09ad
fe0c
04db
02cb
0adf
1af0
0b5a
fe65
0953
0447
0214
0666
0641
119d
0733
fac2
feab
fcd0
f576
fdc8
fc52
f1f4
fff9
03fd
f099
fa37
ffe4
fce3
04c5
fd1f
fa93
ffd6
0d0d
f5f1
0723
ff9c
fefe
0543
0152
0ce8
f870
ff27
fc74
fd73
ff60
f853
05c4
ff91
e57e
0c8a
fe1b
fe36
0136
f92e
fc15
f759
0570
072e
f67a
fab3
03fe
00a5
fae5
089d
0893
0597
f34d
f996
f7c3
08c3
0062
fe38
081d
092e
063e
fee3
fbb8
f347
ffc6
0826
fb08
fb7a
f4d4
06fb
f770
ffed
0275
0813
0464
ede6
0859
0290
056f
f77a
0b05
f908
fc85
0448
0042
11da
eab9
ff27
0a7e
f8e1
f486
0a4a
0eeb
f9d3
f56d
0729
f2c1
0868
145a
00da
0417
063f
056f
0a94
fc8a
fb85
0448
ffc9
070c
0335
fcac
f94e
01df
fa42
0b0d
fd7b
ff56
fd7b
fd85
ed02
ed94
fff0
1102
0448
06b5
0201
f6f1
0631
f670
046c
fa0b
0bba
f408
01d7
0671
0241
06bd
0439
075e
f2b6
ffbb
06c2
0096
040c
0347
f6ef
e7ba
1007
fc69
fe81
f4fb
03df
fd1b
08a7
fd29
039d
f56f
fea6
fc16
f772
0bb5
00f5
e9d8
ffc6
01b9
0a1c
0005
f439
fbdc
14c3
fd9b
f80b
f7c6
10a9
1027
f6ed
fccc
34da
0a99
01fe
faf5
07e7
fad1
fb72
f877
fe96
fa36
1142
06bc
03ee
09fd
0eb2
06da
16f9
0368
f64e
f7d0
00c6
fc57
0072
fc87
0407
0c72
01c2
ff89
fdf6
fc80
1945
00b7
fe7b
eb98
ff6e
0f80
ff50
f701
e94e
fd72
fd6d
fadb
0523
f22d
f6f6
022c
fee6
feff
0b23
ef60
fc70
f887
126a
fb05
fd32
fe0b
1475
fd33
fff4
0256
2056
fd96
f8c4
fbef
0620
f967
0669
0b52
f95b
15fe
100f
04b8
ff2b
f4fd
fea6
0275
f607
fe07
079d
0118
08ac
fe0a
04cb
0e4f
f4b9
0823
fc28
0c53
feb1
fcd8
053e
fc9b
049a
ffe1
0984
f815
f4d8
f8cc
f956
0035
feed
fed6
073a
01f2
0020
0884
02f8
ec1a
ffb5
05af
fc9c
fbe3
0ee4
fa94
0b7c
06f8
f4f3
f877
02b7
08da
063e
0500
fc23
fece
03e3
000b
feab
04fd
03a9
f239
fca2
0072
fea2
01b0
019a
0597
fc95
019f
fd9a
fd0b
096b
03de
fbe8
ff88
0971
fd03
06ea
0536
fe2d
0710
05a9
00e2
fe6a
058e
ff56
1094
05cb
0707
f3e0
f6c4
f617
fc59
0ad2
fdbd
00aa
f4d0
033b
fe7a
fcee
00ee
0072
08b1
0592
fadd
098d
f4fd
0f45
019a
043c
fdc5
0c03
fc54
f812
fd6c
f535
ff9a
fc33
fea9
0426
fcf0
fce5
f7d7
f1d4
068e
ff6b
f6d9
e9f8
fa25
0032
f7f0
086d
03b7
ffbe
02bf
01b7
03b9
ed1b
f3a2
ff5c
0078
f8c5
f94a
002f
00bc
05aa
01c0
fb31
f727
037d
fa90
02fa
f3e6
1082
041e
f1a6
f7c5
031f
fdb8
f0ca
f5fe
08ec
fd62
089c
0822
0423
f82e
f541
00b7
020e
f95a
0bcf
fc15
ffd7
02b1
fc8f
ff9b
01e8
10a4
0569
0a0b
efb3
0ac7
26a9
0709
024f
f85e
1664
eaa4
03ca
1673
f566
0365
230b
fe76
0280
f034
0e6e
082f
faaa
013e
0bb5
fdb4
0908
0186
0238
021e
ffa9
0351
0132
1499
038a
fd9f
0e1b
0457
06b9
0203
1163
fbfa
fc1b
fa0a
fe84
03f0
0236
09a1
e579
f8fc
0668
0135
fdc8
0129
01a5
fd64
07eb
f3db
e6c4
f39b
ffa8
fc08
0a1e
f982
fc0c
ff49
ff98
fd4a
0055
0317
1fc1
fc4a
fbc6
feab
0604
0cde
04c2
061e
f784
09c0
f916
f800
f0f8
0034
02f2
0516
f7ab
002a
fa38
01a5
05e6
fcaa
0162
f9e3
fbc5
0382
f9b1
012f
fd6f
f0b8
fbe0
f912
f70b
f7bf
01b1
0d9e
02b7
f5c8
f5e0
fe54
fe35
0b03
0f5f
f880
050e
03bd
f4e0
fa16
060e
08f5
0163
0692
f5a1
fbfb
0e38
0195
ed25
0993
01fd
01b0
fc39
0782
044d
08e5
eda9
01d0
fa39
f8ea
fe67
f4cb
00bb
03bd
fe13
f6e6
05c2
0d25
f6e2
04c8
0504
f8dc
00ee
f7f8
fab4
01fe
0595
fed6
00df
fef9
ff33
fb20
05e4
09b8
0056
0125
faa8
1285
f8cf
005a
ee08
0b2b
fc34
01aa
098b
ffce
02e7
fe74
061e
0139
ffb0
f71c
085e
0333
fa88
fa17
fb98
f587
fd44
f735
ffa6
03b0
f7c5
0243
fc40
f5e8
02e0
04f9
f3ea
0262
f96f
0041
ff3f
07a5
ff9f
0873
fea6
03a9
fb5c
ffd4
f08a
fed2
032b
03a5
01ff
0993
f60e
02bd
fe9b
ef36
fee9
f7e5
ff2c
ff0c
fed4
fe23
0170
fcfc
fc81
00cd
00a2
f89a
fd21
fc3e
01d0
fc42
fcc4
f7bc
0183
f802
0317
f866
0132
f38c
00f1
fd27
fa0c
f90c
0175
fd5d
078a
fcd7
def4
f067
092c
f9e3
016c
fe20
0664
03c3
080b
0a8f
fe4e
09cf
2e8e
0bd1
0322
06c1
01dc
0610
fdbb
07f3
f3cf
f950
fef7
068b
fca8
006b
0087
0037
fd6d
fefb
fdfa
fc81
064e
fa58
04d8
f8f2
0076
0830
0380
098a
f936
fbad
013a
03e3
004d
fc78
11e4
074a
fef4
fa8d
06c7
04ae
f7eb
fb43
f039
f63d
fc69
f909
0633
f68d
f89c
e81c
fcea
06c1
e5cc
077b
f62a
f76e
faa3
f13c
fb4c
f826
f50a
f447
048a
fea7
19af
063c
fcec
ffd2
0618
fa6f
fca3
fdce
f208
107e
ef2c
ea76
04c6
0d08
f0f9
0992
f823
0afe
ff73
fcde
ffdc
f1cb
06e8
f6f4
f97b
f990
e9eb
091f
f79e
f4a4
0c4e
e550
f237
f514
0b8d
0bbd
f3fa
e95c
f214
ffe1
fd30
02d2
177c
083c
f2c0
fac7
ecb6
06a8
f62e
0778
f838
fac3
e526
099a
0fae
0c7f
f7a3
0667
f88b
002e
f9e1
03c0
09ce
0343
f2cd
1294
079d
fd30
f451
03f9
fe7a
f905
064b
f878
e3ed
0cdb
fd79
f93f
0c5f
0233
f939
ffef
fe17
f531
ef2b
fcec
01ac
fcee
03fb
f7b6
04f3
e7ac
f8c2
f457
08a3
11c9
03b3
ff30
fb03
08b9
fc80
01cd
0cca
051c
f31c
0517
f8c9
ffa3
0a99
0114
fa71
fadd
06bb
061e
ffbc
edd0
0087
efb6
04fd
fd3f
f828
fe9e
f628
f9b4
f75d
ffda
f2ef
0104
0179
0c24
040c
06fd
fab2
0363
fa0e
ff14
045a
07e7
01a4
f7b4
05c5
faf1
041c
0954
00b3
fb25
ff44
feff
f138
ff17
fa68
06c4
fe81
fa71
fdc7
0232
fa5a
feb0
037b
fbb9
fbb8
fb10
fe85
eddd
0509
04eb
0250
ee7b
fb5f
177b
f68e
fdd6
fce5
f87d
f945
fd00
0465
0865
0457
0752
e9f0
07c3
ffdc
f49e
fe4d
fe59
0c27
fd07
f903
fc78
02b2
0a41
14d8
02a3
06c1
ff94
ff09
0b75
f798
fce9
f3ed
0553
f321
0d4c
04da
f77d
f46b
0fe1
fc82
063e
ff90
00c0
02ad
fdcb
0e74
f700
0283
ff05
fb29
04f0
fb25
0166
011a
0436
0a5b
feab
03fa
0c09
0728
02f5
0188
fd52
11a6
040c
06d0
03fe
0464
07d8
f552
e7c3
0019
0d4e
fda0
fb3b
00b7
ff65
00e8
f707
0f02
faab
f7f2
fb59
1763
0537
0db7
02ac
22af
f910
0243
0830
fca6
fa73
1b52
124c
f857
0efd
f2c9
f82d
fdec
0aa0
fb26
10d5
0157
0985
f40e
f49e
02ef
0465
f803
104b
1363
0cf5
0451
140b
0796
fb03
04ba
fce0
1537
01a1
07d2
f6d4
0153
f51d
fda9
047f
0505
092a
f733
02f2
0133
f153
017e
e78f
fbbd
09f3
04c7
f93b
093b
fa29
fec5
feae
0822
fb3e
04ad
0804
f5ed
0780
0acf
f7ea
e7c6
f40a
020f
0840
005a
017c
03d3
07e3
07b3
fe71
01d8
fd01
0b3f
f682
f832
0603
ff5e
f77c
ec31
f5e6
10e7
02a9
ff32
04d5
0cf3
fb12
01d9
032b
09f5
f19e
fb04
0b85
0639
066d
0195
db7c
f998
0c6c
119e
04e0
ff06
e00c
fd0f
ff87
fdc8
f6a3
fbd9
0bcb
fe66
fdeb
fa64
fa07
06ea
fc54
05a6
ff94
f976
fd96
0675
0670
fa37
061f
e4ec
fb96
0304
f412
0496
0483
fe09
fc49
0251
f958
f8de
fcc8
0809
f76f
106a
f405
fee4
1252
096e
058d
f355
eecb
0294
fe8f
03de
f43c
f3b8
0c75
0bf0
0161
f8fe
0361
fa20
f595
031e
f921
ff29
087a
fb3f
fbb2
0690
fb4a
058d
fffe
ef54
0270
fc94
ffb5
fff3
fb72
0876
1421
022d
1071
0ca1
00b9
034c
08a9
063d
04bf
01cb
ff8a
1529
fdd8
fd84
0035
1f1a
0345
0743
f972
0817
f566
fbee
0920
f916
1d73
0af6
fb4d
03df
f239
0356
096a
fc1e
fc22
fede
fea9
1a9c
000e
fbb5
febc
f8ee
fd4b
fbc1
0973
1f23
f12c
fa12
0692
fc98
00a7
0abd
088b
ff37
f9e5
0b7a
fb99
edd6
02de
03de
fe7b
fb5a
00ea
ef8f
f6fc
0775
03e8
e102
099c
05a2
0600
f84c
f0a9
e7bc
02e8
f458
f91c
06c6
ff59
f67d
0583
fc6c
0521
f427
edf4
07bd
0898
eafe
0b4d
0f3d
096d
f9f6
fcd3
ffd5
025a
0042
fab6
fced
f468
fed7
0403
0142
f755
fd30
ef53
0405
eca1
fd59
eed2
f063
fac2
0de9
fd3d
f0cb
fe0a
f9db
0999
01b1
f73c
f670
033c
05db
fc9c
0b16
f8a9
05bd
0348
f813
042b
0421
021b
f970
fede
fc4c
ff6c
1185
0855
f8eb
0ad9
0052
f543
018f
04db
00a7
052a
f825
0120
045d
ee37
f628
06ac
fcc9
ff2e
fc69
f74b
fe69
0c50
f55c
f67a
fac0
fcc4
fe20
f9bb
f5da
f9b7
fad3
01e8
f366
04db
fcb7
fa33
f69b
0105
ff88
fcf6
f470
0736
f6cc
ff89
fc19
022d
fd88
fd29
0a84
0a32
ff4a
029a
fd53
0481
fac1
0782
f7c9
f7a5
f635
04df
ef31
fed3
0172
fa41
faff
04dd
f60c
fea2
0216
00b3
0e91
00c1
fff0
fef2
fbb9
fea7
fb29
092d
0324
fcd7
02bf
00d1
0b64
0a2d
f9a7
fc1e
f3c4
fce1
0aaf
f6bf
02df
f7fc
0352
04f9
05d5
fb9a
05b5
fcdf
04fa
060a
f8bb
fb46
0562
fd65
0553
002e
0209
02c7
face
f18a
021b
f639
034f
fd0e
0181
fd7b
f97d
f352
f513
f912
f8c7
fd9f
116d
f44b
e50c
094d
09f2
0554
0304
fdbb
f6ab
08a0
ff66
fa65
ff43
00a2
ff7e
04ea
fc78
0900
fe55
f404
007d
1bda
f77e
0469
0572
092f
f4a8
f873
f498
15fa
ffff
0625
0e76
04b9
0932
1060
03c6
f8e9
fb1b
0ac1
f9bd
fbc3
eb84
eee0
f36d
0dfb
171a
fc52
037f
0429
ffa6
01e2
febf
019e
0823
1c62
0226
011d
1349
0c4b
fc2d
00b6
ee64
e83b
0ab3
0678
efda
0a3e
0956
072d
f5f4
ef5b
ef66
feb1
f622
f757
0921
01cd
f752
0ef4
002a
fac6
f62c
f173
098f
0233
fdbb
10be
0168
1442
f483
f8b6
fd24
0404
fed1
01f0
fbbe
fded
f8c5
f0d0
0c90
f776
f8e2
fda3
13ed
ec22
04fa
f8bb
fef5
fe30
1cb8
fadd
0bd6
077c
0365
0bcf
ff2c
f3ad
0157
f80c
f81e
0507
1058
0b69
01d8
f7ac
f815
03ac
f875
0347
f346
f4a9
f801
f799
0b6c
11b0
f8a4
0879
ff1d
fee0
092d
05b3
028c
ff9d
e4a9
fd8b
0777
f76c
f5ac
0813
077d
fc5f
03be
06dc
0028
1528
e775
e668
ff4c
0e54
f76c
fec9
f880
ec66
fba8
0ac0
f7c0
01a7
fa88
f6b1
f8d5
f1de
08e8
f7a2
f6ca
0908
f3b2
0586
17af
f0fe
0210
fc49
0ee7
f82f
f22a
0242
f967
fa56
ff47
0a60
f17f
f93f
fbb2
0f20
f061
02e5
077a
fb80
f921
fcf2
f389
fe6e
fba7
093b
fd19
fbf9
f856
fad9
feb2
f728
fdb6
0365
04d5
fae9
013e
f8e7
060b
010c
09d2
fb5a
0780
f044
0393
fbf0
0580
01df
f4f9
0385
00a6
fdc5
020b
fa67
014c
05cf
fc27
fbd1
fbf1
fafd
0b0f
0149
0516
fe2f
f7c7
eaf3
fde3
09e0
0488
fe0e
03e8
04af
f748
030f
fa48
f35f
032a
ff53
0ae9
03f3
ecd3
09f3
0d8c
04c4
faf7
fd4a
f55a
1451
08fb
04e4
fda1
f75e
07c2
0b7f
f693
fce0
02f8
fd6b
f603
0722
fe88
f609
ffd1
0e51
046f
00c4
e81d
00de
0323
0a88
0d13
09a6
0513
07c1
0913
0497
f840
005d
ff6e
fd48
e593
f903
0717
0690
16a0
08de
02f9
08e6
003d
ff80
0913
04eb
0690
0178
ff2d
f76a
f445
f52c
ff16
f240
0b94
fc8f
f88a
0522
f955
f902
0a4f
f783
ee08
e940
0d58
fbfe
dfbe
f985
0847
ec32
0b7f
f0af
0885
f6d4
f4cd
fb09
058a
0163
fcc7
fee3
f3d4
1225
fb80
f7fd
0b49
0a72
ee35
ff98
fd83
01c2
05da
0948
fe1b
f4e9
f66a
fffb
ff18
fe22
f742
fe61
fead
0a58
04c5
f245
f78c
e97b
1c84
fe22
f400
f5c2
f02b
02c1
07be
0d31
06c0
02b8
06f7
f697
fc43
00d8
ee7e
074e
f84a
f595
14a6
f503
0dae
07a2
053f
ffbd
f673
08b4
fe5c
078d
0d0b
f2d8
e521
f510
06f4
ffd7
fd76
f82d
0ab5
f9be
02bc
feb5
fe45
0036
fd4c
ff79
00ee
f891
fa44
ff41
f807
0020
fb3b
00b8
f240
ff19
0f73
042d
0769
f11e
0e23
00c1
f368
0ae6
101e
0861
f412
f17f
00af
0dfe
0d0d
faba
064d
f704
fc29
04d9
fbd8
fef5
f44b
0977
09d5
ff8d
09e6
edfd
163f
f4d1
ffe3
04a9
f97d
0179
0614
0514
f8f9
029a
f5df
0193
0554
f514
00c4
004c
0115
0187
ff41
f671
fb62
fdbf
0836
f8f4
0caa
f2ed
03e7
0636
047a
0135
f622
f358
fcea
0774
fe0d
fe6e
fddb
06e5
fcfb
fbb5
04a0
faab
ff55
fa21
f88f
0569
0295
0369
f99e
f71a
04ad
043a
0365
0daf
fa04
0356
0668
f938
099d
f7be
fd1f
136e
e9b2
fd29
1907
ff95
06d4
fd27
04df
0541
e876
05aa
03b4
f0b0
024c
f64c
0a07
ff72
f4c9
f2b2
057d
fbb3
01ec
0d12
04a8
08ed
06da
0203
021a
f7f9
f358
057c
009f
0423
fec8
03d7
fc17
0041
f01f
028b
02ad
fa1d
f82f
fd06
0af7
f9df
014b
fe83
ff91
0e6e
16cb
02ff
077b
fb8c
0195
fcf0
00d4
064c
f362
00f9
01f5
0364
00bc
f371
1056
f7c5
0919
0503
073d
024d
01ca
0042
008f
f36a
fa04
fab7
0d48
0293
0a0a
1025
13d1
fcb9
fa81
fd44
04e4
043e
04a3
078b
edb6
198b
ff79
f6f3
fb69
fa6e
ec34
1a13
03fd
0444
f459
e846
0ab6
f7d7
074f
fd6c
0921
f779
ebfd
0a56
0b94
fa8b
137a
fed3
0e4e
0696
f740
19f2
f898
e81e
f9f6
ff8a
fda3
0319
1a85
0569
f08a
0c7f
ffd5
fa90
f430
09b7
f4a6
e551
fb9b
01bb
021d
060b
ef57
f762
f97e
087c
f7b3
05ae
040c
015e
e053
0345
f593
e8a9
f459
0143
fc69
0808
0f0c
0154
f21c
04e4
f28b
edf1
0673
045e
f95d
0770
f7f0
ef7f
f78b
02c0
00a0
ecef
f5bf
fae6
03eb
f18e
ffef
ee1a
0587
11a2
f961
f675
1406
f8aa
076f
fb57
07fb
fb1c
f269
f5b8
038f
fca2
0a92
0624
fabe
fcd7
004f
fcc9
eda7
fdab
021b
061b
fe4a
fbed
f5e0
00db
fe53
0061
f749
fdd9
f0e6
f38e
0984
fc5c
feff
121c
04d6
fae6
fac6
f89a
065a
0005
04ba
f161
19f0
ef1f
020d
11ed
0019
03aa
f78c
f950
0712
f96f
f9a8
08cc
fb78
fdb4
f887
00fa
f035
f632
047c
f4e2
040a
f9c5
fb99
e51f
fe41
fe41
02b1
f864
f717
0c12
f25b
0395
ff04
0557
0250
ea72
ff47
06e8
fe7b
01bb
108d
ff30
0747
05b0
f0f7
0804
03f5
1267
035c
fd13
042f
0c7b
11d2
03ee
0857
f2cf
fe89
f7a7
fc3d
0b62
fdc4
0cea
f3dc
04aa
ef83
ee28
f9d0
0c42
08ad
0611
f96d
f89f
11e9
0501
1006
f417
041f
f6a9
f3eb
059b
0abd
f8e0
1327
f8bc
119e
fa42
fb9c
0abd
ffe2
f918
fda6
f52b
012e
f54c
f076
fb65
fbd5
f624
01c7
fc4e
f4a7
f6dc
ff01
02a9
eb29
e4ae
f4af
f5cf
1226
f61c
fd5d
f733
f44c
fde7
f4a3
fc0e
1af4
fe26
fa0f
01d2
0048
02a0
fcc2
ffbb
fb2e
03f7
ef3c
f373
fc25
094c
fac9
fcad
f0cc
08fc
03f4
03cb
04ec
f675
0aca
0359
fa9a
feb5
f5f3
1ab5
f94a
f274
fab9
f334
f72a
f532
047f
fb9b
fe9f
efc2
ee7f
ffcb
0781
0279
0637
04a5
0300
ff61
eebc
0e12
fe6b
05ab
0425
0b70
f1de
f33d
166e
0230
0970
0ba2
ffbf
fefc
f266
0de9
0bf1
0ba3
f7a6
0b53
05d2
0f04
048e
ee2d
03f5
f9d9
fc40
e5bf
f976
058a
0816
0d6a
0632
02c1
f6ee
ff7f
022b
f847
03b4
fe98
0f29
051e
0ad8
f99d
101f
ff0d
fc40
0340
ff0d
0c7f
09ae
0388
eeba
fce5
06ac
0dca
061d
00a4
ff10
09f3
e9fe
0187
02ec
f6ac
082b
f38a
0e82
fe1b
0dbb
0c9a
f644
022e
0330
0165
0825
f9d3
fc07
f362
ff99
02f4
f8f0
ff1c
02ae
02e1
0428
f287
fdde
08a7
fc69
fff3
f861
fe67
f6a1
ffb6
0683
0875
f6d0
0380
f943
0626
0025
035e
01af
0107
efdf
01b1
f915
fc22
001e
0340
022d
08e9
fe33
fd7f
faae
fdc5
06a0
0d51
03de
083a
0602
024f
f65b
eee3
04e2
0a72
0c6a
0373
fa99
0b7b
01e8
073e
0b4e
0cf8
e7d1
ebbe
0188
f9b2
108f
fbf0
0ed0
fc40
f9f6
045b
f2bd
0dbd
16ba
ff31
0d38
0dc3
06c8
0d6d
001d
0290
e83a
f079
f9bb
fd3f
0c80
00d8
06ae
f8a0
ecd3
0cad
0e9d
fcd1
0941
0282
0fe4
088f
fa61
047e
01ce
1a5b
f3c9
0722
f931
05f5
fc0c
f899
f94d
0219
0832
f962
fdf9
ff09
01b4
f82c
0276
fa91
fce1
fa28
f3d5
f499
eec5
f295
f882
0d13
0258
f2d9
ee1a
f10f
f208
e7d4
075d
f4dd
f4bd
fff7
e968
03c3
0d71
f949
f68e
0050
0968
fc31
fc07
0966
f58e
044b
e98b
eef4
ef53
fbee
f8ae
fd3d
ef0f
1614
0d20
004c
021c
f706
05ab
fa48
fdfc
fc8d
021a
13da
fc8b
ff13
fb3a
eee9
fcb8
f6e5
ffb3
fa45
f9b7
fa6a
f4da
f944
00e0
0154
0052
0378
06af
fc2e
fa32
0d4b
fe8c
fbba
00ee
0189
fe1b
0177
14f5
082a
0441
0841
058e
065c
f716
0ba4
021e
0629
fa65
0688
07db
12e7
088c
f2f9
0649
f90a
0099
01a3
f4d6
1064
077a
0084
0a4c
09a3
0154
f381
019e
ee7e
023f
feef
0882
0540
02ab
fa6f
09fa
0270
fbe6
00d9
05e1
07b4
08b9
11f6
f9f4
05ed
08b9
0985
0d5a
f534
f1db
0669
edee
00d5
fbd9
f921
fdb9
f811
02a4
0086
0a70
0656
fdef
ff02
06b6
fe4f
fefb
0300
fcbd
fdea
f54a
fed2
f9cc
ffe7
fa60
04cc
0165
f324
064b
f8ff
0456
ffbf
0187
0a59
0cf7
09a7
05f0
fff7
f316
f902
fe95
01c9
033d
03b5
feca
f73f
f608
042e
fe08
00b6
04fd
0a4f
05a8
05cf
0510
fde2
fd13
0219
fbbf
00f5
01b2
09dd
ff61
f472
f99f
fba4
0378
03f0
01d1
fda9
fcf2
0eed
0818
026c
070e
0ec3
015a
016c
ff7d
fa1c
0b22
f2a5
10dd
0617
f655
01bb
f887
13fc
077e
f468
1467
09aa
027a
15fd
00c7
06ab
efd3
0435
f70c
fdea
033d
047b
feff
0385
f808
0cd3
093e
038a
01c6
fcc6
082d
061a
fe4c
0603
0299
0bcf
ed94
06ce
08ad
0928
0303
fd3f
f827
0487
0edc
0190
05f5
054e
fd2a
fce6
ec05
fdc5
f776
027b
1247
f6cb
f92b
fb7c
06f8
f9ac
e266
f74c
f974
f9a9
1fbc
fdb1
f837
fec7
f9eb
fd7b
fbe7
08e4
16cd
0630
fd01
0267
fb03
0192
fcfe
fe97
fe43
078c
f6d8
eebd
fc82
fc52
fe1f
0a13
fef6
fdeb
055a
fb1b
08b1
fb32
0cad
08bc
094e
fe44
f305
1ab4
fa62
f5fc
05a3
fb0b
f7cb
f715
11a1
0c3a
073c
f5bd
f43a
01c3
0714
fb83
0a62
0ace
f6ad
0836
fe05
fa41
fd44
060f
04f2
0083
ed74
04c8
0b90
03b6
0482
0026
faae
03f2
f0cd
0a69
0054
08e7
f2fd
0efc
ff1f
01a3
ff2a
0911
fa9c
00af
ff5d
f3fa
fa24
f7e1
fb19
03f1
09e4
025d
fd0c
0c68
02cc
f6c3
00e7
ff71
08a3
fedc
0a4f
001e
07c0
fdc3
fef2
0298
fc45
122d
068d
f4b3
04db
f9be
10bb
0327
0594
034c
fbdd
038d
f28e
fe34
1157
fd10
1819
f771
06ab
fb71
044b
f45d
f7b4
f780
02d7
ff77
fe1b
ec74
f7f9
f626
ffdc
fde4
ef81
faea
0884
001a
002a
008a
f791
fd85
f9df
037b
fe2b
fb05
f49e
f3ff
09a0
046a
0122
090a
04cd
fa88
0013
0082
07ac
0308
f6b8
07ba
fe1e
fcda
fe87
00bf
f41f
f9b9
f6de
f66a
fe4d
f8b0
fc5a
005e
0771
044c
094c
0183
f186
f250
f951
103a
037c
0eda
0aaa
051c
f5fb
03f6
126f
0986
e212
0893
0183
fc07
0aa5
fcab
0989
00d2
fcbc
0b95
f3c4
136c
1f6e
11c1
0b2c
06ac
00f3
080b
fe1f
0373
f3ff
f916
f5b3
fbcf
0494
f41e
0373
052d
f2f9
0943
12a3
fb16
0bda
024c
106e
04f4
fcc8
018d
f9cf
1f1f
0544
09c9
0146
fc9b
044b
f6d8
18a1
0e63
0d88
fba6
f888
f70d
fb6c
0107
0090
f4e9
faf6
1564
f233
ffb1
1303
0744
e25f
1469
03fd
089a
0f3e
ff56
f52a
0fe1
fe8a
073d
05ef
f36c
0288
0b4c
f5ab
05f8
0b26
fc10
f141
fb10
1254
1076
fe46
02f2
f2dd
0184
f2b8
f277
f795
0930
0800
ff0f
03b9
f72b
f333
02af
0991
e54a
0ada
f0a8
0373
f8cf
0394
fb20
11b0
02ae
fd45
fbea
fa13
ff46
01d1
f883
f50b
01a7
1036
f9a0
febb
f204
fe38
0852
fd00
078b
0ffb
fa9b
0ed4
f8c3
0890
fdd0
0c07
0c18
0962
087a
00b8
05f7
eae9
f684
f333
ff50
fdd6
f99a
018f
0481
f990
05a3
0138
edd4
0cd2
fd68
f82f
f941
f499
0af4
fe43
081f
0695
fb86
fc2a
e02d
fb9f
103e
f903
0050
0da9
0e9d
fc7e
1beb
0a43
f012
ede7
fb95
f211
027b
0f3b
f0f8
0781
fc6e
0ad8
05e2
fdb0
f0ca
ce92
e3e2
0729
0f45
fe59
f498
fd8b
085f
0d77
05fe
0391
fdc1
02da
fdcf
0286
f9d9
02d7
0670
fe60
01e9
0003
f734
01ca
fe94
06f2
036f
004c
f8c8
187e
0170
0aee
020c
00fb
fc69
fc0b
06b2
0102
fee4
070a
0530
fd4d
05f7
0f9f
071e
0a20
0568
fee5
e82d
02a5
fb4b
fe49
fd70
0025
feb6
0f49
006b
f9ab
fcf1
0dff
f82d
066c
01a2
052e
f1c4
fc0e
00d7
ed07
0351
0360
f9c9
1a50
0180
f223
1438
1037
fd5e
1091
05ef
0803
0ce3
f42c
fe08
0506
fbec
0bb0
f8ab
f6b7
090a
005b
fbc8
0614
09eb
f4b2
0c7a
ff05
2452
f858
f8e3
ef55
0cd5
fbda
1047
0a2b
0207
101d
fb25
f118
11c9
06dc
fc0b
02dd
0d2a
e423
f6a6
1864
f410
0ed5
fcc3
009c
ec93
0282
040b
f69d
0042
fa6e
f736
03b2
fab3
ed62
09fe
f804
04ad
0ea3
f011
fa04
fb2f
0554
f8de
f00a
fd18
fedb
fc8a
262e
fb16
fdd6
012d
1780
01d8
0588
fd38
1f7c
f797
f751
0171
fb38
020e
02ae
04de
f950
11e5
fb48
f8ed
f83b
0100
0194
1008
fec8
fd84
01ac
fde2
010f
0419
03ec
1410
0bc0
0acc
ffc8
1997
ffa6
fe0c
0736
feb5
ff54
fb0e
09dd
fc1c
fe26
f123
fe18
04e2
04a2
0187
01b4
0962
fbb5
04c6
0af2
e313
fbc5
01bc
0b36
ff70
fd37
ff38
04fe
fdac
0501
fc19
01f3
0d52
f718
0529
00a2
feb4
f427
fcec
fbcd
0277
0642
076b
fec7
05aa
0447
f62f
fc69
fbab
020c
ff74
fdf8
fef5
059a
0559
fc91
fb1d
0a7a
049f
0751
fb21
0a97
04b0
0332
041a
0492
01f4
f6ba
112b
0491
fc41
fd9e
ebc0
0300
0183
093c
02d6
f9d0
f915
fd92
fae5
07d0
fb67
0d5f
fb91
fc95
ffe6
ff77
f7ea
0c7e
ef61
fe0e
fff4
f948
f6cb
fa52
fbb3
fa50
ffad
da3b
fa2b
09c6
f949
016b
01b0
fd5d
f5ae
002b
ff8e
f932
0410
063b
f64b
0d02
fa4a
0197
0517
0b03
03e3
f32b
f575
0b29
03d7
f97d
fc86
f8d1
0441
086c
0234
ef22
ff8c
f4b0
f910
0118
efb3
035a
fc15
0144
0027
03d7
03cf
fef3
e97d
f348
123c
011c
055f
079b
008f
fa45
01fc
10dd
0028
f4b0
00a8
fed8
0637
0bd1
fd78
09ed
040b
0532
0387
f687
07c2
2646
0cb5
0757
fe69
00db
013b
ff4d
04c8
fc0a
00e4
0baf
f823
04e3
ecaa
00f7
02c6
f9c2
068d
0849
fc0a
0d69
0408
044b
002c
f9c1
03ab
f395
15f4
057f
fc2a
004d
0b54
f9c5
fed2
1374
096b
0561
fcdd
fa63
fe1d
f34e
fddb
03e4
eb9e
f499
0359
f680
f968
03a5
082c
dcb5
093c
0bc6
00e5
f214
f198
e97a
fdc3
fa2c
fea9
064b
f6ad
f831
fecf
fe1a
fed0
f9e5
ef2f
020d
fd8e
f3d6
07b8
0f45
039b
ffa2
0061
fd07
fbe3
fc84
f720
ff57
02d1
04ce
0cdb
fa73
f83b
03aa
f29b
f83a
e883
0618
f783
f6ba
fb53
0899
f5b0
f2e6
f44b
f678
fe48
01b7
0139
f04c
fe98
0659
fce0
0302
f6b2
075a
0209
fbb1
0cb7
0655
fa96
f411
fca9
0767
fc87
1263
0b4e
0263
02cb
02ed
fc41
f750
0902
fef7
0078
f792
fc21
00d9
fb6b
f93a
fc90
02e1
f2eb
0036
fcff
f9e9
0a01
f26b
0186
fd79
fa94
05c3
ec79
f855
f225
f7e1
fd89
f7df
0747
001f
f6ec
ff1b
06e6
044c
f6e0
f320
0762
f930
0f9e
f393
fb04
03b8
048c
0f3a
fb61
0233
011f
ee94
008f
faac
06b4
f94a
fe1a
fe66
0452
04f8
08fc
0009
01b2
026c
0526
038a
004a
07f3
01ba
0dc4
02ae
0504
08a1
f72b
00b1
fc3f
fb6e
0450
f9fa
0a87
00a7
03ed
0463
0133
01b1
eb30
0052
00b4
f610
00aa
f851
06b4
0288
0786
0078
0575
fde1
0222
0471
f9ca
fee5
0bf0
feb2
07df
ff42
f9f5
08cf
f962
0074
ff8c
f991
0331
0628
fd6f
f777
0240
f6a1
f46e
00c0
07cb
04f1
1315
f422
df98
0ae5
14f7
fe82
028d
03d3
01fa
005e
f9b6
f99a
01aa
022a
036d
03cc
f9e0
faa3
0072
f96e
037f
1575
f8e0
0952
08d1
11b8
fbc4
fb9a
f0eb
10dd
f7c5
fc26
0aac
0626
05ac
1d1a
fa4d
fbd1
ffc9
0e25
ff42
f932
f351
f777
f30f
07aa
15d3
fd58
03d8
0397
fb42
0173
ff85
03a6
063b
07dd
0b83
fd9a
f332
fdfb
f8ab
fd30
0a91
02cc
0422
02a7
0318
f0c0
e4fe
fb03
f77b
f8de
1f25
ff49
feb3
fd24
fbb9
fd83
0a26
faba
23f6
fdc7
f345
028e
0ee6
f884
ffde
06f9
025c
0b65
0ffa
f9e2
0ac5
139b
fe30
ff62
fdf5
0517
f497
fe56
037e
0242
055d
05a2
f7e1
0310
fd03
0b53
0274
ef02
faf1
f8ed
009b
fcb7
08ed
fec3
f903
0566
fe73
fa89
070e
010d
1b10
0ac9
fde6
0692
0122
f3dd
029f
0e4b
fe13
07be
f032
00e7
04bc
fdc7
fc31
03f1
050f
0a1d
fc8c
03d5
08d3
fa77
eed3
fe09
f93a
fd5d
fa87
f9cb
fd85
f5cf
0141
ff53
0163
0572
04f9
f4b3
0941
f89f
0320
f0ae
f0b3
006a
0077
037a
03ed
f9b1
fd08
07c3
040a
ff81
0775
f5ea
f70f
12a9
ff52
0586
f98c
fe6e
fb69
fae0
0884
0230
02ed
fdca
03c3
ff21
0312
0383
0531
0aa9
f8af
fc16
f208
ea35
f3f6
f6be
0160
035d
fa3b
0241
fdfb
fc64
05fd
0150
016a
0730
0804
fe37
fb2d
02a9
f89a
05c0
fdcf
017f
f9ee
fbb1
f92a
ffa8
fd2f
faa5
0766
0876
fa3b
fe58
faed
e4d5
ff61
030f
fa63
f9d7
fed8
fc2e
06cb
f9ae
f72f
f801
f798
049a
ff9c
fbe3
07c5
03e5
fafb
fc9e
03f0
0310
092a
fb1e
0add
0338
fa1a
000f
0a25
f91d
015d
0731
04cf
f9e2
e71a
faaa
0a67
fdde
036f
0927
ff06
0023
0b4b
06fd
fd63
fdff
2463
04b1
fba6
f55d
059f
fb17
fbbd
fe19
0738
0796
0dbb
072f
0d1a
f49f
fe64
08d7
08f2
0167
fd94
066c
11de
0332
08b0
f1e5
fe64
044c
03a2
0739
06a0
f70d
fb1e
05ed
ffb5
06e3
1874
0bdc
fea6
0117
0398
fc74
08af
fcb8
f5a7
ff5b
006a
fa63
fe3f
fcdc
10ad
12f3
fa4f
0065
e393
e688
0533
f739
13bb
081b
fc90
f8f3
ffe0
0156
fdc0
f26e
141a
0476
f6ae
0225
1380
fa5b
0061
0f0d
056c
08fe
1844
0688
088a
131f
fe06
fcba
009c
0502
05cf
fd29
0417
061b
077d
0657
ff6c
fbef
ff8a
ffce
06af
e356
080a
026c
fe51
0607
f7c5
fa42
fe2f
064f
fb43
fcdb
08c4
fc4e
1737
106a
04b8
027e
ff63
f5ff
05ed
0d5d
f7dd
1a38
ec44
eb41
07f5
fdf3
f825
03bd
fce9
0508
fa48
003f
0b6c
f951
ee2a
fb7c
fb56
05cb
0233
f290
002a
e2d3
fbd4
fb94
019e
fdb1
0390
fdee
037b
f825
fe9b
f5e9
eabe
f9a3
052e
06bb
0820
f9c2
f75f
06a3
03d9
0958
0df5
f8be
e5f6
14ad
fc31
0ac6
f8f7
f48c
f702
fce6
0159
06db
072f
f7a9
fe96
fcc8
0305
03b9
0fce
0a70
f8c0
fcf4
edda
f854
f0e1
06c2
0031
0332
fbb2
02df
020e
01b1
071b
02bb
0782
0052
0b81
061c
fecc
fede
fa60
0693
01fe
0ea1
fbb7
fe85
f46c
f16a
fd4d
03a8
0782
0864
fbef
052a
ff04
f27a
032c
0203
fd4e
f69d
0155
f897
0978
fa39
fca4
06b3
f422
06bf
043f
feac
08e6
0049
fcf9
fa7c
0488
0225
0b77
eed7
0750
0c10
f808
ff2a
0232
eea0
0a5f
0557
fd17
0374
e96e
e066
139a
fee4
072b
088e
fc8d
f325
1d76
0394
017a
f923
1142
0853
fd9a
01b3
1617
f9c0
fb4e
00d0
0904
0337
061a
f98d
0df1
fa05
ff52
0d10
01b4
0435
10fe
05e9
1995
0a6c
0b23
f09f
0400
fc97
06f8
fd5b
050f
f943
0610
fe64
feaf
0536
001a
0161
f964
ff3c
03d3
fe55
04e5
00c9
ec29
00a1
0245
f9bf
0495
ed42
fe50
001c
034c
f407
f435
f9d3
fdb5
fc6b
19b9
f98b
038d
ff7e
01fb
fcea
f94b
fbb9
268c
f412
f66d
fe01
033a
fde5
ff3b
0cc9
faee
0feb
028e
fb21
f9cd
f411
039c
0b76
f870
0099
0739
ff1a
05d1
03fa
0a63
1096
0054
066a
fd81
0bad
0286
fd6a
00c0
ff8c
0184
0284
08d8
04a1
fe3b
fac5
fd3d
fac9
0073
0045
0742
0088
03dc
0563
fcb6
edff
ff6c
09b9
0357
f94b
fdce
fed1
0b2c
01b1
f02e
fb65
09e1
0cb5
f21d
04d5
03c3
0256
ef54
f5a8
fbfd
fe42
003a
f95f
fd73
0393
0367
ff96
04c0
0929
fc79
04b6
04ee
fb87
08a3
f653
f873
fbd5
07a2
00df
0aef
fbe1
fe02
049b
03b8
02c3
0122
00e9
f686
1183
fdbf
06c0
f674
f8fa
0683
fc33
06f7
fda3
fb62
fa9a
035c
fb38
0400
fe4c
0aa8
fc71
0260
fc03
f9f8
fb23
040f
f5f6
0205
fe45
0460
f8c2
fb68
fc4c
f9ec
009b
fde9
003b
09e7
ff1f
fe54
0173
fd9b
fae7
007f
fe80
f69d
ff44
ff23
0323
08ae
0225
fe67
0877
02b1
0592
f2d6
ee1e
02e7
fb88
f4fb
fceb
f939
fbf8
02b3
fc78
f6e0
fc17
feb4
fdb7
0404
f421
0635
ff89
fb6c
06eb
0207
0284
0383
eae2
0c19
02de
0000
04a7
fe41
f6a3
fb12
008f
10eb
f786
ed76
0933
035b
06e8
059e
ff7c
0c19
0d7a
fe80
08e8
f47d
09f0
2992
fbfc
070a
fe7b
06f7
ff40
fe2b
126e
fe23
fe0e
15e0
f892
0365
f419
0ed4
ff5f
fdd0
ff89
0868
ff24
0fb3
057a
0cd2
004b
ff9e
0404
fe38
1599
fe83
f9a6
034a
0582
fdd1
ff3b
0c6b
0638
065b
fa75
fdb3
013a
0277
0ce0
e98d
f492
04b7
f8ba
fc03
05d7
fe1d
fb38
0008
e544
f2b3
f3d8
fb9d
eefd
056e
f95e
f964
028b
0a83
f707
fc69
fe1e
29f0
f1ff
f4ec
019b
1799
09a3
010f
09c1
062f
00f6
fc2b
f576
0045
0224
0436
0c7a
f32a
0092
fcf2
fa9c
09a7
fdce
062c
0bd3
fff8
01a9
02b3
f958
0623
f600
060a
f168
fb6f
f311
1495
f634
fd15
f54f
f339
f944
009d
0684
0cda
f349
069a
0301
f91c
09d2
059e
0734
fa33
ee1f
fae0
f78b
115b
04ab
0165
0b71
fe8f
fc79
f0cc
01d1
07eb
fe76
e5a8
f81e
fcca
fc60
f8c8
fa66
03d9
fb60
0163
fce9
0752
0626
fc5d
0722
02cf
f4b0
f64d
f404
f910
fcc2
fb1f
fc23
fe1e
0524
008d
f650
00b0
ff52
fe7a
016f
0347
06c4
f95e
03af
edff
ef3b
fcea
0905
0b01
fdbd
043e
00c7
fed9
0058
fc09
f8e5
0185
fe9e
fd27
03a6
fe7f
1551
fb2c
0397
00f5
0665
0ac3
0116
0221
fb08
0955
ff45
041b
06db
ff92
03fe
ffd0
fffc
ff81
056a
05db
0537
0161
fdc4
fcab
0a2c
f73f
0015
04f4
06e5
f4e4
00af
feba
f1a0
0070
f9ba
0b3a
0980
fbbe
ffb5
00ae
ffa7
fc86
0328
02da
01c7
0224
009d
055f
07b0
fca6
fab1
fefe
0e6d
0386
f400
04d1
f698
f9b6
fd99
f71f
0b69
feff
0854
067d
ec0d
f87b
f1e3
0bb0
06f8
166b
051e
ff95
0834
021f
05cd
06d8
013e
33cc
f312
fde5
0403
10d7
0142
f9eb
1245
fd10
fce9
0ead
fd13
077b
018a
ff9c
fb69
f9f8
02c8
01bc
06c9
0733
f817
ff4e
09ed
feb9
054d
ff72
0ef9
f98c
f4c3
07ff
004f
fd52
037f
1257
fb43
06ac
0d77
08a8
05ad
fa8c
012a
e8b2
f3eb
0010
f170
060c
fdcc
f433
fa16
0acc
01cd
fe54
fb35
ef29
ea49
f24c
fb94
fecc
f877
0010
f5b7
fde4
f58e
0d45
0655
f76a
012c
022f
0062
eefb
0c4b
0653
0dd7
f500
fa6e
0655
ff5b
0069
fcff
fe75
0671
0c5e
11e9
030b
fea7
ff7b
f754
fbf4
f5bd
f320
fcdd
0007
fc21
14a4
f15a
ed23
e585
1cb7
ef13
0197
fa9d
ef0a
f0b1
0cbf
077d
053e
fe45
07b0
fd76
f71c
0459
f942
0130
fb30
efc5
f4e4
f037
20f3
08d8
f18d
0d22
fd7a
fb78
0009
024a
0f00
ffca
f5c9
fb0e
036a
01fd
f8d4
00b8
043b
0851
fb95
ee7d
033d
1089
05a3
fae2
0271
000e
f934
fb82
ff4f
02c1
f80c
01db
fed5
0a22
04b9
fca5
034a
f2ad
0380
074e
f94d
0ba9
fe88
0d41
00d3
f5cb
00bf
07c3
0743
f7b7
fa0f
036c
01a7
ff24
04c6
fe28
fc62
fbdc
02ac
0054
0bac
01da
08d4
f33f
ffbd
0ddb
fd66
f8ad
0829
0163
fab4
0146
00fb
fd8a
04b1
00ae
fe91
025b
00c1
04a9
f43e
066c
ffba
fe8d
f6bd
fbe1
0719
fd90
00b9
004c
f7d6
fdf5
03b8
fca9
ff39
fd9c
fde2
0334
0314
fbbf
fc5b
0173
ff0e
fbe0
fa0b
f9ed
fe6c
0741
fb82
fa40
fbaa
020d
0331
faec
f9e5
0334
0223
fb8c
fa41
fa72
fcd7
fad2
fb26
0387
feb5
0544
ff12
f2aa
0636
f6cd
0bef
068d
01c9
f38e
0316
f712
0e25
ff56
12c2
fcd6
00dc
06f3
1031
045f
01d4
0da1
04a3
f8e9
015a
1477
feb6
0145
f7c0
09d1
fd8c
0708
0bc2
0439
fa68
0498
046c
03c0
f832
01c0
fcd3
0b51
e908
055c
0c9e
0f22
000f
fff7
0c1b
f0e5
07c7
fc9e
00ca
01fe
fef9
0890
fdec
fa89
ff0f
0353
07e0
0645
02d9
0862
f579
ef57
f48f
fd1e
fe0d
f48c
055b
f820
fae1
0557
05e5
f6cd
117f
05ff
181c
0034
0adc
ffa4
f875
06d7
10c2
0a85
f858
02ca
fd59
0166
f1b4
049c
0415
05a1
f20c
0c7e
0da1
f983
fb1c
015e
0335
152b
129b
f934
0506
057a
0493
e236
07b3
fe36
0a7a
0a4c
fabb
0db3
0bf2
0425
ff0e
f921
fec0
1550
0d36
face
061f
026f
fa1b
ffe9
faca
0d06
02f6
f731
fec4
f0bd
fd46
0f06
e98c
f1ae
0c67
0e4e
0570
f7bf
063c
ffdc
e367
f71c
0470
f417
00da
031c
fdd6
0696
1047
0337
0a72
098e
012c
f4ad
f5af
02d3
fbbd
0727
fb0a
f925
01d6
0a24
fcf8
fcbe
f134
f112
1011
0325
00ec
d85a
f84c
10e6
fcbf
0202
fe75
f0a6
084c
fcae
1787
ffc1
fda4
fbbd
ff39
ff1d
0a95
0711
07d3
fd8e
f775
00e0
febc
008a
1f35
fc32
0b39
fe12
fb0e
143d
f79f
0217
fb81
0165
e14d
0632
042c
f422
029e
0cb1
f8f6
f85a
0477
0492
071d
0090
f757
044e
0de6
f26d
00cb
11fa
097f
0597
f791
edf8
0479
f34a
0c3d
f882
0613
07b0
f71f
ff19
fcde
0561
fbba
0604
0cba
ed7e
02de
fe04
fab5
13e7
fc7a
021d
0090
0109
f854
f4df
ffb1
03bf
0015
00f7
fee2
00a6
fdbf
045d
ea38
0d9f
084d
001f
fd64
f6fa
0221
09f9
12e1
efc2
023d
07f3
ff68
0fae
0000
fa72
0833
0455
f678
071c
0435
0e5b
0288
0223
0210
fa06
f43c
fc46
fbb8
eee3
0a14
fcab
0e35
038f
fc5d
fca9
fe12
009c
fcb9
fb3b
fafa
0521
02f1
00e1
fd28
fda9
fb93
0be9
05fe
fc35
1ed0
07b4
f8ab
0631
04bf
f0e1
f014
0bf1
fe63
0955
0df0
f70f
edc5
02f9
11d7
005d
f7ab
0151
f54f
01fa
0c72
ff7b
086a
fe8e
044c
056e
03f1
0453
f32d
e54c
0760
0229
f51f
eef1
119b
ffb4
fbf6
0211
01f4
02cf
f8c7
fa47
02b5
0540
01b0
0795
f66f
f2fa
f4d4
f425
fe3a
efad
06e3
083f
f353
ff9c
0178
ff53
ffc4
f386
f51e
fa14
fd6f
0365
fb82
083f
0a5a
f902
09ab
f09c
fe85
fd45
05a3
0a3b
0617
0103
04d2
0246
fea6
03c7
0e35
0a2c
0a77
0186
0c5b
06c5
0731
02ee
fab6
fff8
03eb
09b8
03f4
fe69
f880
02c4
ff0b
f007
0ce4
fe6f
f177
0782
f8d0
face
06aa
0324
0aae
fef7
0167
f477
ea9d
f842
f224
021f
0658
092c
fca0
f971
f6c7
f884
0820
09b2
01df
ffee
f124
03f2
ffcb
0200
0ca3
079a
0200
03fa
fc55
ffbb
f4e5
fffa
fb3f
fcd7
fb8b
00f6
0aa7
ff57
fee9
f946
03e4
09d0
fe6f
01a8
040e
fd93
0493
fe18
fbca
00b6
f8e7
fd2b
fe8d
fcc8
036c
0015
0440
fcdb
011d
fea7
fa1f
0314
f2fc
017f
f8b2
fb66
047d
fc7e
05f8
04a0
0764
0648
fb5f
0573
0028
0804
ffc2
fc15
060c
0066
05e3
05af
fdac
fec1
fbd9
04c4
fe7f
f72d
02ed
fde2
fdf5
072c
fdb7
fd87
e813
fcba
16d9
0e3f
1a93
0728
f5be
10e1
1586
fe63
fe03
0219
f98c
ff78
ff8f
f2b2
027f
feff
0869
ffcc
03c7
086e
f7a8
e180
04a5
0d18
fc15
fd91
07c1
0f8c
f1cc
05da
f439
0dbb
ebcc
0c67
05b3
0808
01d3
009b
f900
f419
f7a7
fdc9
fb6c
fd29
fadf
f4ec
0876
021a
0070
019a
09ef
fff4
0100
1a94
005d
02ff
00ee
0a9a
f894
0b27
0ea8
ee59
ed98
076a
f3cd
05ae
0370
fdc2
0399
1112
1b6a
0515
f8c3
fc7d
f347
fab5
12cd
f436
f9bf
fa79
047c
00ba
fdff
0aa1
f62b
f1f7
048b
fd9b
f61e
01cf
0ca5
0267
eeae
f8f1
0470
fe88
f7f2
f1dd
fb26
13b4
09a2
08a2
fbac
faf6
f0ca
fba1
09f9
e22d
1016
ff8a
f7f1
ff3f
0f47
ff1d
0003
fe86
fad5
f9e5
fda1
fef2
fca1
f5c7
141a
05dd
f8fa
f908
fdf0
ef1e
006a
082f
fc47
fc7c
03d9
f924
fa1e
fd5b
1101
19a0
033d
f4d2
0b95
01ce
fa08
fedd
03ea
fe73
0686
04fc
083c
04ee
facd
fc71
fa7c
f4b7
0d9a
047e
e9d8
0a1c
f797
fdb1
04e3
0bae
f8e5
fb8a
071d
f90a
f57b
0157
fa55
08a0
fde0
f15e
0515
e117
f1b4
f3f2
01ec
082e
f3fa
0a58
f622
f64b
fe64
01e7
082d
0611
f530
041b
fafb
f9f2
fbaf
05f9
f523
f71e
fa15
0341
fe3d
00a2
fed4
fef2
0302
0155
f083
0269
0618
0a9d
fe7b
f783
f7ea
f49c
fee8
f9f1
080b
ff8f
03ef
fbde
049f
f6e0
0449
fe46
fc6b
02ae
1693
0099
f4f7
02f8
0453
04dd
fd21
03e0
ff16
01cd
fbe7
018f
fc2a
06c5
f5d7
fe19
08c7
fc6e
0524
0312
fd69
fba9
fb21
074d
ff98
fffc
f6d2
026f
f42e
0e94
fa3a
0120
e333
f55e
042f
0c72
0fd6
0939
f6d7
0da9
2444
0361
fd31
0703
06e5
f1f3
0889
ed16
0118
e91d
0a9c
00d6
f8a2
faaa
fcdb
ead1
0183
00b2
07da
07ce
0afd
1305
ea42
0b44
ee11
0b4b
e966
112d
fa6e
0105
0d40
fff3
fe29
ffd3
ef45
0f5a
f83b
efe8
f537
f581
ffe0
0a9e
02fe
0603
0472
ff2f
0097
108d
0564
ff08
ff1c
07be
f4af
fad3
eceb
f5e4
fcbc
f39a
0556
ee12
f4b5
f86d
0179
f845
dd77
f80b
e84e
ec1d
fce9
f666
f050
f5bf
019e
f186
038d
f677
13ad
060a
f81a
02f5
0177
0026
fb5d
f727
e4a2
11e8
0170
fbe1
fcac
07f0
eefc
fee4
f506
fe67
105f
0e78
fd23
f741
0989
003f
f686
fdb1
f0b3
0563
f1e7
f047
079d
f0de
e0b0
f598
0e7b
1646
f582
0c4c
faa9
f9f3
025c
0d3a
1e5d
0e3c
0dd4
091f
f749
fb68
ef4a
006c
0400
0119
f2fb
f829
0248
0cd7
df65
0004
fee1
0b78
ff30
fe35
0453
faf9
df88
0173
040d
0260
f4f3
f1b6
015c
fb53
fdd2
f025
fe07
0c50
fb61
f426
ff59
fb13
0386
ef5c
ec70
f993
f363
0f3d
f63e
f075
0492
0e47
0a7a
03cb
0ed2
ebaf
f314
0fab
ffb6
ff71
ee63
0c5b
0577
0ab3
0d75
f120
01c9
fd93
fbd2
00d7
0bec
075d
ff9d
0428
0501
fb76
01f1
f008
1294
efe3
027b
02f2
0458
0cb4
f772
f910
01d3
0760
f326
09f3
06b8
fe92
025e
0767
fca2
0041
f70f
fd2f
fc68
fa22
000f
04aa
0368
f3d6
02b7
0066
ffb4
0565
0074
f68e
fb96
037e
f5dc
f683
05e4
02e0
f461
fbd5
fa29
fc15
00d0
fdf9
fe35
fec0
fe77
fa25
fe84
061f
fc7f
f3a8
fbdb
0ae9
fea3
006b
10d2
fdfd
05a3
e7ea
f54b
fbdc
fbb2
022a
e29f
042e
0654
f333
ee89
02d3
f76c
0535
088c
f4a0
f670
fe47
0bd4
02b7
f206
fc69
029d
0363
f376
fe22
fcff
03fe
fc95
fbc6
ffb9
fa2d
f16d
07f7
060a
f70e
0573
fe9b
0103
1183
092f
fca5
1542
0497
f335
044f
0157
00c0
07c6
fd14
f6c4
0953
18fa
07fc
fe41
0407
01a4
f2af
f681
0c09
f7ee
00fa
f4d3
f13a
0600
fbea
056f
f909
042e
01ea
015d
1217
fbf9
e311
e233
0860
fc1f
034c
1522
faae
eb61
f7a4
18bd
0e8d
f9c1
f9bf
1077
030d
ec79
121a
ff42
19f0
f19a
eb7d
fc1d
ebf6
ec13
0888
f9e5
068e
05e4
ee43
045a
f9b8
f692
ed50
0b46
d611
0e24
f8c3
0696
0d33
182d
f822
0ab1
e3fe
1559
035d
01a7
f823
f453
f321
067b
0b95
fe48
fe4b
0412
f6da
0527
0386
f3fa
0b00
f6b7
e878
f97d
f901
0893
fbc3
e299
073d
f9c4
0054
f8bd
0758
f756
fa23
0098
05a4
04a0
f53f
f896
fec0
fe21
0c86
0e42
ff79
001c
ffbe
f39a
1144
faab
fc6a
f482
0ca8
046a
f770
fe8b
fec2
fa78
09e8
00e4
e235
03e1
e8e6
016b
00f4
0617
0b56
fd4a
04e4
05a7
f78d
fe98
07e8
ff5c
fab9
f484
f929
06c4
fc4e
f7be
fc2d
f3c2
f1e0
f46d
078d
f56f
fef9
fd30
0382
f2bb
0ace
fac5
0032
0f05
0580
f973
02ae
fc6f
f8d6
0ac1
f869
faf7
02a2
009c
f983
fac3
fd33
0488
fade
0286
fdd8
0aaf
0b48
012d
0dfe
000c
03f3
001b
fb2c
0290
fced
1214
0bc6
f72f
0215
fa42
049b
f5b4
f9e3
0065
fc58
f9c9
f7c3
ffe9
ef7d
fe5f
0676
ffe6
fb42
0037
0542
efd4
0296
f138
f516
021b
00d7
f258
0b11
f6fa
f3f0
03d4
0b89
05c0
0506
f6b3
14ea
f538
00d9
0acf
eb8c
06f1
072c
1f7b
081b
fa83
f3f1
0bdc
ecf4
fff8
227c
1515
fd8e
fb6f
0297
efc9
0507
fa3e
017b
fae2
00cb
0084
fea5
fbfe
ff3e
f629
f45b
f9be
eda9
0c02
fbe3
03d4
feda
0fc7
0400
11f8
fbaf
0352
0323
1093
0466
0161
05d5
e822
f73d
e80d
f57c
fdd8
0115
f6c8
f86b
fa1b
fa9e
fa47
00bc
f3c8
e468
f6c3
f55d
f69d
f983
fd93
f77b
0e6a
feeb
f62c
f88b
0dc7
f86d
f390
f519
f506
0167
f6b2
024d
00ea
0a3c
fecc
fdc3
fed3
012a
fc36
f97f
065f
10a4
0c15
0e82
fc45
fae5
02d9
07b4
fa6d
fd53
f667
ffdb
f8ef
ecae
0c9b
f3fe
f20c
f409
0f86
fe5a
fa09
ede2
f2fd
fb2a
0776
0308
0941
fdac
0896
0503
ee92
0470
076f
0e00
f8ab
0d5a
ed4a
f06c
1a54
0722
f1fd
0a52
02b3
fd75
f170
0acf
0d64
072a
e8a5
05fa
fef1
fe6e
fbdd
edd7
06a8
01ea
facf
f4bd
07b8
0e93
014f
0a4c
fed7
0027
fcd2
f514
f35d
0213
fbb2
040f
033e
0680
0590
fe90
0dec
fdf9
fcfb
015c
f42c
0949
0504
098e
f2c3
0155
fe42
04b8
0650
01f1
fc22
0111
f71d
009c
060a
f74a
097b
043d
0067
fff3
0cae
0996
fb33
0312
fe9c
04f9
0717
fe9e
08fa
f508
ff1d
069e
ff88
0005
0361
0456
0189
00da
03c6
0bd3
fbeb
08b5
ff73
fdc5
f794
f8b1
fc69
094c
f7ce
ff41
ec34
0815
052b
0171
06be
005a
f6b5
fd44
03ed
f9bf
fed3
017e
0299
05f0
06c4
fdc2
fffe
ff18
05ba
0363
f93a
fb43
0567
ffdc
f5a4
f39a
0822
0229
0e15
0666
f3b0
0276
012d
fb2f
009a
09a9
e9fa
ddfd
055c
f596
08f3
03b5
0b6d
fdc7
05ad
0a2b
f728
0c02
0f8e
0066
0765
07c8
080c
0755
ff05
003e
fba5
eb09
0161
ffb7
0334
04c6
00be
f3d2
fa9f
114f
075d
fd3d
077e
0401
0a88
144c
f9ea
0d12
f717
0c6e
f22f
fc89
073a
0939
fcbd
fef5
fc71
f211
fc6b
f661
0359
0bcd
ed04
f54e
03f1
f5e9
f9e8
0350
f6a7
f7b9
fb3f
009b
f3cd
0472
024b
f661
f1f2
f75e
f54f
ee7b
044a
f378
06e9
fbd5
f8dd
fc78
02e7
0030
f364
f515
f908
f9e6
fb15
09ef
05b1
04a8
fadb
f8df
f511
001a
f9d0
f4cd
fa43
1a35
1269
0b98
fc53
f85b
ff89
ff6a
f9de
fec8
fa5e
0999
fad1
f5f4
0863
f078
fb41
f41e
f96e
fa92
f896
eee3
ef82
f5e2
05aa
0305
0430
fc5e
03fc
febc
f931
038e
0260
0848
fdb7
08e7
fc48
fddf
1387
09e6
0068
044f
042b
0610
f9f7
0a32
06c6
027b
f557
ff5f
00ce
fc63
03df
ecd6
0068
fb0d
03f0
f9a4
fc9d
08df
024b
02b9
0509
00dd
ff42
f73b
fb82
fb6d
f6ab
0090
02f3
0a57
01e5
fae2
08a7
f61d
f6c8
fb78
f527
0af3
0819
0e6a
f921
0796
0226
02c8
08ef
fdd7
f801
0107
f1d6
0385
0383
f8d7
0257
05cd
fd25
fe23
0a66
00c2
fbca
03da
0460
0325
faed
ffcf
0849
fcd0
fb84
049d
fb50
fd7c
fdac
0127
ff33
006f
0686
0379
00ee
031b
0246
02e2
f9b4
fcef
0304
053b
f5b9
fd2f
f959
08e2
07af
06c8
ff67
f9bf
f7f4
008c
0357
0105
04b5
0318
0b63
005b
0413
ff31
fc8c
032a
fb4b
0211
f9f5
ff98
069f
f9b0
f67c
013a
0315
fedf
0321
0392
f9fc
0f57
0e94
f368
fd81
0f1f
fa4d
f7c6
02f7
fbbd
11a6
f68e
09f4
f808
04d8
ff70
fb5c
0bf8
fbf0
0171
0899
03e2
067d
0d4e
fe8f
0344
fe86
ff91
f112
0242
fef7
03f6
fdb9
fd43
fc6f
12ad
04d1
0462
0327
00a4
fc97
10bd
fd17
0951
f450
fc96
ea57
076e
03da
050e
0248
009a
fb12
03cf
0344
f5a6
03db
0b51
ece7
05a5
ea7c
fabd
015c
003d
0889
efeb
01bd
f938
ff45
f3ba
fdea
f85c
f654
f46d
ffc8
0492
fdb8
fcb0
1337
03c7
efc5
fa03
114b
05cc
f6d6
f82e
01f1
f8fd
f321
fcab
0132
1086
0047
f8be
fb27
f05e
ff4f
065e
0d2b
0714
fe18
ff9b
fdd0
fdd7
ff7b
fa33
0970
f5ba
fc65
f442
fb99
f54a
10b0
f78a
fa2e
e4c5
16af
f711
0121
000f
fd76
0222
018b
ff8d
0b26
f95f
0266
068c
fe06
fb67
00b6
0b19
f710
f8dc
f083
f85f
13f4
ffd2
eefc
0d7b
01c6
fe57
f833
0b24
0200
0609
e6f2
057d
fda9
f82d
fe43
f82f
08c5
0cc5
fdf9
f105
0726
0919
f6b5
08d7
0200
016f
066a
f640
f893
0184
0325
01ed
fd93
02b9
0a7f
fcb4
0d06
fec1
0340
0b12
edd7
0da6
fc4a
0303
ff46
f266
0141
095e
0279
034b
01f7
fa29
fca9
fb79
0f5c
fe22
087b
0226
0065
0102
08a8
0bdb
fe21
fe0d
fcd0
0b05
0dfc
f37b
0913
f63c
fc7d
08b7
0dbf
0127
0a81
fe5c
f5b2
0150
049a
00ce
f7d8
0e3c
059c
f81b
f7b4
072b
fb37
0320
ff83
fea7
f223
fecb
0523
fbf4
05a5
fe30
038a
fb9b
fabe
fd64
fb1a
0502
f648
fc3e
f9f3
0400
ff0d
04c5
02e2
07a1
fbd6
f9d4
04d8
0758
fcba
edae
0444
fb51
0349
fe45
ffff
f7dd
f83b
fca1
009f
fc4b
f38a
fa1a
0138
fe4c
0327
0bab
05c9
035d
08db
0ee5
fce7
082b
174c
096d
01b4
fefe
15b5
ff0f
fef3
071b
0731
e9ce
0c9a
0673
fb27
fa71
0af5
f317
02c7
089c
0b35
fd05
057c
003e
076c
ffcb
046e
06da
054c
0106
ffb3
fba0
1446
1187
0117
f8ac
0f1f
ebf5
035d
ffb9
fd93
0b10
ee14
1548
ff41
d8f3
ee59
1030
fb29
1233
2034
f1ec
e4b1
ed5d
ee8c
118d
0944
0f7d
f6bc
0dda
1e79
0a51
2282
eee7
18a8
07ca
09f4
012e
226c
ff4e
f790
ff6f
11fd
01b5
ee5d
0226
fcab
0b0f
04aa
f550
e44e
1873
09cb
0db2
001a
ec1c
d701
f533
f7c1
fa10
f84e
f7fb
0353
06af
07b6
f533
0138
0eef
12c9
091f
f782
0685
046b
125c
15f7
037d
00e3
f983
2b59
df6c
f150
0275
0342
17f0
0475
0972
0973
000d
fe81
fcac
f9ee
0ea6
ff6e
0056
2290
1493
f5bb
0341
ec77
f60e
040c
f5f1
176b
edf7
ef43
0914
0018
ff62
0adc
faa1
01da
0571
f96b
ffd7
fa48
13db
00ed
02a2
0daa
ccbf
e65a
0852
0196
f692
12aa
0803
0595
00c3
0b87
f62f
ff98
0800
fd9e
f24f
ffb2
018f
03d5
ff96
0cd8
00af
ff0d
0bb0
ef49
fd76
065a
20fa
fcb9
f182
efe1
00e8
072f
fbad
06e1
fe11
faf0
0534
01aa
0fb7
f565
0a5f
fbb0
0883
fb9b
f5ab
02de
fb20
11e8
1152
fd18
f70b
05c1
0372
061f
ff97
00b4
07be
f1b8
fb27
078d
0343
080a
fa9e
fca9
0369
fa4a
fe66
f9bc
0c51
fa68
05fc
f701
fa65
eee5
02c9
fa08
13e5
1b8c
f8f6
fe64
fe6d
0246
0ad5
00e1
ff5e
043a
06d7
f559
e644
e495
f837
04f2
0074
0ae7
00c0
0a83
003a
ee3e
061a
fe06
0140
021b
1026
0450
f69c
1c43
f07c
f73f
ffe2
0b50
0b48
fb57
facc
0ad9
061a
000a
ef48
064e
21c4
f4af
0cdd
ec1f
f4d2
049f
0649
feab
15d8
135a
00c7
eb65
fc1f
fcd2
f053
f9f5
fc32
0069
f1e4
1718
ffb6
10f4
fd10
f0da
f6ed
f9dd
1a0a
fee6
f7ca
f730
eb8f
f0e3
04b4
f4dd
fdf6
014a
fe8f
03db
f4c5
08f8
0458
f8f3
fb09
ff09
055b
ff17
fdb6
0f5d
f734
02ec
03c2
1085
fafe
f44c
f84f
2233
fdc3
f689
f45d
04e3
05b4
01cd
0661
fdbb
1b17
ffea
f979
fa4f
ee54
06e3
1099
ff67
06b4
0553
fb49
0212
0397
0531
0bac
099b
f6c0
020b
fa88
fed0
eeb2
09dd
f983
03da
fcc0
f762
0e84
060d
edb4
fc07
fc98
fc0e
ffad
083c
fb99
006d
093f
f9dc
f7b7
fce6
0d76
fccb
fe36
ff08
fd0e
05d6
090b
eb6c
fb3e
066b
0431
f840
fe90
fad5
037e
ec57
f885
ffd9
f3ff
020c
024e
053e
0acf
08c2
0456
07de
08e9
f915
fd22
0024
fec0
0469
fdbc
e892
ffb3
01ec
041f
fd7e
0053
f838
fd61
0b1a
fb26
ff17
f48d
f65b
1351
f85a
05e2
0321
f137
094f
f9b9
0806
01cf
fe12
efc2
ff08
fafb
0c25
0147
05cf
05af
fbbe
0039
fe7a
095d
078f
04a7
f97d
0298
051b
fc98
fedc
fddc
fd72
0197
fc7f
ff35
06ed
03d9
f8f3
09b5
00a3
f130
0100
0d27
054d
fc22
fe4a
03f7
0a43
00c8
001d
1098
049a
0498
fea7
f66e
0632
f9c9
0386
fe37
000b
fe67
f882
01b7
f5a7
f8ff
f961
09c6
0343
f508
00ba
f8dd
fd8c
fc52
f8a7
0729
ff4e
efa8
fef1
ff81
0476
0254
fc71
f46f
fe99
00de
08a4
fed2
f441
0d37
ffdb
0aea
0143
0238
0620
05cd
07b6
0564
fb43
0907
1e09
0d6b
07f2
fdc7
0d4b
0177
fe1b
1115
05c9
fbed
0880
00e2
fea8
fb09
076e
fd1e
ff20
046c
06aa
009e
111f
0904
0407
02a7
0257
0225
fc3e
02bd
f6c9
f575
08ae
04f3
00e5
ffef
0225
fb73
076e
f881
01eb
05c6
f515
fcb9
06f4
f2de
f3e7
04f3
fef8
02fe
0525
f825
e0fe
039c
06bf
05af
f28c
0092
f059
fbfb
0883
fb5e
0d76
f478
08cf
ff31
074f
0691
fced
ee0d
01da
038e
fc35
f467
074c
042d
019e
04d9
f981
086b
ece5
0011
fe24
0c83
03c2
098e
ef53
f3f1
f873
f9f7
f47b
f48f
ffae
0a3a
ed7b
02d8
f901
fca2
f965
f725
ef18
0858
fc87
0787
f868
0ace
05f3
fe27
0eba
f771
fc7c
fc16
0292
0e66
0220
ff6a
0266
0ae0
0538
fee0
07ba
08f5
079c
fc88
0d9d
09fc
0215
0ab8
fcea
fb88
0034
043e
0741
fb15
fdbf
fbee
016e
ede9
09dd
0312
fb32
095e
f4c9
fd86
05f2
041c
02bd
fa5e
00b6
eb4c
f158
f902
fbae
0094
0704
00f5
0444
f64b
f9e9
f755
f450
0d95
05c3
00e7
ee95
08e8
0311
045a
0ef9
07b3
073f
011a
f718
05e7
f9f2
043d
fb63
00ee
f922
f644
ff89
f637
01fd
016b
019e
07d7
fbd6
075f
0436
038c
08db
0749
f9ac
03cd
f369
fd79
f960
0723
0348
0084
ff54
f9c5
025d
0745
ff04
0175
f47c
ff13
fe37
f8b4
04c3
fd68
0888
0597
fc49
fd19
f87f
f914
0109
0937
fb7c
f9ca
0cae
00e9
0229
ff33
f5cc
0214
f52f
06c7
fdf0
fd65
0426
fd4c
fffc
1373
fd0a
f2d8
f5f3
fb7b
10bb
0a75
1487
f888
f29d
12f8
0851
0429
fbc4
fc6b
fc94
fbfb
0219
f8c8
0ccb
fb31
f9cd
048d
067d
063c
f6a5
ece9
febc
13e4
eecb
f5a6
08c0
10a9
f3b6
1092
f17e
04c8
f0b4
0a7a
00e6
0dd6
ffdb
17a3
f866
f357
f763
016e
fdee
fc27
f570
f2db
fb92
0b89
0370
02c4
fd59
0768
f58d
272f
fe25
fc52
ff05
086e
1986
fa00
f619
fc77
ff3f
ebd7
0939
f392
f9da
feaa
0312
f069
f03d
02a9
fb7f
f036
12de
fac6
f5b3
ff71
f3fb
f06c
ef12
f278
1eb9
f1ff
f800
fd7b
1d20
0062
fdbe
1396
01c7
fd42
f904
ee98
0392
062e
02db
0911
ec63
f952
fd87
fbae
16eb
062d
074b
f63d
ff90
f933
0072
fa3c
03d0
0757
f5e0
f41c
048b
f6b5
15cb
f4b3
fdce
fbc4
f906
f5bf
0684
0319
0983
fda0
0d5c
fcf5
fbe0
f87c
f56b
ff14
fcdb
df39
ffca
fcaa
0739
0a10
f7d2
019a
fe86
0ab3
ebb3
f962
0606
fbd0
f285
f133
fef3
fc84
fdc4
fe2a
fc62
f8c0
08d1
0225
016e
0379
0027
fbac
0758
f471
fef7
fb6d
f155
ffbf
03bb
0104
0771
fd30
fb4b
000b
009c
f4f5
ff9e
05b3
f5f9
0969
fdce
05e6
fef6
eb69
005a
0055
0604
f745
050e
f98d
025b
fff8
f6d8
0673
f593
fc1a
fb6f
fc39
fa2f
063d
05bd
ec32
0014
04bf
023a
fc12
fe09
027f
04e7
002c
04e2
0934
0b37
fd8c
fadc
0336
fa36
f9b3
fee6
fdbb
f6f5
fbec
0555
0bf4
0381
efeb
01a1
0433
0748
ff0e
eefa
e97a
fa36
fae6
03a6
f81c
fdfd
fc60
f8a3
fba1
fb89
f455
f393
0308
0110
0486
04c0
0cb6
fd1d
0613
fd06
1459
0e83
f382
05d8
00e9
f7bf
fad7
034e
ef83
fae1
04c0
0498
ef3b
febe
01ff
0c7a
106e
0472
06a9
fc8f
09df
fdad
f6e3
ff82
ff66
1e77
ee3e
fcc5
fedd
0753
fbbc
f99f
1574
0ba4
0409
129e
0033
0de0
f7e2
02df
0b15
fe51
f4a3
fd2c
0959
0946
fc42
05f7
ed92
fb49
fbf7
0a48
08ac
f8fc
0068
0118
0103
0587
fef6
271d
fd6e
04cc
0bd0
07ff
f848
17af
eea8
f367
fe55
fd5d
006c
ed12
004f
feec
f752
fe4c
f10f
ec76
ea99
060a
fe03
0bc5
fdae
fcd0
0150
0b12
0081
f9dc
fa35
1531
edda
00b3
00d7
12f8
0784
057e
1182
fe2a
ff61
0294
fd27
05aa
0e1b
fe84
0979
f4fc
f885
06ba
fe07
0dc8
05d0
0a72
0df0
0238
0051
fb0a
fadc
0314
074f
f293
fcba
05f7
0737
02bf
fab2
fa20
fe49
04df
01f8
0774
f58f
0765
fbfa
031a
f9d9
ec45
ff00
fee9
027a
f81b
0363
fd20
f80b
0593
0d3e
f238
fa51
0591
1012
f448
f860
0876
fecd
f72a
f4ca
03ac
04d8
00b9
f21d
fa77
e228
0a5f
02f8
ff3c
06d6
033f
016a
0f84
fab8
fe71
fdd4
ed25
f8cd
0afd
fd9f
0e9e
f931
f92c
0425
0226
fb97
03ea
1b35
e52a
05f9
fe9b
0821
f251
f1e0
f732
01f7
02a1
fa6a
086b
f7b9
0352
0668
f41b
fe37
01d8
fc95
fb97
fbf8
f942
0ca2
ff2c
fbb1
067b
ffda
05cc
00ec
fd05
0a21
0945
04d2
125d
0765
012c
0576
f089
02d3
ffad
05d8
0395
02e8
fb00
0183
0510
fdb7
feb1
f89b
ff2c
fbf8
047e
0487
ee65
ec29
00e6
f948
ffef
eec3
f77e
fa4c
fb7c
fe70
fcd8
03b2
0045
fb06
0a81
073b
099e
04e5
fad7
0e26
012b
135c
0742
ed29
10fd
fff0
f5fa
0495
fae9
f623
0492
0160
0553
0265
fc01
ec9e
1445
0e92
06c9
044c
086a
fdb4
1263
029e
02fd
0c56
112c
f14a
ffcf
fee5
0b4f
fc1a
fa8f
fcf6
0a67
0dbc
1088
02dd
105f
ee18
03bf
1189
fff4
f395
0f6c
0a56
10c4
f27a
11b6
f10b
f8a6
fe33
0d5e
0566
fbb4
186c
022f
12aa
ff3d
ffba
f595
0611
fac9
0c70
086f
f74a
fab9
107e
f28a
f996
0183
f573
f9a3
f803
088a
ffec
fe15
fdd0
0388
0985
fa7c
f986
1071
fc96
fe01
01b7
0a65
f687
f4a6
f713
280c
f5d9
f555
f910
120f
02ce
fef6
0b90
fb4d
0ae6
01ca
f773
fa86
f091
01d1
1325
fd38
0234
fbec
fa71
027a
0071
08f5
086b
fecd
fe91
007d
f893
023e
fcb7
017f
f5ba
039a
ffe5
0d3f
fca6
ffc8
f087
fab4
fd35
fd0a
05dd
0e77
fb56
025a
00c5
f3e2
0048
01c7
0bd7
fc6c
fe89
027a
0398
094a
0708
f715
0058
02a6
0590
ef79
0350
ff9c
04ef
dfb9
eda9
fdcd
f867
ff27
f771
ffdd
fd95
0408
00f5
04e1
07af
f9cb
0488
0746
f762
fd85
f34d
f4a9
fd3d
00a8
0137
06ba
fd62
f8d2
f5ea
0a2d
faf1
014c
00ad
fac6
0d37
fa22
0836
f7ce
e95e
02fd
02f0
0759
ff5f
fc37
f694
0168
fd4d
fe37
fba0
fc39
0068
036c
003e
f982
15fc
fddf
0801
ffda
02a8
0973
fe36
018a
0191
fa4e
0329
0460
ff63
0a21
0474
fb9d
0175
0327
037e
0282
074f
009d
fb0e
03b5
05fa
06f7
05dc
026f
0dc0
fc76
039c
f6c5
f461
0211
fc5a
ff53
0237
f598
fe9c
fb0e
fe72
f83f
f8f9
fda9
ff1f
000c
fb09
05ee
fb7e
fde8
0158
fd1a
0d55
01c0
ed2f
088a
f861
f8dd
ff8e
f390
fbfa
fd5a
00f8
0c7e
f85d
00e9
0b61
0406
0d92
105c
03dd
0528
0cdf
0412
08f0
fe04
0afd
282c
f5ac
09b2
ffa4
1497
fb2c
fcba
1a89
049b
f986
09d8
00b6
0023
fa12
0e8a
fc24
ffe3
fda4
fc25
042d
0b34
fc56
0b3c
03ba
fde6
012f
0171
0137
fe8e
f368
0beb
0659
ff8b
ff50
0bc9
f383
0809
ffdf
0244
02b9
01bb
0ea7
f782
03d7
0e1a
f122
e22c
04c1
0045
fefb
ff49
f356
f380
f277
f6c5
f719
f260
f1b5
f997
f3bf
085f
fa3e
fbb7
fc96
240e
fa95
0767
10b8
1051
1167
00b3
ffbc
fd86
fe74
f797
f456
0315
fa52
f1dc
0729
f665
02ad
fc6f
f473
095b
fc0b
0bb5
ef17
f4ab
fad8
fbce
05c7
fe71
f260
ffd9
ea5a
ff74
f66e
0268
f606
fd86
fdd5
f0d7
038c
00a3
0717
0c45
00a7
fae4
f418
d9aa
0b2a
06c6
fa1f
04ec
fd1a
0581
0176
0d76
0825
054f
ffcd
f593
fc92
fb1c
ff47
07ab
0281
f341
fe3f
05a4
1156
0323
f835
08f4
f5f6
ff0e
021e
01cc
0316
013e
fecb
f9b0
f914
ff3f
eeb8
f3b6
f8da
0190
f87b
0bc7
f62f
031e
e845
0202
03f9
0805
fe39
03d2
068a
076e
ff73
ffab
fefe
01f6
0d28
13e5
0a2c
ffd7
0068
ffca
f9b1
f48a
0036
e55e
fb77
02ba
045b
0dfe
0017
f332
0436
077f
05ed
0b0c
050a
02e1
0043
0f51
008e
fd5e
ffd8
f9e2
110d
0826
f722
f5c4
fbbd
08d0
fdc9
f74b
00c5
03af
036b
f99a
fa38
0118
ff5d
fb7c
fe80
075c
f308
fce1
0057
f9e9
045e
f82e
0392
f903
f003
fc4a
fdbd
0194
fd76
023c
00b3
0d31
03c4
04a5
fdc3
fbbb
1512
02f6
f64f
0c75
0d9c
e4ed
f6f3
df0a
0427
fb05
0b7e
0398
fbe8
03c9
fb50
feaa
142e
0f7c
ff4a
0083
fca5
0b9a
f9ff
fd11
0564
23fa
fd8e
0754
1f69
0b9e
ff45
f642
08c4
fbae
fec8
fce4
07fb
10b0
f291
f51c
ff0d
f79b
fbd3
fd7b
088f
028b
f6a6
107a
055a
fb48
fac8
fd30
09ab
0798
07b8
026d
1101
056e
00f1
0aaa
f6cd
0d66
05c5
02b0
0814
f853
0566
f548
eb73
0b8a
08ba
f65a
f83a
05d9
0b78
f001
f368
07f4
04d5
ff3a
015f
0440
fb63
f80a
ff37
fbd6
f39c
032e
e989
1a59
ee2a
f734
f417
0977
19e8
04df
f011
006a
00c0
f69a
fde6
0819
f8c3
facd
fa50
f9f9
0048
f7e9
fd3d
006c
070f
fa8e
ea17
f3ac
edf0
fa0d
063e
ed2c
f78f
150a
fb81
f131
f55d
09ea
f70b
fba7
0a60
f561
fe60
0954
f964
0ac7
05db
f748
01e0
edbb
ff0c
fc5b
127f
e249
f617
1894
127e
010c
1032
0ab2
032a
f7b4
0bf1
00d6
0667
0bbb
fc49
f63f
ffd1
f400
045c
083e
01e4
1598
fcdd
03ed
030b
049d
0603
fad5
092f
f5ac
f879
fb98
ec93
f499
0752
05f8
fc44
0309
fbd6
094a
e8cc
11be
fd81
02c3
f6b9
fc95
09bf
04ce
1186
f3c2
fc87
fc8e
f976
097a
fad8
fe92
f9f4
fce9
0488
fb95
00bf
0656
05c4
08d0
ff31
f706
fdfe
f34d
0a74
0737
0c7b
fbbb
0388
0aec
06e5
0417
07b2
03d7
fb6e
0008
0068
0047
fd52
fb5f
f4bd
fd3e
f92c
0019
f9d5
0703
011b
fb29
f93b
ff4c
fd7d
f70b
fa53
fefc
f8a1
f956
ff27
054f
111b
ff09
0625
f99b
fafb
fe15
f92e
fe81
f9f4
f872
058d
0237
fe02
ff0e
0173
f9fe
10a8
fe93
fb6a
fbb9
0a3c
f35e
087a
e7ef
ffc8
011f
08fb
da2b
009e
0fdc
09c4
0319
0007
0b45
0d4f
f432
ff22
0349
05dd
ff08
0ab3
2989
ea68
ff9f
023d
07f7
088d
0e10
f7c3
facf
03be
00a2
097c
0b3f
fa19
0065
f9ba
f1b4
0da9
0b62
0e8b
ffc7
0256
067d
0a24
03bb
eda7
f512
025f
041d
0dcc
0c43
0d0f
0b1d
0e7d
0c4a
f9c9
fce6
f442
00be
0274
fa6a
18b8
02af
08bc
fa1a
f3cb
03b5
1846
0a8d
f912
fc6e
01fc
1125
075c
03af
f16c
fe45
0184
f9ce
0924
f6ed
0279
ed85
037f
2f0f
0127
030e
049e
ff9c
0d55
0b75
078f
0190
11ac
003c
f459
f035
f89d
e4fe
0d53
0794
006b
ff60
eed7
03ff
02c0
f64b
f553
fd4b
0727
0a6e
fc6d
0b91
eb65
febc
f419
15a3
0323
0fa4
10de
1078
ec1f
ff74
0f56
f8ae
087d
f91a
fcb9
0c32
f9ef
f86c
0707
0dcf
f0b5
005a
f423
f6aa
f13e
0e8a
01c9
f087
f440
0433
f844
e6e5
ff94
f85f
fd12
f60e
fe7b
fbeb
f41d
ea64
fbee
f623
e4ac
fe55
0bcb
041c
ffd3
f6b0
0921
00ab
efd7
fc94
fa26
0258
f7ec
fe71
0435
0438
0581
ed82
0528
f497
08a6
f842
1031
f884
2112
032d
f242
ec1e
eef5
0906
03da
092f
0732
0028
f1ae
0220
fbb8
f9e2
f2cd
ff63
003f
f7e8
0604
fe1d
00b6
f88a
0911
fbf5
ff81
ffb2
01ac
05cb
fbc9
fbe9
f693
0c2f
fc3d
0a38
f507
01cb
fed8
04f1
fe30
13d6
023e
00f0
0071
fdb2
14e0
0b32
f8c8
f15c
1463
faaf
fdde
006b
ea13
0c9e
ff72
07f1
fc25
f8b3
f4e0
fbf3
ff31
0316
fff4
fe8c
042d
fae3
0520
0598
f4f9
f9c2
f7e2
ff2e
ff7d
0229
ffc3
efed
fd91
ea07
02b4
fbda
1068
05a2
025f
0d95
ef8e
0fe8
fa59
f968
fcad
108b
fa34
013c
02a6
0155
037e
f70c
07c5
29a7
f81e
f56f
f4cf
0b9e
f584
ef17
ffd6
fb9e
0861
fcd1
0112
f6aa
fb4d
e89a
edc9
fdd3
fbc1
f784
0404
0bc9
f027
f5af
f036
f1f0
0371
02fb
00d9
fe60
efe9
0ec9
fbd2
fbfd
ff8f
0111
f545
0c9c
f5e7
1183
ff39
fcc7
fa48
015a
f587
fa33
01c2
0c29
0434
0528
f549
e7e8
f87a
ee8c
1318
fa69
ff0a
f56e
fbc6
fe37
f611
0f2a
ece1
02b3
08a6
fc65
06b3
0049
071c
0842
f564
01da
0a04
048a
f97e
fac8
0021
fde3
0696
fb29
0dd6
f706
0929
0359
080c
fa00
f196
00cd
f4f2
fa4b
005b
f41a
05f8
f3bd
08af
0266
f852
fd94
eeb2
f2ec
08a8
fdde
f8d3
f291
f8f9
1562
fa75
029c
fa09
fef3
011f
0ba0
059f
fdeb
0d45
faa2
e9f7
0895
0035
085b
0eba
034c
0085
0c4b
0b57
fd94
0052
fe12
f176
0311
f4cc
0941
f987
f9ec
08a1
0268
080d
0490
f339
0335
ff36
fc3c
00ca
fd4b
0f7f
0bd1
f494
009a
f1a6
e7bb
011a
01e8
f91f
01d9
05e1
faa7
e88a
025e
f3b6
f33f
054a
00c8
060b
0c3d
0f51
0716
05a0
0d42
f86b
0093
05c6
f47d
fca6
03c1
133f
01aa
fd7c
fa73
fd23
fde4
03a6
0238
fe0b
fe08
0949
ff06
fbfa
024d
0284
036a
f9a9
fc1e
0116
fad8
f8a8
004d
0f0d
fe70
f453
f9c4
f55a
fd55
fc65
012f
0138
fbc8
ffde
0f3f
f9b7
05b2
fcb1
0cef
070f
f1d3
fde3
f879
011b
01f6
0f85
074f
feb7
f7e5
fff0
f79e
084d
0b67
01cb
f32d
0d87
026b
fd80
fec8
fcba
010f
0a99
0487
faf1
006e
fbee
29cf
f679
092e
091b
de5f
0060
f570
0d1d
048d
0187
048f
0096
03ff
f69e
0eab
f0cd
fb92
f8b6
fe75
0a63
01cd
00ee
010e
0722
fee6
05a7
0ea2
0ac0
03fc
04bb
fd24
1510
0632
0d96
0a83
059e
0113
064a
f346
0056
fdbe
f25c
ff86
0096
ed62
f84d
f3e0
0a63
0c43
0026
fe75
0ab8
0453
3795
09ef
06d0
0286
f791
faa8
fc0f
017e
01b3
ff99
0a1a
0e48
fa39
02a1
0310
e7d1
00ed
02ec
0d1e
f815
fe4a
f380
f486
0006
f8e6
07f5
fef1
08ce
0357
065a
01d0
fe19
0310
0e4b
00ca
059d
fcde
09ee
ff10
0167
fc28
f5d6
05f8
ebd0
06d5
fd59
110b
060f
fbd0
fc94
030a
f48c
f027
f865
f8dd
0594
0ac8
eb36
fee5
0ece
0161
05b6
fbe8
f09f
04cc
024b
fead
f5b5
f18d
0df7
03d3
f78e
16df
ff17
015c
0ce5
fc7b
0086
125a
fa6e
f3ec
11ee
017d
0019
0d6b
05da
fe8d
0554
0ce8
fe71
010b
09dd
f872
fd90
0531
f570
04b8
0270
0c9a
1442
fb6c
0466
faef
043d
036f
f430
02d2
eff2
07fc
0a44
e9fe
fc30
ff64
ef7f
0265
09ec
f3ba
0193
00f0
03f4
f43f
0087
f500
ef78
05ee
fc76
139e
0523
0c06
0558
fe70
0afc
f3ec
fc21
fc38
f5b5
fa55
01e0
104d
07d3
ff7d
fe44
f551
0138
0997
f1aa
0ba6
0553
0c78
fc65
008c
0f1a
06f3
fe5c
0010
f9cc
ff6f
fb46
f408
01ec
0b3a
ff95
0014
fb56
e9dd
02ac
fd50
fc93
0473
0662
fbd5
fbab
fc2d
012f
04a6
072c
0388
03cb
ff16
fdb3
fd59
043e
0e54
0799
fdad
fe1d
058c
f892
007f
f81a
0527
0238
01d9
fe2a
f97d
fd0e
fd85
031c
07f8
fb97
142b
fdaa
04f5
1b33
efa1
fe49
0e85
cc4a
0724
0338
02f6
077f
fa34
fe69
07bf
016b
fafe
0c33
fb1e
f9c8
fd7a
0666
fefc
fbb1
0515
067e
028e
0a1b
0103
033f
040e
fd70
0b74
facf
184a
f9b1
f808
0a24
01a1
0d5d
0905
f60b
09fc
f78a
fb21
027f
fb47
f588
02e0
01b8
15ad
100a
0191
074f
1097
ffe0
2061
03de
f66c
01cf
eac9
f71d
03ca
d5a2
f43c
fcc1
f8d0
0d6b
021a
fc92
f6d3
0fb8
f4b7
ffad
04c4
f704
e352
0e19
fdcd
03ee
0f72
fcdd
fe06
eb56
eea8
27f2
ec58
e90c
fb52
054c
feb9
efdb
0417
f3fb
240b
0427
f3be
ed1a
f488
f154
0472
051a
fd07
0554
043e
fa52
fed2
fc62
ee5f
fb11
014a
fbf5
f8d3
084e
f5e6
f269
ee0e
ef4d
ef61
2058
0c7e
f87a
0613
f391
02b3
f6fb
0280
0728
fae8
1067
1165
f83e
087c
ffa0
fb9e
0064
fe76
ea86
05b1
1bae
fcc5
f28b
01f2
0b7b
044f
e773
0222
00e3
001a
ec13
f1fd
fefd
eba2
ee9d
f6db
f4ca
0457
f283
00a9
f32e
0eea
e2e6
fd31
0c10
f2f3
00fd
fe8f
fc61
0516
fee9
07c1
f39a
0234
0583
0c62
fcd3
0557
0201
16b7
f748
139c
f30b
001d
dac6
f86e
f728
0682
0306
ef2c
faa0
0728
0318
ff75
0374
fc10
f810
fe0a
f973
fe8b
fa9d
e99d
1832
df65
fbfd
fa73
f7ee
0243
f44c
f8f0
eac1
fb3f
046e
01c6
0c76
fcb6
f380
fb92
0317
fe58
faf6
fe3c
fea3
fdbb
0654
06cc
fd7e
fb15
fb61
03fc
fb07
feea
f2f9
f70d
fdc0
0013
0430
0280
f2b3
f6fe
0055
fa6d
05d2
edb7
0d53
f7bd
facd
09ca
f808
ecf2
f1c3
06d2
0566
f49d
fc0c
06c7
fbcd
f090
01c8
0876
06c3
061d
0940
fc80
1275
ed0b
010f
064a
ff19
f4ab
01a7
0059
00a1
126c
faa0
ff19
07c0
0adb
2173
e058
f042
e2f7
0861
fd03
f343
0619
f5aa
0c3a
fe4d
06a8
e175
ed57
e798
fe06
0c5d
fcee
f59b
fb82
fb9b
0153
fa1d
f6e5
0796
051e
0e31
03ba
edfe
efe5
00a5
f7fd
fe79
120c
0fe4
f6d1
0473
092f
fe52
f15b
f821
07c6
f6b5
f2c3
07ae
fa68
ea74
0873
0d19
061e
f791
f397
024a
0cea
fa4f
0740
0746
f34c
f4d2
ff7c
fb4f
f718
0bdb
e951
2b46
fb45
fae9
f5d9
1262
1e6c
ff16
f170
0377
0b6c
f853
f750
0519
fd02
fd05
0167
ffcf
f9ee
f8a2
f822
0c0d
03cc
f7aa
df2d
f0ba
f6e0
f609
0603
ee0b
ef5e
116f
07f1
f5ae
0091
140f
f604
02aa
0cdb
001a
0f75
03c5
f0ff
0bff
051d
fd0e
f5ca
e340
047e
06d4
11f9
f6ff
f5a5
0e5e
1ad6
f869
15c6
0a05
f8d9
ecd9
0a55
0433
084f
0e90
006a
ed89
06e1
f31d
0024
0eb0
0778
153d
ea7e
03fc
0a84
0607
022d
f970
0c99
f82a
f74d
fdad
f2de
f714
0600
1532
fa11
0675
00ec
018d
e723
177c
fa6c
023a
fbb9
fb69
107f
01ad
0f15
f442
feb0
07bb
f4a6
07bd
0227
fad7
f682
fef3
fd37
fc76
0558
fec5
0238
0350
fef7
fa15
08c9
f70f
06a3
032f
0b0e
fd62
0b4b
0857
094f
046a
fda0
0073
fa81
f592
07b3
00fb
f888
fa5c
fd1f
fecf
06a1
015f
fe7b
fe3b
0369
fa86
f9b1
f9d9
05ef
f872
f7c4
08f4
fcb4
faf0
fe3f
feca
03f6
fe51
109d
f976
f6f9
fca3
fa26
fe51
fa5e
0296
0724
01af
f99a
012c
05a0
faf5
1741
044f
f987
019e
18ff
f6ed
fc22
d7f4
00a0
0054
0737
f296
f725
06a0
12ef
fd5c
0212
0b3b
049e
f1c3
009e
fbd8
090f
0240
12c2
316f
fc8d
07dc
0ec3
1137
068c
11ec
f28b
0320
0a4f
ff3b
0b6a
105b
fe58
fad7
f8fb
fa1a
0ded
fb67
104f
0736
fb78
07e6
0d02
0724
eb94
fd95
0682
0dbc
111e
1041
1e23
08a0
04cb
1e37
fb5b
01e9
f56a
028f
05f0
f80f
fe43
ea6f
efb4
041b
0283
f4f8
fa6f
f069
f9bc
fabb
ede5
f7d7
e35c
ef94
0888
ff68
fe46
00d5
f974
1583
f9fc
fa4e
f768
1d70
f87a
f057
f229
0442
01dc
fa23
ff48
fca5
0599
f720
f614
12b7
fe7b
fd00
0566
0658
0ad7
0aa2
045b
f851
fb07
04ee
0a09
ffc6
fc4c
f215
f35b
fb9b
f502
0b65
ecc5
efc1
f12f
0f32
fe48
e811
f369
e433
00b8
0306
041c
0e12
fc13
fe46
ff68
fa9a
06ea
fb55
09a3
fe14
fd0e
018b
f2d4
14ac
07ee
09ef
0884
fa9e
0286
fb08
0d3a
0569
09f0
fccd
0c18
0193
0800
ff4b
f2e2
0d63
03f4
f9a0
fa76
fde9
0530
0942
0632
0323
0562
fdf1
f154
f3d4
f762
004b
f68f
01a0
fba1
1088
ed38
11d4
fb57
032d
f9bd
f96c
0132
08a9
048c
fab3
fb29
f0b0
0756
0ddd
0acc
0572
ffbb
02b4
0436
f99b
f49e
100a
077c
0197
0595
09a6
0996
ed7e
06d4
0a0a
0396
0718
0583
082f
f97a
04ea
096f
01f3
0855
f6a9
07f8
fcaa
03b1
fae5
08ca
f787
0439
ff80
fb96
ff5a
fcd5
f364
ffcb
00b8
fb8c
effe
ff70
04fe
0632
fef3
fdc8
0040
06ef
fa2e
00a5
f9fd
fdfb
02ca
08c5
0bbd
fcb1
f98f
ff36
0230
0716
fc5d
fd69
08eb
0f43
fab2
edf3
0ac4
f7ef
fa39
ffa7
f60a
0f76
fe97
011c
045c
f546
06f2
e1b5
fe3b
0165
1d18
086e
ff01
0339
142f
01e8
fbaf
fe91
153b
00f4
02c1
ff7a
0174
fe3d
f941
0b78
fbeb
f68e
0c55
0135
0f40
fb9f
0170
fa6f
00a4
febf
0ae8
fe44
0406
fc46
0326
09ff
000f
f706
fdd9
0045
082f
f87e
07d7
0483
fde3
f585
0883
eb18
f371
02da
faeb
144d
f2af
f2dc
02fe
ff41
f69a
f772
03ea
f998
f068
fad5
fd6b
07fa
0170
ebc9
ecde
012e
fe59
f5a8
fd2a
ee40
ff60
f09c
fe36
fce1
1121
157e
f552
ff1e
01af
f939
fc89
0c33
02aa
06c7
0810
f2b0
0a0f
045b
02c4
ebeb
0283
14f3
12aa
0518
0341
f955
f8b7
0283
ffe4
fa9f
f6da
0811
fda5
f703
0cbc
f039
f56e
f0fd
00c7
f86f
f937
f575
ea5d
fc7c
063f
068a
0c45
08f7
06a9
f9bf
0500
0044
f65b
fc6d
0853
fd7b
048c
f11b
102e
0fdb
0556
06d8
fc4d
0327
f80a
0315
07c2
023c
f288
0af9
04dc
0a1c
fdd1
f5af
0933
fa3d
05c4
f7b3
02e1
06ce
0a9d
f7ea
079f
0090
f965
f80f
f342
ef6e
f47c
fc5b
fbe9
0331
007b
0585
0c2c
f5a6
ff7c
f02e
f556
0ca7
093d
04e5
0712
00ec
03ba
ff07
0b48
0978
04ba
fa93
fe86
f864
0126
fb40
1364
0bb2
03fc
f75f
15e2
018e
f525
0331
052e
0341
04d6
fd8e
09ba
01e9
ffa0
0179
fd77
febf
0119
fbcc
007f
03e4
0422
0fc8
fc76
06dd
fb43
fb57
f41a
fa55
04a4
00d0
fb70
081a
fd89
0aad
08f4
0492
08cb
0039
fcff
f2eb
09de
0086
fbc1
03e6
01a7
05be
f8e2
0187
01d8
04b9
f749
033f
04a0
fd39
0427
fd72
fffa
036a
0c6a
0858
0ea7
fdfd
06f0
0bd4
0380
f1eb
0351
0662
052c
ecc9
050d
01ea
129b
ff28
fe45
fdc5
09c4
fa6f
f715
02ef
0207
0c5c
0384
0d32
02be
016e
f92e
0469
0238
0192
0783
0521
123c
08f3
ff45
fe7b
f7c4
0b17
0186
008c
05be
017f
fc33
10b2
085d
096a
f44b
fc40
09cb
ff8d
0de0
0d72
fdc7
fd11
00d5
ff1e
fbca
f4c0
fdfa
0fe2
019b
1500
eff4
e739
1447
09ba
f02e
f912
fa82
f84e
feb5
eff4
ff57
fdea
fa24
0cba
0d74
ff52
09c2
019d
0536
f549
0434
f115
19b7
ff1d
f073
f6cb
0a52
037d
f947
0518
fa5f
18b4
05e7
f703
0722
f3ee
fedb
0d78
01e8
056b
fca3
f593
f27c
fb37
0776
feed
0175
f973
f3cd
fb5a
f191
f33f
0c1b
fe0c
ee80
fa08
15a6
f827
f290
f5d4
e667
0be7
0790
061e
0668
f722
fafe
0a89
f4c6
09fc
ef3a
10b8
faea
f025
0aac
1a9a
084d
0908
07c0
fe97
fdd4
083d
ed38
0b8b
008c
07b3
e35d
03b8
046d
102c
0057
f8a3
0d24
fe14
0451
0621
0315
04f6
fca7
049e
fc3a
ff0e
f553
f3ae
0218
f3e3
0d7c
f847
0278
f59f
09a1
ec4d
1792
fc7a
fb4a
fa96
f9cb
03f2
0654
0c30
fa7d
e6cd
ee6c
ffb6
fa89
034b
0393
f6ac
03f8
066f
f847
f7b5
1384
fccf
0120
05f3
fc2c
0a36
f2c3
10e7
01ca
0241
fda8
0714
00b7
013b
0600
fd3b
04eb
ff6b
feed
0be6
ff2d
fc74
f35e
f833
fe45
ffd0
fceb
03b6
03e8
fac6
f54b
fff8
0566
fd72
f3fa
fca4
0128
04af
f41c
ff7c
fe6f
1693
e0c5
f6ef
fffd
f252
f929
0526
0a12
ffb4
ff48
fea9
0885
009c
fffe
0382
fafe
162a
fffc
ee4f
03fc
f670
ef5e
0e63
e54d
0bf4
fe46
072a
00df
f142
1798
191e
f789
03b9
269a
025a
fb85
0abb
ff60
0593
09b6
0645
1421
0409
0ff8
0a15
02e7
00b8
059e
16cd
0031
09f0
15b7
07e6
06ef
f9ad
0823
fd8b
fb4d
107e
fc8b
0044
ff45
f8a3
10bb
f866
fc79
f79b
f3f9
055a
03be
02b6
1040
0b2c
0776
f726
0bc7
f8c7
f45d
fa33
f35d
0c70
017e
02b8
041d
fa6d
fdca
026a
0afa
03b5
0e23
0491
e9e5
f488
fda4
08c8
0664
fef6
fe58
0150
03f1
0f80
1695
fabf
037f
04c8
fc70
0d35
f47c
fee7
f292
0231
ff2c
0107
fef2
f731
099c
0703
fab1
f5b4
f6ad
fc37
fc64
fff9
04fb
ff6f
fa5c
f9a2
f45a
f188
fd70
fa2e
fab4
0ce6
f012
020e
0bd6
015f
ffaf
08d8
0546
1268
01c3
f54b
f86b
ff22
0401
eee2
0782
f124
05f2
0948
129a
fa2f
0380
0678
f0a0
f693
fa78
004d
121f
049f
0365
fca7
08ff
05b3
0ad3
09c2
f26f
fb31
0125
f7b1
00b2
edfe
0124
0b4e
f2bc
e543
f551
fc61
0a9e
fcc0
ffb4
0f32
fc9b
053c
fb47
03fa
0082
eb09
fb8b
0aeb
face
0d54
ff4a
0c8e
fe71
f4af
f3c3
0029
e645
1179
0554
fa96
f670
fe4d
0499
0510
fc46
ebbf
f5f4
fa1f
0396
07c2
08b9
05a3
130f
fdd9
f87e
f6b8
f35e
0259
0f85
0318
fc08
ffeb
f738
fdd4
fb8d
0311
fc2d
f7ad
0cae
fc4d
fffc
e808
094e
070d
0610
fded
0fb0
0d36
fc20
fb54
fd17
0397
f70c
07ea
f780
febd
f9db
05c9
fd42
0df6
0181
ffe3
0703
f52c
06d2
ff61
ffd7
0812
fcaf
fcd2
f184
01af
0107
0074
f9b4
08ee
fc29
0605
fe32
fd8d
fa3b
1ded
f94b
f47b
038b
05da
1a6a
fa8c
1dcc
f571
e749
0239
0073
16af
00c9
028b
0095
f6e6
fc14
f16e
1110
fb05
f9cd
0ef6
fc2b
ff61
fd1e
f1e3
0939
1173
fa24
e8fa
fc21
13ba
0da9
f9cc
f7e0
0cab
00f3
048f
0191
25c6
03e2
fbe7
0709
ff96
f8f7
ee27
088a
049a
f8f7
fa64
ffd1
14a2
0cc9
f576
0619
1250
053d
1fd1
feac
f76b
0d13
f51e
f55b
119e
02ab
fc2b
04ef
f6ea
f570
0690
069e
f8ac
fcc4
0731
09bc
072d
f7e2
0056
0434
ff23
ff3b
00fb
05cc
fc8a
f55a
fba4
19cb
09f2
fdba
0123
13be
00df
feed
0f8c
fc3e
2b39
fbac
f39e
fcdd
f48c
f798
1ae7
0576
054e
fb52
f06a
fc6b
f827
021d
f744
03cb
fa4e
0057
f422
ff28
f5ce
07b7
004b
08d9
fbff
0de7
0b5f
0010
ef62
f105
0fae
fa37
065d
0624
f973
fa8f
fdfa
f247
0a32
ffc4
fe8b
0190
f67f
0785
1015
01bb
0264
0538
f645
fb15
ff35
eeab
09f4
f860
01f6
efc8
fbb2
047e
0906
fd25
ff62
059b
f1e6
0522
0f30
0291
fcec
fe8f
0978
06da
fff4
fc7d
ff8e
096c
f307
07bf
f74f
04f3
f129
f6f9
ef29
0d82
f67c
f927
fd35
0102
0a62
015c
fc9b
f8b6
f4af
0206
0600
fc61
0c4b
fd28
f34d
0403
fd01
ec05
f75d
010b
fe56
ff56
05ff
fdf1
0865
f58e
132f
fb05
019e
00ab
0031
0157
002e
fbac
fb5c
013c
fbc1
02d5
0d30
fb3d
f736
fffa
ff01
0179
077b
0176
031a
0243
fbc5
01e9
fc87
0080
0956
fc91
ff0a
03c8
fcb1
fed6
fff2
ffcc
12f8
dd9f
fa02
fcb5
fff2
fc88
0483
09dc
0292
08a1
f9ab
069b
f423
03a9
fc8b
fa49
0d99
ff3e
ecce
facd
fc0e
e5c4
04e3
e9cb
0d1f
0005
0131
0eee
f7b6
127b
0e1d
fde8
0dcc
2164
0068
fd46
0888
fea4
073e
f7fe
08b9
0d37
1302
0e98
0d29
fbbf
f63d
fa99
1faf
08a9
10e3
fd0c
ffde
0556
fc3b
069e
fa61
0380
0529
edc1
0550
0393
eea9
09a6
f176
f7d3
fafd
0367
f793
00aa
f433
1479
0026
feea
f631
f749
0441
08d7
fb9d
f773
076b
fdd4
f591
fcdb
f92b
f593
fd77
065a
fcca
feff
f735
f44a
fc05
f742
01a4
f46a
f566
f607
f673
fc11
fafd
0f25
f8a3
0207
011e
fda5
0efa
f3b5
01e8
fa3a
fe64
f2ee
018e
024f
f82c
0779
0080
f775
02d0
f75e
faec
f828
0108
07fe
13d4
ffb2
f6cf
fce7
f89e
f549
fe5d
f3fb
0ced
f18d
0731
0648
f6fd
f6d9
f7eb
fc3e
0563
fa36
f397
f2a7
fc7c
07dc
f7bb
0f24
fcd7
0601
0522
08b5
fd98
fe25
fffa
0197
fbef
f5b0
f92c
1343
0704
f7e6
0160
0809
040e
034c
074d
fc22
fc45
f744
0158
ff65
f80d
ff7e
00c1
f931
eff4
f965
f13b
ffa6
0681
f8f2
0408
01c9
01fa
008d
fec2
faba
ef5e
f311
092c
fd09
0986
ff5d
0f73
0170
f722
fca5
fa72
e8f1
15d4
07d7
0488
ecb1
0235
0525
04b7
06a1
f12d
ffc3
fd92
f84b
01a4
0434
02ad
0bfd
0447
fd68
f6f5
0bfb
03fd
0513
012d
fd41
05bd
01ec
fa88
fe64
fcdb
003f
01cf
018d
01c4
fc56
f291
ff6b
042d
02c9
05b0
ff1b
054a
fadb
fee4
f696
04a9
f8e1
0145
fe12
fc5e
f7a9
0553
017e
0aad
0394
00db
fccc
ec65
07df
fe4c
01d0
0203
0373
002b
f6ba
0258
fe04
04fd
f6e7
0ca7
f8e6
fdb7
0677
fbb4
fced
1965
0389
fa11
0d40
ff5a
13c7
fb8b
1050
f237
f2d4
0836
fac3
0586
0534
f7a4
f7a8
f81d
0149
f61c
0b94
ff4b
fce7
0618
fce4
0432
ff40
faef
0708
1030
f53c
f7f0
0154
0357
0a44
046c
f4a6
0b06
f923
0298
0799
0f60
026c
0368
046f
02b8
fd16
f992
0483
05e7
fb71
fdde
ef5e
13a2
0f83
fe4f
0268
12ab
fec5
1522
0651
fc75
0bb7
fa55
fef2
142c
0251
057d
06f0
ec29
f388
0a48
07a0
fef0
00cf
0990
0291
0719
f57a
f2f4
f73f
f1ac
ee6b
f70d
09c6
f385
000b
0287
2705
fe16
0eb5
0d64
2243
1579
04b5
03b6
fe99
0970
f942
f253
ffb2
08bc
f4d3
113a
faf1
0369
fe8b
efdd
08f8
05c5
0298
f779
f8b7
f93c
0320
0563
fdff
fb66
0318
044c
0c04
0655
0a45
0345
0087
03ab
0a5a
0eed
ff85
0554
075b
0632
0465
f07b
e73e
02aa
0688
0419
ffb1
0bda
01c9
062f
f292
121c
02bf
f198
ec18
037b
028e
0134
08f5
0309
f6f9
fef8
019e
06c5
0aef
04f3
05c2
e08b
08c7
0bba
03a8
ff27
019c
1102
fc2a
f7a9
04dd
f53d
fa68
ff12
08b2
fcc1
11a6
fafc
f58d
e8f2
08bd
f7b6
021b
fd2c
fb30
0ce1
fe70
095e
f922
059c
0c1e
fe24
08a9
04f9
f71e
e9c6
faef
fa53
fa05
0476
e9e5
f4d4
016f
0195
fb08
01bb
fe02
0a28
fde5
0185
ff14
10bf
ffe3
08af
fcc0
fa33
f7eb
fa08
0413
1005
0814
f96e
fa3f
055f
0ef7
f96d
ffb0
0699
fe0a
0679
069c
0639
fbc7
088c
076e
09f5
0387
ee8e
03ea
01ec
f292
fe8d
fe43
0b2e
f9be
fcbf
f90e
fbcf
fa33
f5b6
0b08
0265
05c2
f0de
082a
0a72
f35b
0ad1
fe16
fcf7
fbbb
0b0f
eddb
f52e
e457
003d
fe61
04be
0111
0651
05c7
0b95
05fe
0c55
06dc
fee5
f093
061e
015d
fba9
fd03
1a62
2a79
1370
0884
172b
0bbc
059d
040a
fd04
0958
1043
f532
01a7
14e4
03df
f92f
0590
01aa
0fab
fc10
0af7
01a0
f700
0e0e
fed9
fda3
f718
02be
0984
0a49
062b
0a4a
06a8
03b8
00b2
0c14
0d7c
0ad2
f688
0924
feb9
011f
0899
f7db
ff98
0988
f05d
e607
02a8
0572
f973
fe35
053f
f9ee
fb1d
f80f
eb87
ef78
ee09
f0fc
fbad
0c1d
fc80
fe7f
072b
0593
e538
0d2b
07fd
224e
1707
01ad
053b
f8ca
fae7
f566
043e
02c4
06f5
ed01
18d7
fa7e
f6ab
0438
f279
0887
fcde
06f9
f7f6
f6c6
07e8
044a
063c
faf5
04b9
f5e4
fb28
123f
07ae
fce3
fd92
fa8c
0d6e
0a91
0fef
fe2b
ec57
03e7
fdd6
0738
f2fe
def1
0415
01a1
023c
f9eb
0c12
f8c0
f053
f9f5
1263
00e5
f451
fa14
0211
f5dc
04e0
0093
06e5
001d
f36a
057e
0288
fff6
fb40
03d4
e356
05ff
07aa
fdb5
fcc3
fe35
0863
fa90
f593
0991
ec32
092f
fa8f
01e5
014e
100a
f98d
f62e
ff0b
0845
fdbe
040a
0dab
f231
1091
02c9
0b42
ef02
fd0b
0c0f
0638
162a
fb8d
facf
f955
f9e7
003a
fbe7
0938
e215
ef96
fcd7
0218
f38e
0281
051f
fdd3
00e4
0432
0732
054e
f88f
03c0
07fe
fcf1
08c1
05f4
0030
06f1
03a0
fbcb
fa1b
fc84
0bf9
f0b6
f992
0a0d
01c2
064b
fe79
f8ec
002d
f489
071d
027b
fd3f
f42a
ff3e
029f
ef8f
0418
ee2a
fbf6
fb3e
fa2f
fc01
05e9
fe30
f938
1466
0428
08db
016d
ffb0
08f5
f65f
163a
fa78
fda0
0772
fd61
ec06
faf5
e7c4
f3cb
f939
08c2
00b6
fdd8
f8f5
ffc1
0de4
0d44
0275
0540
06e8
11e1
fd51
04e4
fd40
188a
159e
f359
029b
0797
15da
0278
05eb
f88a
07e6
0909
fae0
ffef
0d69
f664
f7c9
05d7
07ea
02ca
0af5
0e02
086a
fd74
13eb
f902
ef48
0be0
0b15
0bf7
fa02
0d76
0917
f5da
06d1
03ad
09c0
1026
09da
fce5
0eee
fc13
fcbe
184e
fa8a
fda6
099d
ec5c
ef53
0b23
0753
f84e
ff8f
06e4
0550
0081
f6dc
ff85
003b
f96a
f982
fd0b
0473
f74e
f582
f9e0
1e15
0193
0300
0235
18ed
0aba
0385
0e03
fabf
0d22
fe67
f2c1
02bf
f55e
fba6
18a4
fa65
0047
fc8c
f4f5
ff18
fe5e
083a
fbe7
fe78
fbce
fd12
fd33
fe63
f51d
0281
f682
051f
ff3d
0d39
fe2c
fe5e
f511
f54c
0cf9
fc18
0c2c
0afc
00eb
ff11
f5f1
ec94
0ef9
ff46
ffdd
0101
fb6b
0581
094c
07c5
0bbe
03ec
f5e6
f5fe
0166
f39a
0904
fe70
0082
eed0
fb6b
04c7
082f
fb4e
fd07
05ac
f2e2
0392
0a1e
03a9
0306
ff86
056d
05a3
fae9
fc10
f69e
03ce
f6ac
06e7
f834
0b11
f7a1
fb3e
eb0a
092e
f945
0156
fbfe
04c0
0692
02bf
0187
f486
f39d
05fa
0a5c
0db6
088f
fe21
fe12
0250
fd9b
edd6
f7fa
ef19
fa4d
0362
0526
fe3c
06da
f2e9
0c92
0120
01bd
017d
075b
0147
0289
00d3
fe76
fc54
fcdf
ff90
0f62
001c
f9bd
f5b2
043b
080c
fe45
fc4a
01ba
0361
00c5
000b
0321
0161
0b1d
fae7
037c
fd12
f69a
fd20
ff3e
f906
0ae6
e683
0020
fa00
f64e
fe2f
ff39
0ddf
f959
08ca
feb6
0ccb
f5e3
03d6
02c3
fb0a
12d9
ff42
f57a
0399
0353
e937
faf6
e8b6
08b8
0367
0447
0e5e
f622
10d8
08ab
01a0
12c8
1baf
feb2
fa06
0949
fe57
0221
ff4e
0ab0
1904
088a
0d95
0c6a
0855
fb98
fb36
1c85
042f
0718
fbce
0600
0aae
f497
017a
fb5b
fef4
fe62
f72a
034e
02a8
f562
09b8
fba9
f99d
f917
fd9d
0357
0ab2
f714
0e88
0fdb
0079
f652
fca6
fa25
0a88
0112
034c
0a4a
007b
048a
f752
fd58
0676
ff21
08f7
0cf1
f82f
fc4d
051f
0644
f783
fce2
05b7
13db
f9c3
0114
0c8c
f8e1
1dea
04d2
f6cd
fddf
ffd8
0223
0b98
0294
ef32
09e7
0599
ec10
080f
fc3a
f06b
083c
072b
0d40
0700
fbd9
f42e
011a
0dc4
0166
0150
0687
f76e
03a1
f81d
046b
08cd
fbd0
f5c2
fec7
fcf7
09ef
f87d
0b51
ed8c
fd4a
efed
0468
07d4
f624
09a1
0410
0701
f842
f256
fc2c
011d
0a8e
f9ee
00e6
06af
032e
f455
01ce
fa0b
fcce
039c
f7dd
0378
fbf6
00cc
0570
ffbf
f86c
00b5
052b
ff11
0823
027a
ffa4
0866
f015
f3e3
ffa3
fe96
e9b8
06e4
077a
f59b
06a9
ff30
fd8e
f056
f787
f531
015a
fe9b
03d0
0a37
0f8f
fc74
03cf
ecff
f23b
f1c9
f7b2
feef
0190
10ce
f938
f5d8
f146
e5f1
ef65
e832
fe71
f837
fb84
fdc0
01fb
06d7
04e0
0baa
014e
fbd0
0d7d
fa40
000f
fedf
060d
0544
0c1b
082a
f2ed
0993
fccf
01ae
fde1
f948
057c
ff61
07a1
11be
01d6
fd5c
1177
fb5f
022e
079c
f8cc
00d7
fb17
f36b
02de
f6e6
fd3a
081e
0528
01d9
f59f
f3b2
0158
05e6
f55e
0444
092f
0428
1428
fbb8
fcd7
fef8
05b9
0737
01ff
fa0a
00d1
0588
0320
fa7c
ffb6
06b3
0641
006e
fe88
085f
ffa1
f3f5
041b
05eb
03dc
f49b
0101
045f
f766
f0c6
fdff
0278
ee9d
0d7a
0772
ffb7
fcf2
fbbc
0ea9
f2f7
1215
f1fa
f5bc
0e94
e633
09f8
f97b
03b1
f927
0a30
066c
feae
0d61
f995
f2ce
1e74
0149
047f
0162
fd60
fc0b
10c1
0c4e
1ec6
ff36
0ce7
f861
f349
02ae
f88c
0fc8
fd0f
1163
f1cf
06f7
0369
0822
08b0
0d21
09d1
0a4d
fbed
02b0
f885
0d55
fbe3
12cc
0ee5
fd2b
f688
f7af
0d9b
fc22
1281
068d
fed4
ff9b
fbd1
10d9
024a
083b
0075
faa7
feee
fb7b
f8c8
f6a7
0ff1
fcc1
07f7
fe94
0303
03dc
fcb0
f648
1539
0d5b
0535
0a57
0ea3
ef20
fe14
0078
0178
0445
019c
fc56
0d6f
f2ea
09b2
e905
ffe3
131a
22bd
ff82
f766
05dc
0c4f
fd50
106f
0b1e
efa5
01e7
ed52
f7ec
051f
f244
03de
0af5
f56a
fc40
08da
07a1
fa3c
fb8b
fcef
ef40
071b
f978
0f35
ef89
129f
0593
feaa
f802
118c
0db5
f946
fdfb
04ef
07f0
fa93
1d26
f62f
15ac
105b
f79b
fe4d
05a6
0311
00c6
02f0
0e95
1a4a
0066
10b3
f045
1f5f
fa80
ec8c
ef2c
f801
1216
f8f0
0bec
002c
fb0f
014b
eca3
0590
fb97
0107
0486
f8b8
058c
0264
fb15
0a34
fda7
fe88
f058
0b33
f7fc
f22d
01e0
f4f6
ffc8
fc7b
03e7
fe10
fce2
015b
ff34
fcb6
fcdf
0752
f9d1
fe89
f549
0093
0a59
00b2
007d
ec17
00a9
083c
fb21
06b0
fda0
fb1e
ffb8
06c7
fe63
0569
0d8f
03ce
f7a9
fc5b
f07d
ef53
fe6d
f8ce
1349
f77a
0474
feb4
fefe
fec8
f87c
03e1
12dc
0962
ffcf
fdb6
fa18
00e0
0a66
00f5
05db
0584
fe1b
f412
fc17
fdfd
fa77
ed8a
0df4
ffc9
fe8f
0dcf
fdf3
f58b
06c5
f127
003e
ff94
f61e
fb39
073b
ebe6
fa95
0a4c
f2db
f69d
05ee
0bcd
f78a
0d5f
fc69
f7fa
0cf0
fcee
0cc9
0cdd
f994
f9a2
f12a
0ab6
07b2
0324
0393
f18e
eca9
06d8
ed5b
002c
f53c
f992
f758
0856
f2df
0068
f707
0c7d
f21e
ecf4
e4fb
013a
f799
ff19
0864
f5b6
f5fc
0d02
099a
29a4
0040
0be7
0355
f160
0aea
fa35
1301
014c
0bd7
0d6c
02dd
1d8e
1210
fd1e
0507
03a0
0142
0cca
0034
0ed0
07a9
f56b
05d6
03d4
0001
ff15
08bc
146e
e8fa
0761
f83c
f61e
1a8b
fd39
0797
088f
08d1
0a00
fbc3
f7d9
109e
01cd
06fb
14bb
0286
0eb4
fffd
f971
fc96
fc5e
0960
fa28
2962
fd77
0dbc
ee19
0693
00df
0881
124f
ffd5
051e
fc37
f91a
f0e8
fd1d
f948
0d18
0217
fd4e
ffa7
fc23
076c
088c
02e9
f725
fca9
fdc4
f011
fc11
fde9
1629
f956
f054
f805
0471
fa44
f3a7
f530
06af
0e60
fbee
0691
ff62
1496
03c9
f7cb
fb8e
03ca
fc29
0521
fdae
07eb
06bc
0fcf
0127
fb72
0d8b
fffa
f3a2
f6ca
fc23
04d2
f280
fa69
07a2
ea30
ef2c
f650
083d
0892
f121
fb09
f129
02bd
0334
fe1b
07f2
0a97
fec7
fee0
019d
fa5e
ee46
fcb2
fb26
034e
020a
0059
0155
fe09
f96b
048c
00b3
05a9
1056
0524
fa2b
fe49
f9c8
f72d
0332
1056
08a4
f44b
fb93
0420
0899
0519
05c2
00a9
074c
ebda
fb09
f34a
062a
f9c5
0375
fdb5
0eab
f996
0737
fa88
0232
0cd1
f9a6
0475
097b
0a13
fd1f
00d9
f508
03ca
f9fe
f551
fbf5
00ac
fc39
fdd2
07cd
09a3
fc41
fe3a
0131
f8a7
00f2
0085
ea07
0bff
f16e
016a
0867
0254
fe94
00bc
f4d1
fb78
03eb
fc7a
0e3e
fbb0
037c
f4ae
ddcf
0712
efd5
f7b7
ff6d
0991
0883
edf0
0309
f358
f58b
01ba
fe8e
0d0c
fff8
0558
0853
f38c
ffa2
0b1e
fb15
012f
0363
f838
0418
f334
fe0a
facc
f82a
edc5
f67b
02b2
eb63
0298
eca4
09c9
021f
0881
feed
0068
fe84
04ac
f67b
0a5e
feab
f19d
1b5e
099c
f34b
11cf
f6da
0c10
fd05
fcbe
065e
07a7
17a2
0d89
01e0
0c20
df65
0161
f731
063c
0aeb
0275
02c9
0390
facf
1157
0a33
021f
0e65
fd78
f816
01ee
06b4
12ae
0f9e
0da4
f92d
085c
177c
0a64
00de
fd52
fc5d
0a36
f8ba
fd05
fcee
f963
f98b
0a44
ef2f
0f1c
1037
0e02
ed9e
0ac6
ee20
0ebf
200e
0a5b
f79d
f789
0764
f31d
078f
0571
0cc0
1721
030b
0e11
fd57
fabe
f1ba
f155
e238
0c5c
062f
14ae
0fdb
f9b6
0945
f152
09bc
fa6c
1718
03b0
001b
0205
0297
0a08
fa7f
02a8
05eb
0459
fe85
109d
11b8
0e21
08f9
faa5
fda8
0996
f57a
094e
0c90
f647
ff72
0675
fe25
0918
f361
0bef
03bd
057a
0c97
fecd
0901
1c47
0bbe
0b6a
f6f8
0515
f12c
fe20
0e24
1290
196a
f948
f7f5
0085
0160
f984
fda2
f1f1
f3c8
f2a2
048b
01bd
f501
0a8d
053b
168d
0546
0192
fece
0889
f7d0
003b
0447
0734
f9c0
050f
fbd4
0e9f
01c7
fc18
03fc
f4db
faab
001a
0920
0e41
0943
0602
0e43
eeb5
fc83
0337
fd8f
e0e8
0575
04c5
11a5
fc82
f062
03e0
05df
ff77
ffa9
058f
fba6
164f
ffc0
01c3
01ee
f6b6
053c
0290
fd89
f788
f0fc
ff78
0273
f9f5
1149
05f6
05ad
08fd
04f4
0b9b
0237
0b81
f1cf
0c25
0450
177d
0ccb
f794
f300
f51c
0086
0a3e
fb4e
0bce
0737
00f0
f1ea
0cdb
f5b2
00fd
0ae8
189c
fc9b
ea4c
0c33
e8ea
f570
1628
063f
03bc
12bf
0874
05e1
ff50
fc22
0712
18f8
0627
f158
ee40
eeb1
fc4b
1333
02fe
13a5
14ec
033c
0211
f68a
060d
ffa0
1292
0dd4
fbad
10e0
0159
0205
007a
e153
f205
080e
0cee
fea8
feb0
f637
fd98
0a29
0c64
038a
fb01
f4bb
0b3f
fe99
071e
082c
0870
e701
f235
0669
ffaf
fde8
f506
fe04
1178
1667
07ab
052c
0078
f60f
f605
0e3d
fd8e
ffa3
f855
e89a
f2b0
0b32
0a83
0ea0
00ef
02ae
f928
1130
f448
fb19
ef59
f9a6
0d0c
0aa1
105b
fdf4
004d
0947
0bf3
14a7
010d
0de4
f852
f0b7
0377
148f
0e31
00f2
f566
0989
f7b3
fb42
fa70
00bf
f845
fab2
f9fa
0720
00a2
fd68
04ca
0ef9
ff66
fdfa
11d6
1266
fa25
f79f
0501
fd72
0d72
fac1
1005
0c65
0a84
0ddd
f220
03d4
0bce
fcd2
f560
fd39
07e1
0fda
084a
0ba0
fc48
02ba
f98f
f499
ff91
fdf3
0c11
efd9
003f
0690
04ee
fa86
fc66
1a98
0369
0d56
0612
06f2
1004
01da
f6ce
0898
f484
f5ae
0178
f96e
0420
f293
048f
fb9e
f0f6
0459
f753
01ff
053f
0194
0178
0913
057f
0426
ffe0
119d
fea0
08f0
1021
faf8
053d
ec5f
f622
0b8b
f899
05b8
01b1
0089
ff4e
0227
e885
0bbb
0c5b
0cb8
f56a
fd00
f0bb
f50e
03cc
ff27
0332
fef9
f3c4
fed9
ef4a
fe90
f603
04f7
05d8
0506
00bb
092d
f79c
048a
ffeb
ff38
0d40
0c89
fbf3
fdd1
086a
0126
0928
e18b
fa23
094f
fe10
058c
f678
01ce
065a
062d
0803
026a
fe86
ff5c
0507
019a
fe65
0401
0398
dc2e
03eb
0480
020d
eaaf
012a
fc1e
19fd
0d2f
031b
0a2a
01d9
068d
f6ee
0a7a
f9f4
f2db
014b
d6f7
f5b5
035e
f935
0837
fe92
ef92
fe3c
0a93
06f5
0dcb
e223
f231
0463
ffee
03f5
03d3
fc1c
029d
f949
f745
fc3c
f9e0
ec5e
026d
ec19
0141
0528
f4df
f6f0
0158
f846
0b60
0927
f9f8
ff43
fb74
0556
086f
f94a
0526
fc45
0885
f900
fdc3
f19b
ee99
f3f2
0266
03ae
f5e3
0365
f4b4
0f89
fc0d
160b
1ae1
fa81
0dfb
f714
0685
02eb
f5b9
f799
0307
f854
f8c6
00f9
034c
fbd1
034e
fc5f
0549
0f80
f7b2
00e5
f790
fd4e
f8ed
f094
0e49
f75f
f00d
f96c
f475
fdc9
0e0d
063b
04e3
1388
ff6b
f72c
04f9
05f3
06fc
0189
f922
1301
faba
0609
f6aa
0adc
f88f
060c
fd7e
f7cb
f644
0f92
fb26
0c3b
fd4f
fb44
082f
fa81
0b88
fa14
0219
0420
ff3f
f1ef
0adf
06ec
060d
fd52
0dda
f659
05ce
fcad
0e19
0020
0e78
0d1a
f3e5
05e3
10cf
fe97
0714
fd73
f653
008b
07b9
fe66
0a2a
fbec
fbda
ecaa
ffa1
08dd
0c9f
fe1a
fbc9
fd13
0250
fcdc
0730
02ab
f7d0
f307
0359
feda
fe47
0033
034e
fea0
0e1d
ffcd
014a
01e3
f47a
08df
0162
fc8c
fe48
fadd
ffe5
07de
fcaf
014c
05f9
fe5a
ff36
f798
ef86
0e33
089f
0112
f514
f409
fadf
f7b7
00eb
0491
042b
f9fd
ffe1
0b30
102e
f061
fb0c
f4ec
0d37
08d8
0416
056f
0198
07c4
f8e6
fdb5
fc13
f87d
029f
f775
ecb0
114d
f122
f006
0988
075a
0548
0686
0665
00b7
05e3
f8a5
fdbf
0ed1
f8ff
0191
0299
0ced
07df
fba5
ffc0
0618
033d
0736
fff8
fe43
e941
f9e8
fb57
0d31
1a24
00cf
0850
03b9
01e9
fafa
0ce9
fd37
026e
07ed
12ed
fb89
fe1b
fbad
188a
0050
0edb
0d56
045a
011b
f3fa
1039
13cd
10c4
0372
1211
f121
fe25
fb13
f4a4
0324
fd70
feb0
fbf0
03d3
f8d9
f463
ece1
021a
0a70
f5b8
fa78
fc23
f53f
fe88
ff92
005e
fe59
f298
fe1c
fd89
fb7a
030c
0bc0
f578
fd14
e568
026a
f5aa
fb45
ff5e
165a
f9f7
0344
edb9
014d
fc44
e5b6
05e2
0017
061c
ff6a
f5ea
f436
fd3d
f3a8
09d2
0dc4
f455
0af6
f4bf
f536
013c
fe9a
05b8
ffa8
f55f
27d1
fe9e
06ca
0b71
f63c
04ec
fc1c
0c1f
091e
0d39
f027
fc12
f40c
05fd
f7e1
0d50
1421
f2c3
0e9a
0054
08f0
f2c0
feb9
f849
f5ec
f666
1020
08cb
094d
0bb1
fc21
0c61
0c70
0a7e
0b76
0344
065b
04b0
0e02
1344
0da0
040b
fe07
0186
071b
ff5b
fa6e
fb58
fe28
1062
ff20
0c37
f75e
f9ac
034a
fcce
f33b
f479
0e01
f4de
0b27
fa85
1204
04f3
ff71
ff44
fff8
f2b0
0198
06ad
0559
fbaf
f086
08f0
ff77
0973
f4d9
02b4
fdc8
0a2f
05c7
1d18
faf4
f323
fff2
00bd
f2fb
13c4
0537
fa3b
0311
fe26
ff10
f0b9
f43b
ff10
f824
f5fc
ff43
fb85
fc2c
02cc
f8b0
032b
fb06
fd2a
01cf
fbff
f73a
fbf3
090b
038c
04a5
09dd
0044
f531
fb4a
f3eb
0075
074c
0631
12f9
07f0
0148
ed6e
09f4
f46a
02ae
0640
02c0
1151
fea3
04a7
f641
f833
0618
ff57
0275
0117
ff4e
ff16
ff12
15ab
fa9c
0d00
0271
0701
f8f9
1555
04d0
f679
fe11
fa5f
f28d
0204
079a
0133
07bf
08cc
0090
fced
0700
095f
fc22
0707
0462
0ddb
0302
003b
0849
0186
0605
e533
0730
0999
f961
024e
fd69
fee7
fbd2
ee9c
faa5
0242
feda
01ae
0839
015d
fe70
f93a
0024
01c7
00d9
141f
092c
1087
fc03
f9e8
0f78
041f
fd64
fbdf
0694
f9ef
05c6
fbb3
fd0b
f449
03ea
0d28
06f1
05ce
f914
04c9
0655
feec
ebf1
082e
fdf3
07d1
f9b1
025e
fdcf
131f
06c8
f1d7
ff0d
0833
fccf
090a
f39a
0664
f6f7
f21c
142c
f9a4
051d
0b12
fdcd
f725
f8fa
f67c
ef76
031e
0843
0a2b
09c7
fdaa
dc85
00e1
0338
0051
ff78
0201
04b2
15a7
10a9
f162
fe8f
1170
f2be
f52a
0076
0eac
0539
f8cd
f594
fafa
064f
0123
ee3a
fc99
03af
f898
f902
08b8
0cd5
fd93
fd17
fa3b
ec5d
fd7e
fdf4
ff13
0cc5
f523
fcda
ffda
f301
f361
f343
f808
0550
f8e4
091d
ef73
efb2
057d
00c1
f3c6
03fc
eddd
f756
0ac4
ef2a
fe25
f365
f54b
10b9
0cc5
f506
f733
f3e4
ff60
f61f
f489
f4a2
f37b
0022
17ee
ebda
12a0
01fa
026c
f4b3
058b
fd19
016b
00fd
ffaa
f9d8
02b5
f873
f7ff
00b5
f6fa
fdf5
0255
04c3
0298
0397
028b
0a32
fd2e
f235
fcf0
ff17
02f9
ffd2
045e
fd8f
01da
10c6
02a1
fb1e
0566
024d
fe29
0369
027c
0089
f296
04df
0a7b
f13f
fe93
091f
fc0b
0b15
fd6a
f93b
ffc5
0e2e
fabf
fc59
0215
09bd
084e
0447
fbfd
f37a
fe08
0713
0537
0299
052c
fb78
05ad
0e30
fc9b
0fde
0931
011e
ff54
fb99
f0ce
160f
f72a
f02c
fe9a
f9fb
fb1e
101e
f940
fa77
f1e5
00df
f2e4
f157
01f3
0100
0d88
13c3
f13e
f8e6
fd84
f6da
ff38
1bd0
06f1
0056
ff46
efae
f97c
f5bf
ef94
efbd
fd25
02cf
0ae4
f0bf
f86d
f83b
f360
f2a5
08c6
0053
f3a0
f82b
e8c9
e96f
ff83
f8f4
f7d4
fdfd
f133
1342
0f9a
f615
f479
0072
fcb7
f331
f29e
0a03
1092
0791
ff52
0546
f8b9
ed5f
0719
165c
f909
f307
031b
f7f8
0017
fbf6
f46c
0ff6
f3e6
fb7d
e7c3
0f89
fbfb
f1b5
fc70
0ab8
03af
0a5a
fc8a
01df
ee23
f643
08c4
00c8
eacb
0608
027d
0bdd
0444
f625
02f5
ef1a
0230
f5dc
0124
f364
fda6
e8f0
f6db
e056
f8e8
ff3f
f703
f098
fd82
f4bd
ffda
f4f8
00bc
fe84
ef49
ff4c
04f8
f1ec
f234
f898
08a1
071d
0d64
f1fb
e59f
f0fb
f4cb
0ccd
071b
fd92
041c
f93f
f73a
fad9
f26a
f6ca
ff9a
f4e0
f4d5
00eb
f046
1347
f972
feb3
12de
fd75
fe12
00da
0667
fbb8
ff0f
06da
01f9
01f3
ffc2
085a
ed44
fa76
fd62
fd49
fd92
fad0
03c3
0383
fceb
02ba
0e4c
079e
0486
015b
0d3a
03a4
f7a8
02a6
f9b0
046a
f3c6
05bf
e60c
fb02
edf7
0b04
13bc
0c28
0b35
fad8
fb54
0c40
21af
fdac
fb7f
fad8
01e5
feb7
f875
12e7
083f
0131
0230
ec2d
fe65
f9bc
0039
ff85
0af6
fe93
f5a5
0019
0a73
ff2d
f3b4
feba
00bd
f7e2
f489
f4b6
fd92
00ac
fff5
fa91
fe1e
f8b8
05e9
f4ea
ecba
ffef
fa4b
f8ca
fce8
f468
0073
ef06
f972
ebd0
f651
034c
0582
010f
096c
0002
0b04
fdf6
085d
fb94
f11a
091e
f705
feea
fcc7
f8e4
037c
f5d0
016e
031b
0626
f99e
fcad
fd2c
f2ae
f39e
f307
eb7e
f34c
0766
ffa5
fd19
0152
febe
05c3
0421
fce7
ffaa
02e7
0432
0499
0521
049d
03e1
0104
fc6f
f6db
1005
fe86
0da9
fe7b
0a85
01bb
1182
174f
1068
0a62
0d73
e1a8
096d
0010
fdfb
0feb
e9f2
f62d
fb07
eced
fdc1
ff9a
0181
f34f
fe49
f354
fe49
061f
fda6
0669
0748
0d55
1470
fe65
04da
0173
f72e
ee8e
0ec0
0054
2495
099f
fcfd
0e75
fff2
fd03
fcea
fff6
0ce6
f698
feb4
03fd
04f5
013d
ff56
f303
fda8
ffe2
035d
fc64
0441
035a
ec79
07cc
034e
f819
04d9
f0c6
083e
0bf7
0313
061d
00a9
f9be
f4a5
e90f
fb5b
fb83
ecc4
04d2
071b
fb61
f6f4
0493
014a
0f0f
f798
0051
0999
0120
08a3
f16f
0497
ffc0
1113
fc1d
00e5
fbea
f307
ec69
010a
fc76
ff04
0989
ee04
fdb8
ea71
0478
fd8a
0d44
feb1
0571
fc4c
0164
f40d
fdcb
f521
1299
f9a0
fedb
0491
0957
07b3
0fd4
0584
00f8
002e
fd5a
fca2
f482
01d9
f146
00dd
0f7d
0d4d
f365
181d
ee2e
f764
fff5
e8f0
f68b
012c
0b9f
1a3c
01e6
fcc5
fa36
1078
facf
099c
0054
f5f5
0c68
0485
ff03
0a34
e66e
f9cb
ff66
070a
fc78
097f
1beb
0b17
fe5b
f931
00ac
f15c
fae4
0479
fab7
0999
022c
0470
f865
03f6
0139
f9c3
fa1a
fc8b
0610
0846
044b
fb70
076c
ff22
0950
073e
fd4b
fd3c
f59c
07e9
fb28
f2aa
013f
0628
f6ed
0410
fcac
008b
072d
fb72
fcb8
127a
0147
fb76
075c
fc41
008b
0484
0b4b
ebd8
118c
0379
071e
f8ab
f780
f467
f996
0d0d
0c22
ff8e
04a0
ff34
f6c3
fecc
06a2
fc13
fb38
0579
ffb1
f7f9
0391
f0a7
ff09
faca
f930
fc8e
0042
f2aa
029b
fc06
0391
f34e
1290
0bf0
fc35
0cce
fb18
f3c3
0897
12c9
fd5e
f12f
fd8f
03da
f717
feb2
e830
f7df
055d
fc21
f388
130f
fd70
f583
00ee
f1fc
f117
11aa
feed
ffc8
fe50
ef98
f821
0290
06ab
ec4e
f052
ef4f
f9b8
0659
fc31
0f2c
f413
f0bf
f92a
f793
f1fb
fccb
fd2b
fbc0
f874
ea86
0c27
faff
fa2d
0c76
f4d7
f8c9
0814
f910
04ca
0c50
f692
f6c9
f96e
fa1f
0131
f702
fe6b
f8a2
05db
f9ee
fbc2
fc20
f7cd
0af7
fdf8
f85d
0519
ff2c
ed3e
057f
fbea
fa3d
0329
0510
fffd
efce
00f0
012d
f012
fe05
075f
06a7
085b
0229
eb10
f077
0430
0da4
1309
f6a0
149d
f714
fd37
07a8
f450
e872
f50d
1592
f3a1
04ee
04cc
ee55
fea7
007d
13de
0290
0ecc
0068
fdf0
fc88
fbb9
f81a
f8bf
05cf
f34d
052f
f116
2687
05ad
0216
fff7
fdfe
0154
fa10
0442
fbfa
0772
f2ad
ff7a
07b6
fbaf
f658
ee94
053c
fe2c
f2fb
f917
03c0
fa07
ef88
f680
f6d7
fe68
0055
f392
0723
fafa
fe1a
fd4c
f937
0432
04ed
0244
1511
f6b1
f3e8
01a1
0225
0914
03c8
ff72
fc47
ef15
ec0f
f680
140b
00d1
0a84
fad0
f139
f8c7
f8bb
050d
00ab
059d
ff1b
f82a
fd67
ff7c
0121
ff4b
1355
f648
fd80
fa9b
f64d
f4bf
0614
fa60
edcb
038e
f898
060a
0301
021c
ff42
fb51
00e1
094c
00f3
00b0
013e
f90e
f27a
ffce
dc02
0ca6
efff
fa49
001b
0a65
f6b7
06ae
fb13
ff75
ef0a
00b5
03df
fa22
037e
fb4a
f8d3
ff68
0139
f9c3
03e5
04fd
fee7
e868
fe85
ffce
018e
ff11
0740
0916
0f08
ff86
0a1b
2b99
f9f1
000f
fdae
f0ce
f3f5
f9ac
0578
0147
0946
fa76
0221
0cf3
0182
0638
f068
0a93
1794
0010
fad9
02d5
fab9
f94b
072e
019f
fc19
04c9
01f1
0569
e8fd
06b9
0205
f96f
f8ad
0eba
123d
fc81
022f
0337
ffed
fcd9
f976
1013
19c1
0fae
f71f
07a3
f699
fae9
06db
01f4
03a9
fd1e
f442
f963
fbd2
07da
08fc
0125
f83e
0dbe
038f
118f
10b3
fd7d
0e84
f9c0
fc7d
e6c3
04ec
f28e
0125
0122
0b39
0c32
130a
fdde
02ee
07ab
0d70
f3fc
fd26
f934
e88c
f80c
0333
27a1
f547
03ef
1510
ffd9
f4de
0cfc
ecb2
fbc3
0300
0c69
fab2
01ef
e78f
f160
04ea
0075
ff96
fa74
0e88
01fe
f60c
eb5a
0a31
02ea
f758
f612
03b9
05d1
0b4e
07d1
1521
0074
1ae6
096a
ff10
f8de
f994
f8fe
05ae
f86c
f842
0b25
f677
fe81
031c
0510
01b3
19d4
f870
055c
fab3
f8a2
fca3
07f8
fbbc
f97a
f9f5
04c3
f677
f179
fb43
f7b7
01b1
ee36
085a
fa1a
ffb2
0551
00af
0c58
fc4b
0964
fb73
0f7a
f98c
ff54
07ac
0043
fe12
1161
0845
032b
fcfa
f8e1
f6a4
f6a9
fe66
0daa
f099
f657
f9ee
fe75
fd26
018c
dbec
fe30
0ca6
e341
ea79
0612
0453
0a7a
0242
e948
f3f1
fda7
fbb2
1110
f706
f279
076b
f827
f6c3
0910
fa6e
072e
0e40
f7e3
f28b
090c
15a8
fa8e
0b69
f8ff
f71e
fa55
0c36
0537
06fb
07e6
0126
000b
f9e6
fb41
fa78
f513
f450
0414
f3bc
0535
f7ba
f8e4
0e78
0f4f
fbb2
0539
02e9
f8eb
123b
0cc5
08cf
0626
046b
f920
fd9a
0603
fb74
0642
f815
12b2
01bd
0255
ffbb
fbd0
fef1
0c76
f57a
003a
103f
12ec
fc12
fd4c
f928
f5a6
0659
f62a
f50e
0484
06f4
f9d8
0da6
ff9e
0009
fbf6
0729
00df
080b
f242
0c15
001d
fd62
0308
ffaf
1287
f3e9
f2c6
001b
0103
0172
085f
fd38
053c
ef8b
f622
ff06
080f
f374
fd72
01df
ffb7
fa0c
f30f
fe28
ecca
fcfc
ff3b
f197
0597
0106
e61b
0945
f113
fa28
fab3
fd7e
0138
eef6
09be
f6c7
e864
0067
fc3d
0080
e6a5
eea0
f5d5
f821
1619
fa71
f828
fcce
e42b
f6c2
fa0a
f197
f8ab
fd5c
f087
055b
f600
ff8d
fd03
0667
f215
f71d
f7cd
0aa1
236f
e435
0b9c
1499
f78a
12cb
07c3
f4dd
fa10
08f1
0867
fc06
04f6
05c8
ef6a
038d
09d5
1157
f687
0bcf
f0b1
ffec
ff3c
1949
02a1
044d
015a
02bb
f5ca
0498
f0fd
fad7
1a0c
efe7
0335
0242
ee82
0fe1
fd51
00b0
0513
1477
0314
0919
f370
0436
e8f7
f985
012d
f1f8
1bc4
faed
005b
05ac
0b10
04cc
002f
ff09
f8b5
fb77
f0f1
f68c
01b3
ff7f
0e84
f38d
faf7
0181
0798
f57e
001e
0099
fd52
0fe2
15f9
f750
e87d
ed55
e6f1
f8ea
04cd
0845
fa4e
0030
f2bc
04a6
f665
06d4
07fc
0a64
f801
0754
fb10
1027
028b
105d
0346
fbd3
0a4d
0073
0c36
0434
f94d
fc03
ff96
fb65
07ef
01e8
f98c
ee5b
fd17
0e99
fce3
fb2a
fb40
f6a7
01bc
095f
057a
ef53
0040
0264
ff15
0745
00d4
f7be
07af
f382
f3dd
0c2a
084f
0b06
e94d
ff2a
fdb1
03ac
fd0e
0b42
fcb8
04b5
0add
f70e
f492
0f8e
fee3
febc
0314
018e
ffc7
04fa
f170
03fa
f3ce
fe6c
f6aa
0640
f847
0c2b
06e7
f8af
ed02
eefe
ebf5
0201
dc2c
0b09
fbff
0419
e5a7
00b1
f89b
08c1
0427
02a4
f6bf
fdf3
007d
fa47
0eb9
f39b
141f
f71a
058b
0fd1
f2fd
fc94
fb08
009b
ef62
fc52
f095
e83d
0791
f5d4
0f40
0434
fe96
f835
02df
18ed
02c1
1451
09aa
f3b1
f688
0bfe
eb07
0bb0
ffce
feeb
ef5d
fd3f
f42a
0d33
fec9
119d
f7d6
fe36
f97e
f86f
1120
0c3e
07a8
0b44
1204
f7aa
faa6
0e9e
1446
f80a
12dd
0240
04b6
0268
1b12
f8bb
0c5e
0f62
ff96
07d4
0cca
fa88
126b
11d1
0312
fc58
1189
02a6
0a8a
f44e
193b
02f3
284c
043f
ffab
0760
f799
032d
f73f
04c8
0d81
ff55
058c
0aac
003a
f7d1
0fde
f4c4
0419
02f8
03fb
f830
fe7a
1e13
f480
f839
043e
04c1
f52a
0179
0ed9
00fe
118e
fb2f
f8ae
1138
0c22
ffc7
f095
05ff
fbec
f559
0904
fed3
feb8
fb71
f9a5
f968
f94a
09d8
0a02
03f0
045a
0310
ec5d
0a5e
dd7c
091c
00d9
f349
014e
0fa4
f6e0
f720
013a
f9f8
1500
11ed
fd28
f6da
066e
f607
11ab
0133
f814
0427
f449
f6d1
05f0
fbfc
0fb8
fc4f
f93a
06dd
faab
119c
f88d
edc6
ef51
01d9
155d
0317
030f
ff8a
fa7e
078b
07eb
0e06
05ec
f538
fe00
eda7
f097
0723
fd7b
fd05
0122
0609
f04b
fa85
0269
f3d2
004b
0aa2
036e
07b2
f583
f1d2
f829
fd1f
0a75
095a
faa0
0390
045f
0343
03bf
01f6
ff88
02b2
eaaa
0711
fd90
0d52
0146
0421
039a
f650
f424
fa6e
fe36
fc64
0bde
f841
0174
f682
f9b0
0b97
f902
f7ef
0178
0844
ff09
06a9
0c18
f904
07ad
fbb3
015c
0cd2
fcfe
ff83
019d
f76c
fb3f
0326
01c4
0456
fbe5
fb85
09cd
fb05
01d7
fa47
0026
f8f5
0a86
ff86
eea4
0431
f74b
0c2b
fcaf
f4fd
e8fd
00a0
01a3
0b5e
fc5b
ee7a
fa67
e3a7
180c
0c43
0fc9
f909
00c6
fd33
0e0a
fbe1
f96b
eed7
fde6
1195
f5d7
fc06
fd52
f244
00cc
fb5a
f514
efe2
06b8
fc9f
02e1
0559
fa20
13a4
0b40
0a22
eafa
062b
01ae
174b
fe30
0192
0291
0388
05db
fbb8
00bf
fcc8
0a85
0110
e9e7
0bfd
f9f9
0907
f97a
f6f0
01ad
ffa9
fd79
07ab
fbe6
081a
0123
03a9
f6e9
07a4
06f2
0b36
fa77
0788
0356
f01d
03f9
0402
f11e
01b8
0f0d
feb8
097b
ff04
0381
ff69
0251
0158
f0c3
fd41
0fdd
f5b2
126d
f199
f89f
ffda
ec89
f9a3
f9a7
ec91
ff55
f993
0682
efcc
0cd3
0d3d
fd1c
f0f7
fdd6
fe82
0f74
f18c
f825
feb7
fe0c
fcd0
ff9e
16f4
f900
f6c5
fc58
096f
0ff8
f7ac
fbbe
f925
f5c6
05ef
00dc
ef19
1ad7
fd1b
0603
f80d
0bcb
f841
0513
f5d5
0b8f
02b2
fd69
05f7
f5d3
fdf9
f063
ff08
0a48
083e
f751
00b5
0be1
01bd
0850
05b4
0443
0111
083d
0663
f657
fbef
f785
fb6d
fddd
04a6
f35a
034c
f14d
0012
fa94
0b5e
f2a6
f979
190a
0539
053f
062b
0b19
2811
f6ea
0459
0018
ffd9
0ba7
105b
0314
02a7
fe2a
fcd3
09cd
fb79
14d4
fed7
fe4f
01cf
051b
f976
03eb
0405
00d7
09f4
011d
1056
03d0
ef8d
f63a
fe58
16f4
05b3
02bc
fe35
0945
fc1c
fe0b
00bf
0c37
feed
0247
f7f9
fc01
f6e4
f9c6
fb5d
09e4
079e
0132
002e
fdaf
0d64
0015
05db
0b64
0ce4
0ee2
fe42
f8d3
f1e4
04b2
013e
02c9
fa73
fe40
ff62
fd5a
096d
fbed
fb61
fa7a
fac6
036b
0e81
0e31
f5e5
ffdb
f193
12b5
074e
f207
e780
0d9a
fbff
f77b
011d
0b5e
f73b
0d97
016e
fedc
f7e8
0d2e
fb6d
edf2
ff1c
f78b
ea56
ed02
0bae
0ae3
11bc
0343
faf8
0ed7
13c7
ff8c
f9bd
fc9c
0d5a
08ab
0da1
f12a
fb4b
00cd
f119
f5f5
f75d
f8b4
0abc
118d
0309
f940
eccd
f8af
0646
0ece
fbb0
fac6
175e
097e
f901
ff01
f580
fc88
f4b6
f604
f42a
fcab
0704
f3ac
f34b
f39f
0e1e
ff00
042a
04c7
0ae5
0c12
0498
fb0a
0946
fd84
f629
0cc4
11df
f8d9
fb4a
ff64
0529
02c7
0b4c
0131
fe0d
06d5
0dc4
f959
f45e
0302
0afd
13ff
ffef
f13d
0988
f1f1
ffe7
f51c
0dfa
eda8
0149
fe4e
f8df
0041
1125
f934
f69c
0af2
092c
fc72
07a7
fe7f
f862
06db
06b4
f779
fa15
fec0
00d7
f915
fc73
f583
ef6a
0398
063b
04b2
f498
06a0
fe6e
f609
0d24
fcc7
0a86
056c
005a
f386
06a4
ff6f
0bc5
f87d
0820
fa5e
fff0
fc87
0bf0
002c
08d1
05a0
f584
03b0
0182
0940
ffc7
0151
0f02
0d36
0078
fa26
ff71
ff8a
1421
ff38
fe4b
e92e
fabc
03cf
ef52
02e7
03d1
03ae
0ce1
0695
0143
09e8
1045
fb1c
03d5
ff2c
0aae
f234
04de
0301
017d
0de8
0fa5
0441
02f1
0270
07f7
fea5
f6c5
021f
fdfc
004b
f64c
f867
0551
025d
08ef
f0cc
ecfc
0d0f
03e8
f2fa
0486
05d4
fabc
fb23
fc52
06bc
00fd
0490
f9d1
fbe0
fdfc
f7bc
fb20
08b0
0f7f
fe2b
fbc4
0b97
eec3
f8fd
f7f3
f7e3
00dc
0b85
f91a
f8d2
0467
02bf
f13e
f79a
0607
ffaf
fb19
0ccb
007f
0184
f792
fd93
14b9
fdda
f22a
f1a6
00f8
eec4
04f9
f075
f781
edc2
09e5
0313
0107
ff35
0a53
0137
1162
f9e0
ff6e
07c8
0165
f744
100d
f14f
fe9a
0baa
09f5
f1ad
05ff
0566
1a1f
05c0
0b5d
0425
13dc
0448
0b55
f241
1464
ede5
0042
186e
0102
e2d4
fcd7
f098
0659
eded
06a0
eb53
0e27
0119
0f43
ec79
ef64
f6a7
048b
16bb
0e38
1223
220a
02a2
fc8d
08cf
f2de
02d3
f889
19d5
0496
08c8
f707
f78b
06e4
fa4e
ffa9
fb01
f66a
f891
1485
00f4
0109
0aa2
05e9
017c
074c
fc56
085d
fb27
fa57
10b6
f6a4
04f9
02b4
049d
f838
fdcd
0ec1
f353
fcdc
fcf2
fc9d
0d67
08fd
0aac
fa8e
0760
fe00
eb5a
0bd8
1b11
ed12
eecb
f140
f806
fcf4
0805
fbd0
0afd
fbef
f6c1
0354
eef0
02ad
0db1
f112
f946
eed7
f946
0219
f70c
f9e0
0a9b
0121
01e3
f6d9
14df
f9eb
02e4
fee7
fd4b
0897
f60e
0c49
0470
082f
f8a3
f6f1
fb27
1310
f33d
fcfc
fcdb
0f20
fd6b
e794
028b
fd5e
0f81
f1e9
f40e
0831
0d05
fef4
0161
ef24
0614
feb5
025c
ff4c
fd5b
fe24
fd4e
fbaa
fe9d
f8ef
fcd1
0cfd
f051
fc77
f5f1
0857
00b1
fceb
0519
f3dc
01ca
f86f
f71e
0b48
f8c8
f045
fb37
fba1
08e8
0913
fe21
fabb
0cfc
faa8
0217
074d
f510
ff86
eda9
fe66
fe9c
fe2e
fb2e
fc37
f854
f146
fad0
ed81
f486
fb87
fc18
0634
ef7d
f016
fc08
07ab
f284
03de
f6a4
0591
106e
e3ed
f9a8
f9b5
ff70
00ab
0a37
f02e
0208
eaa0
fc8f
f533
0169
febc
026a
e9eb
0b61
0098
0cf4
05b0
057d
06b6
fd5d
fb82
ee36
ff37
f4d9
f989
0a59
f0af
f33d
ff5f
074a
00a8
1051
f9de
0ab6
032b
04a1
01ba
fae3
f568
03ab
06fe
f669
18b7
0a86
0544
feb6
01e5
f696
ff31
f9b3
ec29
fc25
fa15
089c
000d
f662
fcf4
0a62
03ce
f884
1105
02e4
050c
0bce
fd42
f5c8
0050
0373
047b
00dd
ff92
0466
fc01
0e3c
f5bc
05d6
f61d
fc46
05d7
06f5
0244
fe3a
f712
ff40
1109
f32a
0214
ffa3
f42e
edab
f064
fcf0
fe2b
fc86
0f3d
025c
1c7d
0f74
181b
0336
0a08
0ef0
fd1f
082d
0794
fd2f
04f2
f3b1
1610
0ee4
06a5
fc9f
fe0a
0da5
0cae
fcfc
fa13
07c8
0e0e
0321
128d
fe97
07c4
0f20
2b77
fa6d
fe7b
ffea
fbc4
ef9b
01c1
f70d
fd43
0d60
fdb5
f873
09a1
fb3f
f929
f94e
0072
f78f
fd6b
1112
16c7
0bf5
05f2
eee5
02a9
1b1a
0162
fd59
fffd
f611
faac
f4f8
0084
0975
f7b7
f6c8
edf9
fefd
00a7
fd31
1301
0ce4
fd91
04e6
0495
0542
0213
00dd
ede9
0265
01c3
ff60
0052
ff3a
fd04
ffdc
15d8
f7ff
fbf0
fa20
ffb4
011c
0779
0426
0d9a
fd2d
fc84
1259
f6cf
0a77
f0bf
06c4
f872
fc64
01f5
01fc
fcbf
f8d9
f763
f772
f530
07c9
f8fe
0309
0942
f532
01bb
0411
1372
ee27
f6a9
09d2
f48d
0388
fe6d
f7fa
fe11
f095
eef1
040c
f90a
0694
f625
ff3e
03bc
02d4
02e8
0010
0f6c
fc4d
0282
fa35
0420
0056
07dd
f92b
fe7f
f685
fc81
fa2c
fde0
f4aa
0b69
0016
ff16
ff73
f5e2
0485
fb28
f613
04e8
fce8
01b5
ff4c
f881
0031
0021
0e22
0272
0aca
012e
0956
f87c
02a4
f55a
feb6
0098
154c
f1cb
0272
0b7f
fb12
09b5
0d81
0648
0dba
ff1a
f946
fc56
02ec
eaee
01cd
fd94
fd55
fabb
0b06
0aec
f5c7
0b3a
f031
ee36
f789
016e
f373
064a
fd77
e85e
fcf7
0200
ef61
0022
0567
f2e5
e95a
f9f9
094d
06ca
fefb
04e1
f5cf
fef3
06b9
0ed8
11a7
0549
0090
01c5
0a95
f4f2
062d
f67c
0329
ebbf
01e5
1208
0047
f418
f439
fc9c
f898
fb7c
fb54
f63f
0665
0148
e9ac
0d37
030f
f1bd
ff9b
ff2f
03c1
f5d3
0a3f
0bbd
0141
fbdf
fe58
f2ee
06cd
f349
fecb
fad7
f909
080d
fbe2
f849
f99a
fe0c
feec
0057
ff89
f58f
f744
0145
02b6
f704
f9c2
fdb9
0ae3
06fb
006f
0b8d
fd79
0b78
04cc
0680
f56f
0e54
0342
0317
fd3e
f79c
0c2b
024a
0d2b
080c
0770
f584
f9c5
f761
0249
ffb3
044d
fa05
fb18
075f
ed4b
fa8b
f1d9
f003
04e4
0720
02bb
029c
f744
f8fe
03ea
13a2
0b62
fb8f
010e
fd85
dda7
f378
014d
fe89
fe78
fe95
06c2
f7cf
f46a
f524
fed1
ffb1
fe27
fe29
ed33
0459
ff3c
fc55
f5df
0a1d
df5f
f82e
fe72
fe2d
fe1f
f630
e845
fec3
f00b
fed0
f440
f757
f711
f151
0122
f2b6
fa73
f5b3
0036
fa80
f8e3
fac4
f62d
f7e3
f6b0
ffd6
0065
e92b
f88f
0263
06e5
f5f6
0171
f511
0315
f9aa
01e4
fffc
06f2
0133
fc86
fa81
ff3b
0022
03ec
0018
0283
fa79
01a4
fa6d
f647
0079
fd3e
f3f7
fe3d
f37a
0948
0430
0096
f6ee
063e
02ed
04dc
0ad4
fef0
0168
042b
0983
04dd
fa97
0105
fdda
fc7d
007f
fdf0
fb10
048a
0adc
f236
0ae8
02fd
f615
ffac
fb53
fd13
ffe9
f6f8
f721
ff8f
0506
02db
f1d1
f5f7
f6cc
fb6e
050b
024d
fb88
0c2f
0230
0079
fb7b
fb28
0f08
fe88
fc9c
f2c7
fb93
f623
fb77
f225
ff09
e798
0aff
fade
01af
e835
01cc
f8d8
0883
0293
0a2c
fde8
f0ea
fa96
155d
f171
fff6
f0d3
057e
f815
f75a
061a
e649
041e
002c
fc3b
0362
ff28
f851
fb5d
0aee
f548
f8f8
03a9
fe71
f8fd
e879
068d
ed59
0030
f100
01c5
05a2
0c43
fb50
f16d
f90c
e28c
ffc6
05e1
038c
1414
0e57
fb35
fda3
0844
f987
04f8
1893
0aeb
0014
08be
fa96
0ec5
067b
ffa0
fd73
03c6
0157
faa8
0753
f55d
0e0d
ee51
0610
e793
07a0
f274
0500
fd1a
1341
fb54
fad0
f86a
00a3
fab0
f6c7
fa53
0eea
efa7
e58d
f8ea
ff75
00d2
1ea3
ea38
ffad
131a
fe00
eebb
e561
fc69
0139
eb75
00bd
0048
02e8
f83d
02ae
09ee
fe68
f935
fcf8
0bfe
0660
0dce
f5d6
f8b0
f195
f47b
f77c
fd92
f41f
05ac
e95b
0019
fd5e
ead5
fcb1
fb65
fd81
0324
f9b3
020d
1000
0644
ec3e
04a8
0689
0831
f2c5
fdec
11c9
0594
012c
f70c
ed2c
04df
f7d1
ff28
f9a4
09f7
0ae2
042e
0fe8
f406
fa2d
0676
fb32
fc9e
f356
f391
029f
ee0d
0346
fea6
ff8a
ec73
febf
0307
0212
fd0c
fd2b
07a2
e8c9
fbfd
fe19
f7e6
07ee
0909
0172
f6ec
0aaf
15cc
fb3e
0513
fe5e
ff3c
00da
fd7e
0477
f7c0
0bb7
fcad
0983
fb8c
0048
0170
fbe8
f3bf
053b
fd7a
03b2
04f6
fb39
fecc
ef69
fba4
03bc
f4dc
061f
02ec
f9ce
0459
039b
04ec
f014
fc63
f137
f9f7
08aa
029e
105f
f447
09f4
0808
0199
facc
fbb6
f4c3
f382
02c6
fa46
f3b2
074a
0cef
efb1
1007
0809
fe5f
f9be
0719
fd3e
ff7f
0537
0280
fc59
0477
f5bc
0bb8
f728
f751
033a
fd78
fc9d
fdf1
fd19
f9d2
edaf
fd25
fe20
f866
13bb
fd06
f02b
01f3
ec01
f129
e30f
fa46
e8ad
fe64
11a8
f98b
0775
02aa
f527
0d2d
f08b
e14f
031a
eb25
fb9c
ee65
1f13
13d0
0e3a
075a
05a3
0933
0e34
f240
eec7
fad6
0823
f3ed
075f
0b6c
f556
f96a
f4cc
1833
0d89
fa77
f114
07b9
fde5
fd97
023d
ffdc
f649
0f08
016d
f973
0531
0131
f621
ec47
fda8
ee5a
04c5
f937
fc05
0c9e
0fbd
125a
e9e7
fac5
f864
fa09
f41c
f925
f360
f99b
f247
fcf0
00d6
f357
08f1
fba2
f59e
0211
0efa
0f8e
fba1
0f86
04b3
ed0f
fff4
ef71
00f6
1bf1
0201
084f
02b8
04e0
f52d
f0b9
1f5f
0914
f8ee
f174
e9c3
08ce
004b
fbdf
fddc
0123
febf
fd4b
eeda
ecbb
0347
f0ed
f7ff
fb04
f9d7
f7f0
0c8b
021e
120d
0259
050a
fbc6
0510
0df4
f317
00ac
0635
060d
fa63
0190
fa9d
116e
fedb
fcaf
f9a0
0be2
f36f
f3cf
0ff0
f0b4
fc36
fd46
0e3e
f40d
01fa
fbc0
fcd4
f8eb
ff47
0aef
14da
03ca
f2f6
fece
0197
f5c3
f509
fa05
fbde
ff47
01ba
f2da
f2b2
f839
01af
f81f
f827
02e8
1980
fd12
0691
fe56
0470
101c
f9a3
0856
efa4
fa74
f588
0bb4
fed8
fbd4
f5b6
f4f8
f5b7
f43f
ffae
04c7
050a
08fe
f248
fc70
f90c
066a
f59c
13cf
0382
06ba
fc39
1a88
f22e
e46e
0435
1171
0567
0cf0
fa2c
0368
fdce
0c1b
0c9a
fcc1
128c
03e0
faa4
0bc9
0028
075d
0b22
00a2
f9e8
02d8
0883
0417
029b
00b0
fbe3
0004
0dd3
f8d6
f7db
ec4e
e510
0ae8
f921
0723
f94a
05eb
0b43
fb14
0f10
022e
edf1
ffab
ffed
f13d
0239
07a3
f923
fb3c
07e8
04e6
0675
f813
fcfc
034f
fb15
f978
fd79
fc49
0c77
0ead
ff1e
f89c
f4fd
000c
05fb
ffff
1b64
06a6
f226
0264
0029
0fbb
ea4c
09de
00ad
f5a2
f2a9
0066
046b
1028
fc97
0f05
fc27
ed74
16d6
fae8
fe4b
0e3c
0430
0521
03ef
1011
fbe7
fb01
0992
ede4
0524
f9cf
fd52
fe7c
0589
feb0
ff54
fd63
fa75
1879
061c
ff83
ed01
0d3a
f883
004d
1315
fe26
03ce
099b
f3ea
fc39
0aff
f41b
0088
fb7f
0a39
0b39
f04f
0da3
f519
ff80
ee9a
f5d5
fc2b
fd65
f4d2
fa47
f707
048f
0102
0467
047e
0b90
fa10
f849
f367
1cd6
14fc
0893
ee5d
10a1
03c0
f9e0
f583
0656
efad
fd5a
ee4b
03f5
f83b
fdf1
fb23
e900
0de7
efa6
039d
fd79
faee
fd50
01eb
0ab1
0208
0654
009d
00f7
163a
fe32
00fa
1580
fa2e
0675
f902
159b
ff5a
f5bd
fff8
fec3
ffef
0ce1
fa8c
1539
0bb2
0e31
f504
f304
1c43
01b7
08ba
03eb
fea8
0289
f4c4
f3bd
086e
ff8f
0700
0339
f579
0cb8
fa1a
1599
1360
fc4d
fdd1
0232
f524
facc
059a
0495
feb3
f9e9
03f9
156d
0013
fb71
05d5
f2e0
fa94
0c03
0074
1581
0628
069f
042f
0e39
ffad
0a09
06e2
0079
fb9b
ff99
05d7
0343
f490
009f
0b3a
f3aa
fc48
ec50
fb4c
07ef
e92e
0b64
03c9
08db
fef3
fd0d
07b3
f1bc
0591
07d1
fb5e
fa03
0361
058c
f903
063b
03b0
04f1
fe8f
00e0
f5e5
03ed
f338
1f88
fdcb
008f
03c1
f368
0348
0060
efc5
f3aa
fd48
035c
0a8c
f7cd
fcc2
fac4
0032
f273
02e8
fc2d
ff23
0e6c
0624
fb66
f936
ff80
06f0
05e8
13bb
0bba
fda7
ffe4
0b1f
0688
fe61
04c7
1011
0f41
0766
0752
0c8a
0e62
f3a6
fa27
fa6f
1789
0d88
035d
ffa8
f992
12b7
0af3
0129
028f
02c8
ef12
e7f7
05e3
fce6
02bd
0613
2346
043c
0554
01ed
ef57
fc5c
f58b
fed2
0fc4
f9f3
0332
f42a
0b53
f303
0361
ffac
088b
ef88
f3ce
f4d9
fad6
10bf
126b
0dc3
0ec0
06c3
e971
f88a
07cb
04c4
01c6
02fd
f1fd
0e13
0ddb
f414
fd25
fd47
fc2f
054e
1167
fded
f7a8
0a6b
0e0f
0034
18bb
f9e3
0b50
ff11
06f3
10e8
08ae
043c
0208
0bd7
0069
fabd
03c0
fcce
099c
0347
f5ba
1a73
03d7
058c
1883
fb42
ea2b
0fd1
066a
0c5e
075a
0152
faab
e9ad
0ce9
0911
f7cb
127e
084c
0b9c
ed4d
0dfa
fdb2
01f0
08ea
0183
18f4
07e4
03ff
f8e9
0f5e
1012
05b7
0b01
f430
ebd7
fdbf
fd29
09b3
122c
f469
09d9
feb3
f8d6
0824
fcec
07b8
0fc3
f733
039f
fa6f
0d88
07c7
f375
fc9e
fef0
f684
03e4
fe38
e62a
056c
fa3c
fb28
f646
06bf
f06e
0cf7
f69a
f554
0b36
07bb
fa39
0af5
fc77
f545
00d1
009f
fea0
fbb0
fe3d
f61e
0068
0332
f195
135e
fd3d
fbd8
f39e
0344
efae
f1cc
ffd3
fab3
e555
ec28
0485
008a
039f
fa9b
001a
f904
008b
00b7
02ce
04a1
0711
fc8a
fcf6
f474
fca3
fd21
f7e6
0a8d
04a9
fa2a
0526
fbe9
ff56
027b
f93e
f567
1042
0355
f673
0daa
fb06
f76c
1c1a
0062
f334
fca5
ff1d
ff7d
fc6b
f633
01d0
1150
064c
0188
f863
f1e2
f8b6
fc3f
fddf
0189
f50c
ed52
0a99
f9bb
f875
fc1c
fde8
04d5
00f2
f8d7
022e
fdc7
fa06
0112
068c
072b
fb0a
022b
0af4
f33f
f19f
fa5f
011f
0356
16a1
f33d
f7d6
e86d
fbee
fdeb
fd0c
fd68
f679
f7d6
fd6b
fa6e
168d
fbf6
110c
072f
09a8
e8a8
f544
ffcc
fd70
0343
00cf
08f9
f8dd
fb44
09ea
0a0f
0590
e9a9
fc06
0d6b
006d
fbfc
f742
f35d
e503
fe3e
083b
f0ed
053d
0fec
ff08
f90a
f257
e740
0564
ed24
0c69
0653
0eb6
0138
f406
036b
fb99
f639
fcaa
ec13
0bf0
f735
ef6b
f195
1494
fc85
02ca
f8f5
f8d9
0210
f4e0
036a
f6d1
f50f
06db
fc6b
fc14
e34f
fba5
ff0a
f4e5
0cb8
1208
f834
fb4d
00ce
167e
0fb6
0490
096c
028a
0414
feb8
f895
edcd
162d
f349
088f
f774
130e
18e7
056c
0c93
05db
05ed
f413
f233
f0bd
faef
004a
0506
fdd7
0052
fc10
05a2
f7f7
0234
f240
da4f
fda7
0184
f369
01a8
fa64
0b07
1118
0166
15a3
ffd5
fe6c
f951
06e9
fd07
0ddb
f62b
fd6b
078b
0d78
03ee
ebe5
0f37
0b91
12c2
0a85
0124
f917
1906
001f
0ce5
0332
0a0a
fdd5
fbef
022f
fd78
0c55
fd2c
0dc8
f9ee
01e5
fedd
0cb3
fdf4
12e4
0776
fd62
0c3b
1268
08e7
fd36
fcff
03a3
f9c2
0342
1ee4
0b5e
f666
0d1b
f400
1633
0a39
0f75
0c6a
01cd
f677
02ea
059a
0f64
ffbe
0cbe
0e9d
064c
0178
fb35
ffbf
088a
01b3
055c
ffd7
039d
f8f3
0b7b
06b2
0c80
054b
f9f5
fc6d
ff41
0851
ff8d
02c8
0640
f904
f4e6
f5a3
f95a
f495
fe76
fd9f
f92b
f125
0db2
0c36
00fd
1227
f70f
f5c5
08b4
f5eb
fed0
0686
ffec
f99d
0729
09a4
ff16
fcb2
0151
f2d9
0430
01d5
1600
017e
0e96
0c27
f76e
ed66
0737
fda0
fd77
f913
022b
f814
030a
07d0
05ba
082c
fc5a
04d7
0031
f8e1
0339
f716
ed69
0d41
03b5
0f55
0022
0335
076d
0f0b
fc1e
fefe
fce9
0d04
0684
104b
fc42
1973
0f7a
efb1
1946
19ef
05f8
f8cd
fe9a
fa40
05fc
f19e
131b
e86f
eed4
1cdc
fc47
16b1
1a19
fd25
ecc3
0574
fc60
fb76
fb7b
fa8a
045c
07c3
fb7c
eaba
0da0
0d7c
f748
0af4
0424
f250
0923
fd61
0c5f
2e33
32ee
0445
0f12
f2c3
1a64
13a1
13d9
0c20
ff38
0c2d
f937
076e
e8a9
0205
fb91
0704
1143
1102
1656
1cd7
14ae
0ae1
0263
1d79
1aaa
0670
f3af
304e
fa05
fa62
03d1
079b
1398
ff35
e8dd
0d83
0140
0417
040b
19b5
fc88
f41b
1c35
05f6
1c24
1994
0e96
11b9
ef0b
1d52
e377
139e
0d53
1b55
1379
e631
f49b
0dda
0b49
19ca
22b5
f82c
029b
f21b
ed87
00c2
fcf3
0875
eee1
019f
fc48
f8e0
fff6
ee79
e7ef
f914
f577
0398
ff51
fcdf
fe8d
1143
e346
fe70
f2cc
1431
feba
df83
f2d8
fc39
13b1
f3c4
0872
011d
ec46
0170
fc86
05eb
048e
ecfd
0f16
035b
fede
fc82
ff88
1508
f4af
1686
056e
f4ea
048f
f7f0
f75d
ec58
05a8
fd2e
f418
eaf3
ec36
18eb
ee96
dd0a
071b
fc02
e9fd
0a7d
f89e
fda5
f26a
ff0e
eb33
01cf
f72a
0078
0b8f
fd3c
fc11
ff75
f6d1
168a
1610
05c1
fb53
fb9d
f37e
02f8
137a
f08f
f5fd
e1c6
f8d8
09c8
0777
fb7d
fd78
04f5
0346
f310
faf7
fcba
f1b9
0359
f5a7
1324
0a5a
08ec
020c
f288
0574
edba
2181
f367
01ae
fb52
ec8e
ea92
0d64
0635
eb2f
0968
07c3
0ac0
fd59
f26c
ff9a
f07b
005e
032c
fabd
02d8
0761
0373
ff12
fd62
0199
037d
efb8
fbd3
005b
03c2
fbcd
fba0
0371
0b6a
0326
05e1
fd31
f61c
f9c5
0bfa
fafa
01a6
feb0
faf7
fb6b
075e
f44b
04c4
00d5
0ae2
092b
0117
fa17
0e47
fa33
f8b0
0352
0315
0d33
19cc
f933
0adf
ff46
f481
efad
f065
ff14
fcb4
f715
fefb
fed1
0256
ff1b
1dbb
fecc
fc17
0244
0531
02d0
f5bc
fb8d
0d34
023b
ea83
06af
f3e5
f478
045c
fa7f
006a
f597
fd1c
f530
1cf4
09ee
f34b
08ec
f72e
00c1
e4ae
fc47
0b0b
fc5d
10ef
02fe
eb3a
f26b
13f5
0a65
f506
fe27
0159
fa83
f4e5
0f2d
fc35
fadb
f4b3
ec90
fc23
0289
fc54
03a2
f586
0337
0671
0785
0c32
eed0
f74f
0426
f829
f83b
08dd
06a9
f1c5
0bc9
fc36
fce0
ed30
f65d
f142
fb66
fc29
fa9f
fa3f
f5ad
02fc
07b2
0e8f
05f0
06f4
eb25
fd7b
f44e
02cf
fdd4
0c57
0492
02c9
f636
0e2b
0717
eaef
fc9d
022e
f75c
f0d6
f522
031c
038e
fa9b
ff3e
0e4d
0132
f8fe
fe37
f8b0
ffb7
0246
fc72
ff57
fad6
f62b
ec85
057d
0d82
0429
025c
06d5
0635
ff24
f2d3
0890
fb58
0642
f037
fc3c
fa9b
02ba
fcba
f82b
19eb
0a09
fbdd
f7a6
0512
09af
f355
f77b
0074
f575
f827
0621
f902
fe86
04ae
0164
03fb
f87f
f7b9
0706
045f
eff6
fbce
06b9
0108
0c95
f4cb
01f3
098e
017c
f156
fc5a
0551
f77c
f698
f700
06e6
090a
fb75
068e
0c26
fdea
073e
02f2
f91a
09b5
fd61
0201
f7b1
fffa
0114
0371
0dc2
f475
f81b
0466
04a7
fa48
05b3
052f
09b5
fe14
0901
f558
e88d
084c
f60e
ffd4
fab3
1121
fbf8
fecb
fd30
06db
0ad4
08da
18ad
099b
f317
fa35
005f
0960
0081
fabf
18d1
0549
037c
16a9
02f6
fb4c
0353
0b96
0140
00af
09ee
f740
01ac
0867
0741
04f4
0722
0afc
03c2
f826
0139
0cc5
f6f1
ed31
07a1
fe94
04df
0a9f
fd2e
e984
fbef
1a00
043d
1154
fa7f
fc5e
0157
04d1
ffb0
0469
04ed
f695
199d
0d47
f0c6
0499
fe99
f6bc
fa0d
04c8
fa0b
f83a
fd57
f6a8
1002
ff89
f1d3
0c46
f441
fb28
0054
f89e
fdcc
138d
00cc
f06f
f777
feca
fec3
0159
f8ac
fe2e
fa29
fcf0
00ed
082b
df1a
f587
fbc0
f65c
03e5
f31d
f516
fab1
05b1
0442
0107
faa0
03af
0fdd
039c
0817
0056
fc29
f70b
0d12
0911
10f1
fa21
ed92
0455
0721
02f1
f35f
0315
f8e2
f4c7
ff77
fcab
f0b3
fe20
0207
0e3c
03d9
1aac
fe72
fa53
fa30
07f6
084a
0746
0606
013c
f77d
017e
0c50
0865
10d2
f2ec
0240
06b8
fc30
0c38
04b9
0a8b
0166
e79f
f294
fb9b
0528
0ec4
e385
ff43
0cd4
096b
fe88
fd0a
0f19
f211
043c
fe53
fde3
feb2
fe7b
f920
ff08
fae2
0307
02fb
04a8
fb93
ffcd
01d7
f9a0
072d
0822
fc53
1281
efe0
fbc7
f1f5
0252
068d
1071
0c44
f074
0249
ec15
f89d
f7c9
f518
f771
fcc7
fb70
0387
fbae
ffaf
f8f3
fa9d
00af
f827
ff32
098a
01ad
f3e2
0e53
f601
f923
0749
004c
0472
0389
ef86
f66d
02cf
017d
0966
f63e
0529
0f06
f630
017d
0bac
ffcb
086e
0ec4
0031
fd07
0113
ee4b
04c6
fb4b
f643
0337
05d9
fb53
0eb9
02ed
00b6
05bc
fbe6
06eb
0d9f
0ac7
04fe
f972
f450
f70c
f3a0
00fb
ffbe
091a
05d0
fa5e
04d5
0547
fff3
fe43
1046
02a1
0967
029a
175d
0105
0354
0258
056b
fcb4
f5fb
ff70
0abd
fe30
02b8
04e1
ecbe
f0ec
0982
e8d5
f761
0235
f67f
01a8
0e92
f45f
0742
0771
f2f3
fdaa
00ea
fdfb
fa72
011f
0adb
f6e2
feca
f177
13b4
0eef
0671
0933
019b
f527
0c5a
0a78
00b6
127e
0485
10c5
1576
f8fc
fd37
0b45
e195
f1d9
1374
f453
f601
04b7
f92c
0739
0c22
1175
0a93
13b0
ff9c
f88e
fd9b
102d
f66e
fd11
f972
fd2a
07bb
1684
fef4
14c6
f42c
0727
1529
fed8
03e1
0c0c
1016
f8c7
f85e
1407
fd18
0110
086b
01b3
fc5d
f6d6
088b
0296
096c
05e0
0118
00dd
05de
f5b7
196d
f5db
fef0
0761
1481
01fc
001a
fbe4
001d
0a8c
09c2
0346
02fb
00d1
06a0
069c
0537
fe48
084c
e851
142b
1dd5
ff83
0985
040a
0127
f333
091d
04f7
fc4c
0599
ffdd
06eb
fa9b
fa08
f797
0497
de01
0833
fd3f
013b
0192
091a
1688
f4e1
1766
ef9b
046e
048b
eae3
0659
03fa
fd59
f6ef
05da
f59e
05d7
001f
007e
0b0c
0246
065c
f690
fc57
044a
ed5a
03e2
ff23
f9b9
09ed
fcfe
f7b9
0b67
ec6f
139d
006a
02e7
ffd7
ecda
f1e9
04ca
0eee
fda9
ffb8
0617
e5c6
fa85
f56c
071d
0a32
0162
0a9d
f461
031d
0806
076d
0b1f
f6c3
fa51
08b4
e9f8
ef30
09ee
05aa
0908
040c
08b4
f71b
04c3
f982
0f00
0a9e
fba1
f97d
f509
feaf
03ea
00d3
f8cd
0500
f209
f845
0da1
0a74
fb76
0c4d
f8c7
04bc
01e5
f9f8
f849
0964
fbf7
019c
1245
1124
fa27
f5fc
03b1
00d2
fdd6
0104
fd76
fc4f
135b
0341
fcd2
f370
fe12
fe30
06e6
0a58
f598
faca
edac
fff6
fc86
f12b
ed57
fe2f
07d4
03a6
0370
ef98
f983
f25c
faf9
034b
06c1
fecd
fbd4
eca1
fe9c
0b81
fdf1
e4f5
0963
0db0
f213
f5b0
098c
f0e3
ece2
ff20
0b4c
febc
fce5
0ce0
026b
0d61
fa99
0f82
0a0b
02dc
0815
0702
068a
f467
08c7
0332
f9b7
e4df
10bb
04a5
ebbf
f700
ef8b
f432
01ed
fc9c
f1f0
f055
01fa
0527
fc39
04f0
eae2
ed6e
0c4c
fa03
10ae
07b5
f292
fe65
017b
0667
f3d8
03a9
00ae
0134
f91b
0d4d
123c
0885
055d
f0cb
128c
0e36
ec19
0645
02d2
eace
08cc
faf2
0939
f5bc
0b37
0675
faca
fa1c
fee1
0945
0739
1182
0c1c
0403
002e
e459
f9f0
0eb2
01f2
131f
f385
0329
079a
fd7e
e9b3
1153
0b1d
e81a
017a
e61a
f90f
0453
f61d
136a
0125
13e7
0113
0cae
fd65
0023
e1eb
f3a1
f7bb
f8d3
0a24
f9fd
fd15
f1ef
0ed5
0d96
1e7f
06ca
ee2a
fbdb
f68e
ecc5
fa5b
0131
e73d
f15e
0bde
e3e7
e593
f840
f1d9
0e4d
f0a8
fd08
ea7c
0359
075a
0d03
fe26
01c3
fa5d
feab
fe56
f45e
f765
07f9
0b76
fc5f
0e4d
fb7d
0e1c
fe8f
0698
ec2b
0758
f55d
1753
0078
f94d
048d
f8ff
efd4
024e
d68c
f574
f264
f28e
ee67
0a01
f89a
05e5
0d40
ed62
f633
fd49
02cd
16de
016b
0411
081b
fd93
0585
0310
fbc7
101f
1cc7
0580
f7d7
1868
0b1f
08dc
116c
f18e
efd7
0557
eeed
0d6d
ff75
f958
062b
02c9
fda3
02ed
0343
eeb5
fbc8
01e5
f0e1
ff5b
08d8
fc7c
0676
165c
0a0d
fdeb
125a
f716
060d
0255
0cd8
04da
f908
0db3
f580
0642
06e8
0214
0581
1678
05b3
fd72
fbc4
f0f5
fe09
f7fc
fc7e
f196
055e
0881
007f
fd64
f37f
fcd9
0422
f9cb
010e
fcc0
fb6f
fb4c
090e
ff28
f433
f753
fd25
074d
095a
f090
0543
ff9a
f15b
06f4
ef50
0088
f88f
e6b6
f871
fd12
0497
0e8c
e8af
fcfc
fd87
eae7
f27c
041e
f5fb
f303
0a19
0048
fa8b
0554
0088
e71f
fb29
fda8
e1db
04bb
03d3
f8f4
ff28
fe6d
020a
00e2
030a
fd8d
076d
f5da
f214
1153
f484
0e0f
facd
fe0e
0410
fdc2
f70b
f24a
fdde
f801
f640
01f3
f7aa
ff90
09a1
fbcd
f6e4
0c0c
fcf7
0523
f251
fdc9
fc09
f716
f10c
13f3
151a
08f9
fdf4
0501
0fc3
07b6
0c16
fb37
f3b0
fa55
ec5a
027e
1229
1ce3
e6f7
f9ab
ecc5
edf3
0638
f9d6
f5ba
ffc1
09b3
f400
0528
f3ea
1335
128a
eed5
1065
ff20
f9f1
fd22
011e
f613
0177
fc50
fd36
039d
0073
fe04
0224
f1f8
051d
00f3
0b64
fae0
010b
0a5c
eddc
029a
0d5b
0288
e6c5
ffcc
0d78
119a
fbc5
08b8
15d2
0964
fa37
fbf6
f267
ffec
06fa
f70f
fa9d
e69b
fe6c
f39c
fd64
0c76
011f
039e
05f0
063b
09ec
fd41
f1cf
132a
0c8d
f522
0ba7
0c76
ef13
0dbf
fd39
f198
0906
0d7e
fa6b
0c6e
0943
0254
0886
f807
ff9d
fa80
0abc
0923
f8bc
106f
011a
059c
fbc5
ed5d
ecc0
fe9b
f9b2
0421
f7cd
f6a6
fdc0
f748
03a3
fdbb
f587
f509
0e0c
023d
f24e
f678
fda1
0795
febb
02ea
ed73
0d02
0194
f917
fad4
0b22
f70c
f642
fd8a
0852
040d
f973
f743
f35b
edfc
fc5d
1104
eca1
fae8
1a72
0082
fa2c
021e
124a
ec6d
015b
f9a7
fbd9
0149
fc71
f9b6
e93b
febc
0287
ff99
f9de
0eb3
fa03
f562
fbdc
f6d5
f9db
0000
0933
f19c
0494
f257
f8e5
079c
f9b0
fff4
0112
e7c4
ffe5
f5df
f2f5
fbdd
fe50
f110
f5fc
0c53
07cb
fad5
00e8
0c8a
ff39
0f72
023e
06e8
0644
045e
0cfd
fdc1
0577
ed79
f8fb
05d3
e71b
f5a4
f632
f10e
e7c9
f5b2
043c
0e34
f7ad
faf0
fbd0
f2fa
0a29
03fa
0129
04bc
056a
1388
11d4
f6b1
fdd7
f22d
fea3
00c5
1350
0c4e
13a8
03e5
0497
fb05
03e3
f208
fb34
0a2e
0802
13fa
feae
0a7c
fb0c
0b4f
fc86
0540
f8ac
0107
e96b
f41f
1f11
0d4b
f3e2
f99e
04a0
0cad
f594
0050
ee47
05a2
08ac
0017
f78b
045f
fddb
0f19
0918
0532
fd25
06f9
fe3d
f2a2
fc66
ecca
111d
f207
f867
f8cb
0b52
02d5
1413
ef27
f302
0f82
0ff0
fa0c
0919
f392
0fda
fd67
f5c8
f9dd
f860
0793
f683
043b
0c83
fbd4
fd3d
002e
0879
0fe1
fead
10cb
0928
02b7
029e
eae7
faca
08a1
1371
ef0f
0329
06f5
e4c3
0f37
00cb
0509
ef8d
0087
fb46
f065
eeec
f080
f519
064b
fa46
0806
0985
fbc8
0044
f4d2
fd62
02a9
f945
f453
fb77
fa12
f3d0
f97c
ec07
0ba2
0b83
05c4
fd04
145d
fcbd
f7ab
e891
f3ae
fd82
eeb8
0f37
fc2e
f790
03e1
0815
fbe0
f96e
f92e
fdbb
f8a8
05e3
f9f3
fc59
09af
faf1
0fae
f166
f213
0031
e5be
02e6
0be9
fbef
0492
0563
0ee8
fa9a
00ec
f7bb
0814
04f5
fff1
fbbe
fce5
fe21
090e
0e5e
f654
0458
106b
035b
00e7
031b
ff89
f528
0197
00ad
fe19
02c2
0d9f
e633
fc56
03b5
0785
01c8
f7ce
01cf
f0ac
f680
f876
fa53
fd0d
0715
0bce
04be
fc44
fc8c
024c
04c5
0745
0a25
f58b
02df
087b
052a
0243
f9f2
049f
fc5a
0ff3
1056
fb8a
ff25
05a9
fc3b
036f
01d8
fb42
0770
078e
27c7
093e
fdf8
f738
fec2
fadd
051a
f8d4
ec6c
0bbe
ff9a
0ea7
f448
fdad
f1a7
f87c
fdb0
f863
fcf7
05e0
f2ab
f40f
0122
0b6f
07b1
e4d3
f6ca
0363
f575
ff18
03ac
03b9
fc86
104f
0c4a
e179
f9e0
f89a
14e1
e81a
fa37
fd5d
f2db
e9bc
04fe
f471
fece
fd8d
06b0
0691
f08a
00e4
09ab
124f
ffd4
08c4
03c0
1829
f8d1
ff4d
06fd
fd37
f871
0089
ed21
0fd9
eb90
f946
03f1
f4ed
e524
0435
17f0
0352
faea
038d
f0c2
0837
f581
f895
13a9
ffca
f6ba
f0cb
fee6
e978
037a
ece4
02de
f1a1
02e2
0d0e
0215
0fad
075a
f932
eaa0
fb71
ff57
ff54
1662
122f
18e0
fb08
01d7
f590
05ae
06c9
f1c8
1046
fdd8
f6ec
0725
fa5e
f561
0008
f1dc
ff48
0047
fbff
effb
f477
15b9
fcdf
f92b
ffc3
fac3
1695
0413
f39f
0643
fc39
0abc
ff27
fb87
fc9d
ff6b
0f3b
04dc
f8a0
0ac9
fdde
0307
143c
f628
01dd
0829
0836
f2f3
0e6a
f869
fb72
f7ff
0085
0312
0351
0349
01ef
eae3
fec6
0ba4
fec1
e99a
f3de
eb52
e73f
057a
f13d
eeea
f94e
fbf8
08ef
08db
1141
019b
1121
fe6f
0235
043f
04ac
05b1
0168
f538
feb4
f319
07a3
1a9c
f9cb
00fe
f9dd
03f2
0516
0afe
fa1a
f2b5
0d48
016b
0380
0d2b
f2f9
04f7
041f
fbf0
f41c
0128
fce0
ede6
fc75
f4e4
0270
171f
09bd
ffa0
f4e5
03a0
ff43
fa96
0084
0fbe
f6cf
f8f8
0997
fb46
fa70
0133
fa5e
0444
faf2
079e
0231
fa0b
03c5
03dd
fb54
fc39
fdaa
f920
ee29
fabb
141c
11c0
fd93
03e2
fe7c
fda5
fc82
f930
fa5c
fdb3
0015
170c
fa02
0db0
10da
fb31
0d42
eea2
0b8c
1131
f8c1
f63e
0311
f358
0016
0ee7
1225
fa9d
0583
f9ad
fc69
f95f
e24a
fb2a
0179
0446
fc18
01e1
ff3a
13cf
fbf1
f488
0876
0c9e
ffa1
f86b
009f
e526
febc
0c94
fd02
e4e5
f3cf
fc25
00df
f8ba
ff21
f1dd
ff83
09a2
1332
030e
1812
ff7f
ffec
feb1
f8ab
0a9b
01ca
eeb8
02b3
000f
ee30
fc10
fdcd
0a9d
12c2
f0e3
166e
1497
01ea
011c
fec0
0565
059a
14f2
f5ae
03b9
1627
e80e
e76c
fb38
0007
0924
fa63
0686
01db
f96b
faeb
ea5a
fa22
0197
f6d0
fb90
1502
06ed
0806
0fd0
f7b3
0917
0e0e
062e
08e7
04fc
0cc5
1405
fb09
f7a7
f9c0
fb8d
0043
095f
f83e
f0e5
f292
07e5
07ab
f904
fd10
02b8
fcf2
f77e
080e
02d6
0790
fc5d
ff40
fed9
03f8
ec44
0788
f2dc
ed70
fc33
f5fd
ece4
fce8
e686
fa48
ffa3
fcaa
e60e
13a4
0cf9
eea1
ff70
eec0
f91a
f942
0128
ea87
05f2
f1b6
f120
eff2
f23b
e0f2
fd87
f734
02e6
eddd
fb14
0cd3
f3fa
118a
08cc
ee67
f483
01c0
046c
f9d1
02e4
fb84
fb6c
0876
fa42
fff7
e9cd
f74a
fe21
fb29
ffa0
edc1
097a
01e8
feb2
fe85
fd3c
009d
0913
f6f2
0b5d
014c
fa12
0db4
fbb7
ff36
0423
faee
056d
0abf
03f9
0645
008f
01a0
ffe9
ff18
fcb9
fbb9
fcbf
10ca
03a8
fcf9
025c
ffff
0677
0382
fde5
fe30
05b2
035f
03c4
feff
0557
0587
f50e
0a71
01bf
00f4
fff9
1780
fe48
0627
06de
f920
fa42
ff2f
ef9a
0438
0ff4
f555
f4e9
fcc7
02b8
0f17
f4f7
f592
fb9f
fead
04b8
01bc
f85c
012c
faac
08ae
f001
fc22
0663
0731
e8b0
f063
0436
f391
0cb8
f842
f7c2
fdf1
f6d5
f823
fe60
002d
00de
eb66
042d
01eb
0afe
14b4
04ca
05df
18fa
f40d
f6b5
f117
ff52
f2f5
fe5d
0bd6
03ce
f189
f6a6
006c
fa8a
00d9
01ea
fee4
f8c5
fc2b
ffff
0941
101a
fe93
0890
0595
fd1f
f201
f684
f404
088d
fae4
09e9
e52f
ef2c
05de
0dc3
fc09
eedd
fba8
0048
e369
f997
f930
ee54
0845
ec3a
06a6
07bb
e2b8
0891
fa8c
e33d
0447
0016
edcd
fb9a
14bf
007d
f9e8
f8b5
f452
fdd9
fd60
023c
03e5
fce3
0708
f732
f046
1cea
11c7
0670
0c63
f352
ff87
fc39
fa5c
fb1d
eb83
0600
feb1
f19c
effd
0c3e
f7f8
0012
fffd
02c8
15ab
0feb
05ca
009f
084b
0100
f1b8
02e0
0ba9
f76d
f605
ffce
fdda
0b30
0148
0c40
04c4
0da3
00de
e833
f9f6
fc19
00df
f7a2
0e3f
fc1a
f738
f80a
0a82
0756
039f
ff07
f5ea
f4a0
0903
1bee
025c
00e8
f323
fa29
ff0a
0de6
ed17
01d5
fc5a
11ed
0c3c
f845
013b
fe33
ff18
0d59
fd66
fc92
05d3
01a0
02c1
010e
0194
ec10
f7af
fee7
f614
fae7
fcba
fe8b
02bb
f788
fa29
fb42
f0a2
f905
f96c
112d
1522
fe60
f680
fa1f
00da
099a
0f87
01c3
03ff
ffa0
13dc
fd77
fe47
038e
1819
0977
f950
f082
05f7
f82b
0ca9
f96c
f0d3
1192
f61c
f6df
0da3
fd78
fc0a
07e5
00c5
0573
ffee
0bb2
0417
fa06
129c
10f7
f547
feab
f9f7
00bc
f7b4
08f4
0303
fea8
0609
f184
170e
040a
fffb
1a12
0e6e
f805
00ce
0a98
fa50
0456
0ecc
093c
0786
0d6a
066f
fb36
f57d
f42f
fba2
0410
f5b7
0e65
001f
06dd
0955
0ee9
f743
ecbf
03a8
fff6
046a
0fe6
fa84
fc88
fd15
eada
0536
f159
0dec
ef97
f35d
0291
f9fa
f805
1362
fd02
0365
07b7
f1f4
0710
f049
0131
fda9
0ef6
0d31
f7be
fc6b
01dc
f626
fc0c
fd72
f13e
fff3
0127
f60a
002e
0402
0425
fc1d
024c
12b0
fd86
fdbc
fc27
f795
fe42
0217
f68f
ee3e
fa41
06cf
ff66
f2a3
fe51
fa49
08fd
f291
ff1d
05a1
f480
10cb
efcc
00ff
0708
ee5c
f4a1
00b6
e7cd
fc81
fef0
f313
0166
09d0
fa6a
f814
ea89
0b16
1095
f536
0f8f
0bb3
06e0
e6a6
d8c7
0159
0640
fe42
0f6e
f339
0a4f
0ff4
007f
e904
0eba
0cb3
f2fb
1635
f9f9
f7c2
fa60
0101
103a
0041
086f
07c4
fa14
0231
f2c1
0048
ef6e
f188
0219
f65d
ff8e
f15f
fc49
f6cb
050b
0cee
f4fa
f3f2
f8d6
fae4
f0cc
fbc0
028e
f326
f02f
ff9a
0206
eb51
eb67
f7fd
0743
0092
fa36
0943
f6e2
0e34
0b1a
f69c
00f2
fca4
fb26
ff51
efb7
f71e
ff15
11f5
0253
f658
0117
f747
fb71
f6a5
0106
00d8
f8ac
0189
06e0
fa96
f61f
ee83
06bf
081e
ee27
ff70
fc0e
01cc
f8a9
fcef
0496
f864
f687
f51f
fe68
f973
fa1d
0b4c
f62c
fb31
fde3
02bc
089c
f576
0265
04c1
01bc
112d
03da
0ba5
fa31
08ca
0e13
fba2
f360
f8c3
005d
f858
fa81
f5fa
1297
0695
f35c
fca0
0052
ed6b
01ca
fa89
09bd
ffc2
10ba
fc22
0316
0e6d
0b37
ff96
f24d
0d53
fe5c
f979
0345
fa3f
f800
06e0
fb5b
0637
040d
f782
153a
1304
0439
030b
f856
f6dd
029b
03c8
0406
f435
0476
f8f0
f2e5
f943
f937
f35d
fcaa
0e53
0351
f9e5
f536
04b3
0ac6
09a3
f214
fff5
00d0
fc88
e633
f29e
f094
ee1d
e4b3
f00a
f1d3
0147
eb9b
fb6d
f88e
0523
fc40
070b
0107
0292
00d8
f230
e677
0782
f41c
ec73
17a0
01b0
ffa7
ec2c
fe37
f649
fc05
05e6
e7fe
f9a0
f874
f618
f08b
0785
04c3
0d36
f82f
050b
f921
0268
131d
0a45
0448
0310
f830
f75e
fafd
0400
0c34
ffce
00e5
f494
0224
0d4f
0c03
11cb
fae3
f34e
f9d5
0b2c
f62f
045d
11ba
f9e5
086e
04f4
fcdf
0413
0fab
fe46
ff26
06bb
08cd
047b
f4da
f5bf
facd
0da3
ff1c
08df
0957
f7c6
ff4b
f90d
075e
031e
06e5
1038
0556
04b7
1863
ee4c
0166
09fe
11b3
08c5
0c0c
f371
0716
f42c
fe50
03c4
0104
fcfc
ef3c
0547
0b39
fbe6
f53a
ff10
f959
01cf
0a0d
0a37
fed3
fa0c
f330
0278
02b5
10ef
0865
f6db
0113
fbed
061d
fd29
0538
0916
0c94
0200
05c0
03af
fd54
0c3d
f9f2
0001
0438
fb8d
f935
06cd
fadb
fee1
05ee
0417
0e48
0b50
0d32
f32e
0fe6
fb3d
fc3e
031a
fe21
0207
01b6
02f3
05de
f869
facb
fd90
0c2e
fa2e
fd92
0004
0953
0e98
0725
099d
0110
ff76
f926
f870
f7da
fa44
01ac
f259
0307
f925
0261
055e
00ed
fe5e
0c88
fbf6
fc54
033e
f5be
0780
05c1
f72f
12e8
0912
03de
faa0
f11c
0787
0b75
002c
f38a
f3a7
f54e
ed1c
0e36
097a
041d
0ca0
030a
06eb
f800
ebaf
f70d
00b9
f9de
081e
0158
f805
02e3
ff7f
fa90
f83e
fa73
0d3d
05f8
0156
158a
fe17
fff8
0108
f8b2
ffc8
ff9f
f839
fc98
fcee
0311
06f4
f302
079f
0792
feec
05ef
ffb7
fad9
fd3e
f2ca
07e4
fc1e
fec7
05c3
f9bd
e713
011e
01ac
fe53
144a
ef3b
1059
0018
1644
0e73
1415
07f8
02ed
01f9
08e2
0c61
f775
ee9c
ff13
fe73
f812
04c9
fd6f
f742
06b3
fc49
f9df
0a67
edac
02a7
08c5
0ab3
0677
f08b
163d
ede1
f985
fb58
09ba
f2da
f719
fa7e
05a3
fbe9
ff17
f7a3
0131
10a3
0b05
06f8
ed91
eb20
0539
fc9e
f788
0b2b
14e7
035e
0199
eb16
1c8d
f8f6
f68c
efc6
fb21
06ff
0536
fb0b
f275
fdcd
023c
ee66
1073
eb6a
0417
fd66
e8b6
f74f
fa3c
08db
f6df
fe13
f8b4
f52a
fd37
ecea
079e
fe41
f8c6
03a9
12ef
01e4
ef95
04d3
075d
0250
12b1
094f
e9f1
0d09
f748
fdcb
fe8c
f52e
ed3c
ee2c
ff58
fffa
03f4
f171
f5af
ed85
fdf2
0df1
058c
f863
09f6
fa66
f73f
049c
f640
fe79
fa6a
fc01
f235
126f
fd09
01c9
1072
efa5
e8d6
fd37
f146
018a
ecbe
f46e
0885
1d4b
fd5a
f6c9
f5e4
e825
0734
f969
0059
fd56
0148
fadf
068d
f208
08ef
0403
fb9b
f8e1
06ba
017f
13f3
0043
0050
f1b6
f3bb
f6a6
0026
f4a7
f82d
fa49
f8f0
e922
07b8
10d9
13f4
0512
024b
f654
f4da
0163
01cc
fb0f
0179
fa04
00dc
f98f
ff8d
fa1d
0444
016d
04ac
fdb5
f284
fa2a
f907
f821
fdd1
0a4d
faa0
eba0
0061
fc9e
00d5
fc4f
fd72
0a98
e465
fbe5
f27b
00dc
fde6
f78e
f0e0
f5b1
05eb
06ee
07c2
06c6
f54b
0609
fb6c
0106
0117
01ce
f3f4
0b0f
e6cb
fe92
fe2f
02bd
0a6e
0fb5
fc1a
01d3
fed3
0120
f84c
0d9f
f95f
0270
fb2c
0542
0bde
f463
053d
0348
fd14
eb56
031d
040d
0718
00a3
04ab
032a
03e3
06f0
028a
fbea
0079
02e6
f541
f88e
010c
02bb
efb7
fd35
fe6e
f145
0579
f4ca
fba5
e59e
eb8f
f6ff
0130
016f
037a
f5ef
00b0
028e
0d77
f3de
ff3f
0ae9
109e
f11f
16ec
f860
f652
e796
ebd2
0201
fa6d
01d1
0007
fc16
04a5
0786
084e
f3b9
f6b1
fd52
02f1
0267
ecfc
fc87
f032
f703
fafa
145d
0f56
ec57
ed90
0591
eeaa
01ab
0679
0097
f3b1
0165
f6d4
fecc
23ee
f660
f822
f675
f28f
030f
def2
0c0e
ed86
f258
f116
ead0
f22f
f0e3
f239
0776
f93d
ea4c
f56e
f92d
fab8
f30a
fdaa
0e60
0c25
10cf
0af6
f5f9
fc67
ec80
fdc9
f11a
e0d0
0e01
f404
1121
0805
eec0
e3aa
f88e
faa8
03cc
ee7c
f10c
04ab
eb84
0f76
06f8
14e9
0aac
0197
0827
fff4
1071
0ee7
0bd0
02de
11b8
0ea4
0f2b
0eb7
065c
f808
05d8
0eac
fd41
0f9a
ffe7
0e37
0f1d
03bb
069e
28a5
073b
1e0b
fec2
0337
e7b4
ff79
ef4d
f765
03cb
0f10
f21f
06a1
0281
f659
0020
fc9c
1364
130f
1e20
0d3b
068a
05cd
1de4
10b8
0722
0a19
0e75
fdca
11b3
0e97
1f3e
fc11
049f
0c3e
fab2
f102
0746
f914
110c
fb31
15a9
10ca
fd0d
fb63
f0cb
f9e3
016b
08ca
0153
ff46
0146
e408
fd86
fdb3
f817
1233
015c
f66d
f68e
fe0c
0dce
03ef
fe85
0735
ffc7
0769
0190
fe48
055c
0222
fecd
0158
fc5f
04e9
fba6
03aa
f6c5
fafb
0506
ffdc
f706
0874
0c4a
06aa
002f
057b
fc09
07c2
04e9
fc35
07b6
03ac
fabd
022a
0102
065b
0145
0b86
0c12
0269
f794
018a
0faf
021c
09e2
05fa
0b21
f8e5
0985
0133
0696
eb83
2714
fbee
f9ae
0485
f1bb
f46b
fe0f
0ab2
fc9f
0935
0063
fe51
0993
d91f
02cf
0e43
f11b
0c75
0eb4
f55f
f02b
050b
095f
f17c
ffd0
fe3d
0184
f669
fd90
f0ce
167e
1435
012d
1880
123a
028a
f933
00b8
fcbf
0c4f
00c7
0c17
2f07
ff72
0480
05e1
02e7
f6a5
0495
00b3
f856
fb03
f478
fb00
fdbc
fc34
0c34
f88d
0696
f927
ee55
0132
ec4d
0708
05b3
0bf1
0467
fcaf
e2ea
06f3
02c8
091e
fe28
f130
f65c
fad9
1452
ff6c
f492
08fc
f9e6
073a
eb82
f672
0066
f6b2
fdb5
00d9
037f
fcb5
f5aa
fe68
0287
f1da
e723
e29d
f333
ff72
ee30
1596
02ed
facf
fa41
fa22
09fa
159e
fc95
eacf
e9fc
0ff7
eeed
0398
f4f9
f155
f42e
f2ff
f236
0bbe
00d3
03cb
00ea
06d4
f211
ecac
ff5a
fde2
04e9
fc11
f8f5
f508
f01c
fee8
f954
f5cc
1a92
f77a
fd7c
f84e
058d
f7d4
f5b4
fdd3
fed5
fc4b
fae9
ebc2
0706
f906
ffd0
fed2
f163
0758
f897
f946
0049
03d7
0606
fd96
e55e
f24d
fef6
ff53
f4f4
024e
f5cf
0666
fb59
f8c4
0408
fbd9
f8a6
fb02
051f
0423
f782
084f
ec40
0974
28c6
1f73
0104
06c9
0492
ea2d
0049
0d0e
0124
03c9
fb58
169e
0848
ff9c
085c
000f
02d6
fb95
0ae7
04cb
f00c
01f8
f672
f94a
f858
fd88
eb31
01eb
0578
fe6d
0046
0132
0776
ff53
0941
fd4c
fd1e
0457
0921
0548
094e
feb1
f9bd
07d4
0dee
f990
0044
0144
01f7
fb40
05cd
f916
fe43
efbe
0e60
fb51
0463
02b3
0b9c
ffd1
04cd
07fe
0632
01a6
0305
0caa
ff31
13c2
fa2e
011a
f51d
ff0d
f74a
fca7
ec5e
0444
03b3
fcdb
08c9
0354
0cc2
0395
0397
f9da
0aa2
ebf5
0680
ea47
00e9
1094
fe3d
0cf5
fdd3
05c2
fd8a
043e
f48f
0220
ebb7
055b
f501
03d9
02b1
10c8
fedc
130b
03bb
04df
f09b
e053
f9d7
04fd
e909
0a5a
091f
fa04
fc7a
faad
0d10
0684
f40b
f134
0230
fb6c
f89c
0f48
feeb
053b
0388
f8e9
eb8b
040b
03ec
0d0e
01db
05df
0850
f729
f5f0
1031
fe86
0331
085c
1558
ff10
fd67
1588
04ca
0b64
06ff
f7d7
0b69
f926
0754
02ad
f9f8
02bc
1bf9
f51b
0e15
f954
faf5
fadb
025f
0cc3
0211
0d61
0f44
f578
fba8
effe
033f
fc1d
01cd
fe3a
e9c9
ff19
fc8b
037a
0c7e
fe03
ef2b
1a9d
f8c9
fc15
0942
fa3d
f43b
0be7
e50f
05e0
0574
03e0
0135
171e
fe04
f415
fa25
f3f8
088a
00e4
00de
fc04
0c8c
01d2
0657
f6b9
f98a
f298
fed1
e942
f520
02cb
048a
f5b6
fe8f
eb4c
0b75
09d0
f114
0210
01ff
ff44
fafb
07b5
03b0
e9b6
fa1e
00e2
f103
07c2
0cef
fa5a
03a2
087e
f9cc
f782
ff50
ea36
e3d8
04f0
f917
fd86
0444
03e1
0a59
0004
f583
f0ca
ffa2
0ffc
0888
f333
fa99
f8fa
f280
f6b8
10f3
fe8f
fe46
f251
0553
fb87
f9f7
017a
f5dd
0d2c
fa83
00be
f822
ffc2
020c
fd56
0499
fc11
f670
fe8e
fa66
e4ff
ffbc
f753
fc94
f452
f13f
fc04
01b6
088c
054d
fb08
fe9c
0ab9
eff3
fe2d
fe76
f46e
fa73
0132
f3e0
f402
0999
082f
0653
03a5
f30a
f550
fe7b
05ca
f525
03fe
f8ed
0f7e
0979
f817
ff62
f75c
0677
e0f1
f567
042d
00fa
f40e
0509
fbe6
feb0
1528
0b87
fcf2
0021
066d
0429
ffbc
0163
0322
05f0
f683
0765
fe93
08a9
ffb5
f951
f610
f66f
f7eb
00e0
f708
060b
07a9
fb08
072e
fe8a
f94d
fd7d
fbe0
04b6
04c3
f9ae
08e9
fac6
ff50
0246
f334
0b3e
ec7a
fedb
1a15
f0b7
0099
fd89
fef9
05d1
0451
038e
fd95
f582
05de
f810
0202
0dbb
ffd6
06ad
08a3
eeda
f6b6
f922
ecd5
0e0c
fe7e
0685
fc60
00e3
0c42
f7e0
1d4a
061f
005f
0407
075b
10c6
07e7
016f
0863
0e9a
dba3
0d38
f76e
fd7f
fc3a
036e
f4af
ea65
f790
0543
0192
f804
f8f1
fcb0
f98a
fef2
e867
fd08
f7f0
0222
e6e0
03fd
fa67
08de
fc09
fee0
f195
f6b5
f359
0b31
ef97
0328
0c60
05b6
f231
0a79
0a0c
0478
0ed6
eec7
083f
01d0
f98d
0b83
fa1a
fca1
0de2
0860
0dc6
fb49
f62c
ec88
0242
0304
fc84
f46f
fce8
fc0f
faeb
0170
f78e
045c
fb53
e6a5
fe54
f3b8
f9da
f81c
fc16
0988
f2e2
e7df
f38b
0010
fa94
fdb3
fbe7
f54b
10d2
f1d9
fe20
0b6a
008d
07b9
edf8
fc39
f9e9
fd97
ed6f
02ea
fc14
fe5e
0048
fcc1
f708
f93a
fd22
0aad
f36b
027e
eccd
ed35
f36f
0a84
fd46
0626
ffc5
f120
f102
0283
106c
0cbd
0bd4
137e
04ce
f872
0855
04ac
0a2e
fdc7
01e4
063f
fca2
fe76
08ac
fcb9
040e
0bf3
01ce
0853
fda4
0474
fccf
103e
f3da
ffb6
f8cd
f8a3
0707
0393
038c
0691
fb4b
f06e
feb7
fb9b
fa3b
00b5
002c
060e
05df
fab0
fe7f
f07b
0974
0479
0487
00e6
f1f9
ff0a
f414
f12b
0754
fb48
105a
0238
08f1
0187
0912
062a
fe66
08a1
00a3
fff8
0824
fa4e
03a9
0307
feca
ff1a
0653
0ca8
0a86
fbc6
f0d3
eea8
0383
04b1
0bbc
0a08
0ba5
f224
f4d6
f789
04c0
f643
0974
0a93
0021
fe9a
fc64
0007
01be
ee9e
f715
0be2
f3c7
fb32
e70c
ff1e
0c02
0063
05b3
ebb4
fdf6
02db
fab2
0549
fdfc
f628
00b1
0be5
ee85
0228
0265
0fdb
e9ed
fd64
0099
0d28
166e
e90f
fd1b
ef3b
fad1
235e
030a
0044
0019
0815
fe15
fa3e
ff64
09c3
0ab9
f319
075c
f613
0341
09fd
ecbc
027f
0751
094d
041d
07c6
0102
f4ed
fff7
16d6
f757
00b1
0097
021b
f926
016d
0fd9
0d75
03ab
e595
0d11
0442
e2e8
0026
040b
03dc
0741
ea93
028d
f617
f307
0115
f4f5
0863
29e8
ef4d
f2e1
0383
0872
1913
f0da
f722
ff5a
fe94
11c8
f2ea
0005
0074
117a
0baa
1166
fdba
f2f6
0426
ec09
049d
05d7
fcbd
0a23
fbaf
0120
fbaf
f19d
1687
05b2
04ec
1181
fc24
0e62
070a
f9d6
fd25
feb5
0051
ec9d
02ac
046e
f187
11a9
0491
12ea
0e2c
14fd
04ad
fefa
0554
fad9
0a3a
e54e
efda
0068
0306
0371
098d
0670
05ed
086b
0594
09ab
1300
1c9b
04fa
0e19
f8b4
12c5
1ba2
f694
f808
068d
f103
ffd3
02cb
fe0a
0a81
f7b9
0ddc
0cd1
f236
f73d
02c0
07da
0604
0e68
0d03
001f
01f9
fcab
f66a
ef4b
047a
fb8e
f944
fcd4
0c04
ebad
fc56
ee82
004a
f4f4
00a3
02f4
f944
eb5a
f92b
fd7f
1afe
00e1
02c4
f5a9
01ed
126e
f20a
0845
0227
f30c
f366
fcaa
e74a
ee9d
f885
ec95
e51e
fa86
09a6
fd94
f22b
f133
f557
f118
0bfb
115b
0e4f
07e1
008b
f643
04d9
f7ca
f5e0
0087
f5ee
f775
0de8
0445
fb3b
0f92
fd22
0805
f4da
0b96
0255
feca
fd8d
f822
fc90
1273
ff61
083b
1155
f35e
eb77
f28d
0331
073e
0c84
09ec
f92d
fb2a
04db
f8f0
0585
0e75
1c48
f8cc
11da
e84d
160e
06af
fc3a
05ee
0108
eb99
fb28
f915
f905
0484
00cf
1600
0445
ffa4
fa70
fbe8
0518
00f5
0e6f
fdba
f779
143d
f848
0726
fc29
0f89
0b18
08a0
fc21
fc7d
ff2f
f1b7
eb70
f745
f422
0986
08f8
014b
010a
098c
0348
06e1
0f40
0207
01e7
09ab
f250
f8d0
01f7
00fd
0d13
0071
f191
f7d6
ff69
005f
0a5a
0906
06c0
1738
0c6d
fbfb
0751
14b9
fa1e
dbd1
0225
f77b
feda
00b8
023a
f5cd
f148
25e4
efc9
eb22
1c95
24f2
ea66
000b
fbf6
05d7
faa6
f7a3
fc0f
01da
fe55
ff15
ee9f
f4ad
07a5
f283
eb6a
0593
fd6a
0123
06cd
01cf
07ca
f7e4
fb0c
f2eb
fb84
032f
eba0
fda8
f91f
007a
035e
0453
f72b
01dd
0004
fc5f
e1ee
0d7b
f74a
e555
0b2e
fba3
0559
f90f
fcd3
edb0
1321
f56d
00a5
0731
11ac
008f
1475
feb5
0926
f581
10ac
0a9c
0646
fd1e
0416
00d3
022f
f094
f946
f592
fd96
e8dd
f051
0111
0d57
f5b6
0aa0
f82f
06a6
fc50
ebdc
0c54
0ba0
133e
e50c
f71e
fb0e
0691
f63c
dbb4
fe0c
f6c6
02bc
fd9e
1263
1222
0c6a
fe7d
027f
068c
fcd9
231b
0146
084d
0969
0a00
f4d4
f0d1
f735
0eb8
fe52
03de
fe5f
f98e
fecd
fcd0
1c74
fcfb
0990
f9b0
f9c2
02bb
ff43
034d
13ea
02a0
0100
05b8
f923
fd3e
0ac1
1661
fe0d
0923
0620
08ae
f8b2
ffd5
e801
12e0
083e
0d10
08c6
0ffb
fe0d
055c
036d
0f6a
e745
e4a4
01c6
fd6e
05e5
fc8b
06d9
e747
f6c7
0529
00fd
01cb
f6f5
ed95
04a9
f500
049a
fd74
0a96
fb1a
fc0a
ff41
08f8
03ee
087b
06de
106d
00e8
04e2
028c
fb70
057d
f3b5
0be6
ef39
e897
fd91
f30e
f721
0a4d
0672
0591
1354
0058
0b0b
e36a
f9d9
0177
f25c
fb0e
0bd0
f18e
f727
f1bd
ff30
e60d
f2f9
0360
0f25
f68a
09e0
0384
03a2
04ce
e923
09e5
047c
05d1
0737
1245
0cc7
142c
f364
016e
0183
0090
0980
0ba3
06c1
0b2c
0fa2
0cd4
fea3
fb73
1e2a
091c
f607
19df
14fd
0610
fbef
0809
100e
10c0
f59e
0859
1006
07e8
05e4
f7e8
f700
0b8d
ee1a
f6bd
0796
0c01
0ccf
0106
ea9b
e46f
fecd
09b2
0600
fffd
1349
155e
0e2d
ef9c
ff30
0f85
f6e8
1035
0918
0ea8
07ff
0cb1
0278
f52a
04ca
fdbe
f7ee
f1e4
0023
f4cb
f393
0301
fe5f
091b
08e3
fa29
fdf8
154e
04c7
1012
e9c7
f069
fe03
fd90
e486
f914
fa7e
f7ad
ee68
0797
047f
f617
f67a
0514
1172
f40a
0457
0d79
0915
087d
0044
f56d
0007
00d0
f73f
030a
0e2d
f57e
0572
01e8
fad2
035e
f9f6
13c9
fc65
0705
f8c3
074d
eacf
fef0
0772
e6b0
f9ef
ee46
09dd
0110
ef9a
f5b9
f485
0442
0358
ff06
0957
feff
03ca
fdb2
fbc3
f81e
fb63
01b6
04c8
00b2
ffc7
f980
02bd
fcce
0446
f818
054f
fc6d
ed9f
01d3
0315
f776
0453
fb05
0980
fce5
0d07
02e2
074a
0370
ff80
0681
0865
00f8
f727
f56d
f6ad
084c
04cd
05ed
ee3f
e4d9
14ee
0241
f6c6
fc79
fa3e
f7e2
09a6
0728
0511
164a
0b14
04ab
0347
f7d0
00cc
0114
0474
055e
0305
ffcd
ff90
fed4
f7a1
fdb2
f9ca
04a6
0ad2
0dbd
fa5c
fcfb
fcd9
05b6
088d
fd96
fb05
fff3
fd7c
0189
0d31
02b5
ed50
006a
023f
004a
0317
f54a
fca1
0c3f
0044
fdca
0fed
00ca
edf1
e160
f9ca
fa8e
f99e
0e6a
034c
0139
0560
f6d3
0756
f5d3
f21c
fa8d
068b
0ae9
fe1a
0a40
ffd5
eff5
023c
fb3a
ea52
f6f9
0451
f701
f33b
095f
fb68
fa97
ff1a
f9ad
0180
f3e5
1dbf
13d1
fa7f
16ea
fe6c
ff9c
01c5
0cf5
eed3
f407
00aa
0a4d
0f09
f5b1
ffd9
138f
08d2
0f6f
f56c
1445
08c1
f8ee
fe08
05d0
fc32
0ab7
f371
02be
fda0
fc1f
0da1
fe30
0450
0974
f884
029d
0da0
0346
0dfb
0af0
d65f
fd9c
f516
06af
0ef6
0701
0bc6
fa80
09f8
eb46
0b75
f3a5
01f6
0815
0194
0080
fdeb
023f
1d8f
07b3
18a5
02b0
073c
fd95
f720
ea96
fe83
02f4
fa11
0264
0793
fab6
f1e3
0eff
0748
0ee4
0196
eed3
0a8a
e7d0
ff25
fe65
02a0
f708
fd2b
fbe8
ee47
f6ae
ec29
001f
0c51
08d9
f9e4
f55c
051c
0202
00ad
f7e2
f793
f839
ef59
fdab
e926
f6bb
fd29
028e
0c35
077c
0912
0333
e7bb
fc4d
f33e
1af5
f1d4
1015
f975
f37a
ec8d
f9e9
009e
f811
dd91
fffb
f34b
eab2
f223
0911
ecab
07bc
0fb0
f74e
ff8b
f914
01c4
09ff
00e6
f9cd
08f1
0574
f74e
0503
042c
126e
139e
07bd
f9ba
17fe
1684
fee4
088f
ff75
07c2
fa9e
fe53
05bc
028f
f8a6
10e3
0bb8
fa5a
0f52
0008
e361
f468
fdbb
fae2
0055
fe02
00c5
fd89
12f1
06c1
f965
0f48
f6fe
fea1
f7e5
0c00
fd5f
0510
0ba3
f9d0
139c
057d
fa4b
fb7c
07a0
0ab2
fd66
036e
05e1
f89a
fdd1
f5e9
0e46
fe51
04ee
088e
0094
f56c
02d1
01d3
00e0
fbd4
03fd
f3f7
04a4
09fc
f37e
0b90
feee
ff96
fa4c
fdbe
fda6
ff4b
fd23
f5fb
ffda
fab8
f92a
0710
ef7c
f91f
fe4d
ff9c
0bab
f1fb
f2c2
f794
f566
e683
0516
f5fc
f945
ff18
0ff9
fd6f
f0e0
060a
f561
fa41
f009
f4ce
0772
fcf1
ff5c
ed9d
043e
fbbd
0490
fb2c
f85d
0158
f2fa
ff75
fba7
f818
02d5
0063
f660
0e14
fda3
0048
02f3
002e
f832
f44c
fb98
0348
f6bb
f90e
fff4
052a
f903
ff5d
eea8
f013
fc6a
fe8f
f967
fdd3
040b
efa8
100e
04c2
ff00
f3e7
fa3b
0cc3
f86d
fb04
f78f
0752
feaf
f8fa
05eb
04c5
0970
027c
03b0
f659
048d
fb93
107e
f103
ef95
0965
f16c
0231
ee5e
09ec
fffa
0670
f2d4
f762
f520
065e
fb78
07a4
192f
fdc6
111b
013d
ffd5
07b0
0710
fdab
fa16
0472
0561
1571
013f
0742
0622
03e0
071f
0c64
0d11
fa4e
15f5
eeff
02bc
fe9f
00da
04c1
09d3
03be
f4c9
06a6
0576
016e
fb65
0051
0266
03f2
fb08
0571
08b1
0401
f61c
fe76
0f68
0189
1319
ff7b
0eb7
0976
021f
0544
fdb6
fd16
1345
044a
0841
eda6
fe3f
fff2
fa79
0cfa
09f1
031c
ff21
fdd7
fe1f
0552
06f0
0090
f5bc
f964
f5c7
ffa0
f5bf
00ac
fe3f
f906
fd04
fcb1
fd00
fdb6
055a
03d3
fc4b
0ab8
0296
fe3c
fe44
fb79
fffc
f5a4
f73d
f5d5
03fb
077e
0115
f45a
0956
fc98
fcf8
fcc0
071b
fb82
f8dd
00ba
facc
fe79
fa99
0085
f67d
0629
fa79
1961
fbfe
006c
f562
fc07
05a8
04bc
f393
ff06
00bf
fc9e
0b0c
e50d
0a40
0429
f039
099d
0c38
f3de
1581
0838
fdbb
0883
0506
f6f7
fec0
0dc7
05b1
09d8
0ff8
07ce
f634
056e
fc06
07ec
0740
fc8b
f820
f227
0e2d
f97d
fe2c
f8ed
12e6
06de
1610
0183
0751
01f6
0cac
00f7
04b2
0206
fb9e
f1b4
174d
fbbf
f939
1113
0e3a
017f
039c
f5d4
021b
0a20
185f
017b
00a8
054b
06f4
fea7
fe94
f153
0c0d
0431
e533
fea1
f8ce
00e3
0a78
05bf
00a1
0880
1caf
ff27
0c8a
fb5b
ff55
fbc9
07fa
f9c8
0bd3
06c4
2379
01ca
f21a
14e6
0522
0480
1ef8
05d4
f5c7
fbd7
0ab2
0676
f6a2
edb2
f2c4
0869
08cc
facd
f6e0
0638
fe72
fe14
0c3b
191d
0421
05e4
02d9
f1b2
f075
fd5b
046e
f1c7
063c
fe75
030d
1614
e162
04b5
fbba
08b1
05d9
0a4b
04be
f5e3
0269
1617
08d4
0ec8
fb2a
fcdd
0517
fe56
f778
fb80
fe65
06ef
030b
0319
02d7
fffd
0cf6
fb0c
05fb
f8dd
f674
071d
faee
fd97
fe79
fa0d
eb37
f86b
f390
ffe0
026e
023d
fcf2
ff84
162f
fd87
023a
ffc0
0361
071b
f70c
f82d
0646
f206
0086
0086
0562
fe32
ff1d
00ff
fe5f
0bb0
053c
0b7c
0746
f1e8
089f
fbd2
05cd
ffbc
fcf7
0481
f76f
0ad7
ffb2
f58a
ecf4
eeca
0673
0c75
081b
0106
fb7f
0200
f97f
053c
018f
f685
0aca
fae0
05bf
ff19
fab5
f543
fabd
06e2
f9a7
0ab0
111b
033b
02b8
0205
06b0
0861
03ae
0362
0823
0952
060d
fedb
fad9
0799
fe22
feee
0241
05e3
fba4
0ebc
04aa
0be0
03fd
fca0
f6d2
fe96
ff8a
f2b0
fda6
0773
fd45
f71c
04fa
fdb9
05b0
0bb0
01ed
ff5f
f995
0713
0755
05aa
07df
0438
fc4e
fdce
fdb9
f33d
ff4f
05da
fb68
fd61
0110
0400
ff76
f80c
0491
ffb2
fdef
f7d3
f9d8
ef68
08a9
0399
f80e
febc
f997
0c1b
f96b
e939
0336
fba2
f7e6
e97f
fe3e
fd48
027c
f6a4
eed6
ff5c
ed33
f5f2
1939
f70e
0725
0454
f6d4
0835
f3f5
f1b9
0280
f7ff
03a0
1203
f8cf
fa58
f7dd
07be
f7f7
0504
fba5
0860
026d
f695
f8a1
f43d
ff31
0402
f8b3
0f26
0174
0ba2
078b
038b
fb0e
0988
0555
05bf
0419
f477
0930
06c2
0ab2
073c
124c
f745
f5fc
fee6
0362
05d7
faf4
fbed
1c1a
ead3
1380
0968
f62c
00b7
ece5
0399
f094
f699
05e7
02b0
fdbc
fb48
1320
e3fe
07f0
f2cb
f197
10b9
03ed
e4d9
f3f9
ff3b
09dd
138a
004e
0da6
005b
f9fc
0021
f7d5
0cb8
0aed
101c
f367
0617
eb12
f763
06f2
fa35
10f0
f78a
fd6c
fafe
ff36
01eb
1bff
1416
0d47
17f8
fe79
f14e
eecc
fcb8
000e
fd30
fd23
0718
0a85
01ae
03c4
05c7
fc49
01c0
0a7a
f8c8
f7a7
07c5
05c1
fac4
fee2
00b8
1424
fc65
0da0
f25d
f1a6
038a
fb10
0e65
f3e5
0b70
0f39
fc4f
f76d
04ec
f88a
f74a
f483
0254
056d
f087
03af
01ed
1347
f5f2
e4c1
fa00
f629
1419
17fc
f49b
f85d
f89d
0937
04f5
040e
0641
f371
ff6a
08cc
f360
0012
066a
04b3
0349
ffee
f87e
f5b3
0218
fcaa
f642
ffdf
fc31
083a
01f6
ee94
ff26
fecf
f862
109e
09b8
fa5b
f96d
0a99
fcfd
00ac
01b5
fa06
ee11
f45b
fbf8
0590
fcd9
065b
0f8d
0006
03dd
05e4
f94a
f949
f025
f708
05a5
003c
085c
f436
fd81
036b
0ce1
ff31
f3b4
fd81
fdb7
05a9
feca
0ce9
f29d
05c9
044b
fb0f
fc5c
fb1c
fca7
149e
13ec
ff0a
0689
ef6e
0faf
0352
0075
00f3
0636
fe93
08f3
05d0
00fc
058a
fcdb
fd7b
f4c9
deeb
f61a
0276
f526
0667
0545
fe0d
fb4a
0265
ff4c
f25f
f73d
e61a
0d5f
05af
ff63
090a
e82b
1873
fde3
ecaa
f613
0138
f981
0034
ffce
fa0a
ee93
f493
0685
077b
f60f
f8fe
0c09
fc62
06cc
0115
f331
ff19
fa44
0301
02c1
0ad4
068b
fd48
089c
f13b
f6b3
02e0
0f72
f52c
0520
0a10
0051
0931
f2ab
fd11
ffdf
f458
02e9
f694
080c
0b99
0bb7
f4ee
f704
0769
f93e
fd4f
faec
152e
f2a4
0a8b
fd62
05d1
fa0c
01f7
07a4
fae6
0657
ef4c
f188
1945
f9a9
fc80
fcde
071a
fcab
0126
0a44
08c7
12f0
fc8a
e80e
fdf2
1cf4
17ed
f42e
fb78
f3ec
fbb4
eb86
f757
f7b8
fe99
facd
edf2
0215
0f89
01cd
fcc5
fbfa
fff3
fe0e
fa01
00e0
fec1
0b00
e0b1
fd34
fec4
fe27
06dc
04b1
01e8
09ae
1215
f309
0482
fa1e
f982
fe60
02cd
f7f6
fd3c
085f
0696
ff00
009a
fe1b
f78f
f8c8
fead
017e
04d8
f8db
073f
ff11
0967
fc6a
0602
facc
fe4e
01fe
019c
ff54
f416
00bf
0593
f5b9
fc1d
0bd8
015e
f869
0939
f434
f9f7
f151
fef2
f794
0091
fda3
f62f
fbf3
00ec
f5ad
fad5
f843
0304
f595
0369
fdd1
f9c3
fc83
ff2f
020d
048f
fbe4
f9bf
fc9a
f934
f918
fd32
0d14
0e93
fe13
ebe1
faec
0547
ff13
028f
0305
fd22
fe01
0a56
ffde
0003
0824
0954
fddd
ef51
f116
f9cb
fdd0
fcc9
fc6b
f7b5
f8f4
f7e1
006b
0486
f534
07db
0679
03bd
029d
0907
feeb
ff2d
fc77
0010
046b
054e
0076
f8f5
09f5
0aef
1323
fd87
f6e1
f81d
fa7c
0261
fae2
0a18
0388
ed10
fcc2
052d
fc74
fd9f
fe58
e493
0040
03f6
f9de
e2a3
feb0
f3ab
f96a
07b6
fa8e
06e3
fb07
06d4
0725
f7b6
f6e8
043d
ec99
0b11
0311
f335
f6cd
fbe5
f73f
fbb2
f6eb
06ba
feae
ffe2
0751
05c2
1478
01ae
ead4
02e2
f925
fc66
fe32
f7b3
05ea
05c9
04ec
076a
fc52
ffda
0702
0644
058d
fe98
0771
0ab2
0e8c
0352
fe7f
fbaf
f46b
0665
06ae
0881
060a
00f9
ff3f
0716
00b8
fb56
0063
1734
1cce
03c8
0a34
0a21
fd24
f429
0848
0c6a
eeb3
fcb7
fc4c
0945
05d7
0c30
fa3b
0b10
faa6
0634
090d
ff27
fea1
f370
fa15
0998
f764
fd02
fec6
0694
0226
00e6
0afc
e12b
ffd7
fc5b
0655
064d
1256
08d5
07e0
06b9
10ee
ef6b
0050
fef5
ef21
0365
fc8f
022f
1247
ff75
003b
fd31
03db
084c
0407
d1f8
f924
f2ba
fbe7
fb16
fdfc
fb5b
fb7c
0f3e
ead0
f950
fc0e
fe91
fdf8
0479
0b3a
0a02
082f
0c3b
fb51
0352
0245
0112
fb3f
031c
033d
fd4b
f73d
eef4
0a15
023c
f750
0d43
f702
f762
ffa9
ecd4
03ff
0519
0be1
f92e
f078
ed6f
f4f1
f7d0
11fe
0bfc
07e6
f7b6
f6b6
f607
0d6d
04a7
0819
f8af
fe84
fb5b
045d
fee2
08e0
0a22
0283
fd55
01a9
fe10
0243
fad1
0a0c
128d
fb2c
f9bf
0530
faab
0612
0da6
fb37
f53b
0336
0232
06c6
070f
fa44
0ae6
f47d
ee6f
0aad
0850
fba1
083c
077d
0795
0911
0124
ff83
0308
fc65
02b5
0491
0e22
00ff
f6e2
01e5
fa3e
09ef
fb57
0d02
ffe8
1413
ff2d
ff9c
f6b3
02ba
1065
f6e5
f5ee
003a
00c9
ecf4
008a
f1fc
0769
079c
f10a
0ad4
fc8d
fb8c
f5fc
04ae
eff7
f8ea
f572
03ab
f307
fce9
fcd3
f4b8
0db1
f357
ffab
057d
0f77
f4a4
02b6
0364
fdbc
e455
0b33
02b1
f9e2
ff41
0ea1
fdbf
0878
03a9
0d6a
f069
f6bc
fbdf
f6d6
f5f6
fea2
02b6
0a35
f645
e0c4
f349
fab6
0511
f7e1
fd7b
efd1
f0cd
fcc7
05ae
02f7
0a94
fa50
fbec
019d
edba
fe5c
0051
eecd
fb87
f75d
eef4
0633
fb47
002b
0674
0a4a
fd48
0dc9
ea2f
f01b
fa21
f89f
fef1
ff83
fa0f
06ef
f8da
f7d6
f31e
02cd
0f16
0915
fc2f
0654
f54a
0427
f102
f1b9
016c
ee96
fe94
f0d3
f105
1e7d
f9ca
fcf3
02c4
f7d4
0e18
1b55
03fd
f52c
ff68
f522
0478
0683
fdc4
01f7
14d2
0dba
f1ed
e538
f7ac
0753
f1eb
0043
e454
0d8c
f837
f518
fff1
038b
fcc5
05e3
f074
0355
f7ba
fa45
06f8
eb60
fbfb
0577
e702
162e
efaa
f634
ff9c
fd84
0015
e91b
fc34
06c1
fa88
f556
095d
0e0a
1384
f8e9
f17e
f3a4
05e6
0144
fb82
004a
fce4
f6c9
0a4b
0122
ec2e
fbe4
f48d
fa03
0ce0
020e
0063
fd79
0539
1312
0c72
0215
05c4
044a
fad5
fdb9
f4cf
0928
ff2f
01b9
fcc5
0c62
faf2
06a3
f9a9
006a
fe62
0848
0111
0654
f7a1
fae7
065f
045c
f04e
fe06
056c
0024
fe18
feae
f7ba
0515
f737
fe31
f727
0a23
04e8
058d
f7c9
042f
fd4f
fe0f
02aa
f3df
f66a
0a5c
0a3c
003c
0221
0303
e922
02b8
f06e
fbcb
0ab4
0594
02d1
0f63
0b57
0271
fef4
05fd
fc4a
0007
fdc0
03d2
089b
ff5e
04c9
fe79
fbd1
fbbd
f06b
0741
fbe6
fd0b
f6f7
f7e2
f8e9
04ba
06c0
00d2
0bfa
08d3
e9f4
0176
08b6
06e4
f4f6
fe96
fca9
0dc0
0e14
fe00
ffef
f86b
f490
0ee2
0a7a
ff07
e89e
ec2d
f5c6
eff1
081a
0a83
f673
08cf
f750
08a6
e774
f0e9
f794
0760
1457
f1b5
03b4
f4b1
f829
e59c
012c
0121
0941
1223
02e2
0218
0321
199f
1d78
038f
fb93
fc02
043d
f3cf
01e1
fb3c
0e32
1385
fdb3
01ba
fe23
0605
fd28
094c
039c
0205
10a8
fb70
fff0
0039
fcd8
f1a3
f7a2
13a0
00df
130d
0127
1012
0821
03cd
102c
fd36
170c
1197
0005
e656
0b58
ef3b
e80d
e7a3
f4d1
06e2
f80a
f9d6
02e8
f69b
0f6c
fb0d
f985
1b8e
fbb0
1018
ea85
de85
ed15
f2b1
f560
1058
0ce1
0994
fd91
097b
00d3
130a
026d
f5c9
11a6
f9c7
037d
053c
06ab
1255
02bf
15ac
0717
ef67
f42e
f887
ed05
f5e6
ff75
ff96
f877
1213
f97e
f457
0b9f
06a6
01ec
ec50
f4fb
046c
ffbf
f632
0190
0575
f2ba
f781
f417
f734
f5f7
ebda
f088
0b08
0c12
fc65
febc
fb6f
feaa
0029
fdd3
0823
f808
fc1a
0308
f3a2
fbb5
f6a9
f641
fda2
f1ea
0679
06b3
0036
f8a1
f14b
0bb7
f718
099d
fa1d
ef34
f460
f06a
efb8
f4b2
f126
fb3e
f69a
f1c4
fa04
06fa
f997
086b
04bb
ed28
fbc4
03a6
0f32
0bd7
0309
febf
fe62
f818
fc88
f370
0389
0814
07d3
f35c
00d4
14b7
fdd5
fd7a
0b53
f00b
f8a3
ff91
0136
063d
fba3
fc5c
ffb0
02d7
fb71
00a3
0260
f382
f8d2
f9a9
fdde
ff2c
08d8
0232
0b0b
fc6c
0b01
fbb1
07cb
ff70
f72c
f343
0e58
0372
fea9
14ee
fa79
07b8
0544
ff2c
05da
11a4
00c4
fc92
f61a
fd45
03fc
fc72
ff03
ffb9
02c8
01d4
fcc6
f808
0380
013b
0461
0c38
f756
0194
f760
fe8f
0036
ffb2
048d
ffe2
00a8
ef8a
dfb3
fad0
0606
e724
ecfa
0139
0402
eeda
f1b1
f0fd
0675
fc7f
04b3
fd9b
0c01
f026
03a5
057b
e664
003c
f6ab
ee27
0af0
08d7
0787
e7bf
fefc
00c0
0160
098d
ed85
035a
f138
f4ce
ea7e
01b8
fb22
fa1d
ff5a
fbec
038b
0358
ff44
f93c
0caf
0769
06bd
1177
01b3
0b59
07da
f8f1
fd6a
f95e
07c2
06ef
010b
fb23
e945
0042
f6ae
fbbb
05b7
ed41
ea98
03e1
09ba
fee2
f49e
efa8
0e33
05d0
0857
09d2
028a
04a0
f7a2
fc23
0e84
009e
f6b0
09d5
eb40
f392
fdf0
ff0b
fa33
f705
fc6d
fdbb
0449
fce7
fb27
f7f6
0742
13a2
fb63
fb0a
fec1
097b
fc34
0610
07a9
0002
edd5
f03b
fe5a
e81f
ff84
0221
099a
0789
0340
fe41
fd33
eda5
0b9c
070a
ec06
f0bd
0108
0361
f820
f804
fb55
e29e
f695
f391
f4b5
fcf4
fa1f
fd6a
feda
f8eb
f1b2
f998
0300
019b
0408
ffdc
0084
f8c3
0953
f89f
02bc
fe5e
05ea
00ca
0774
f484
fa49
00d0
ff0f
ee8c
02f9
0393
f691
04f9
f2a4
e8ef
f18e
fc3b
088a
ff1c
fa30
f4d3
e6fe
0272
05da
0ae3
0f81
f7f7
fe29
f969
f894
fddd
ffd0
fdae
fd51
f4f5
080c
f8dd
01ee
0247
016e
0b1b
fa0e
05d7
0d8c
02a6
fe5d
072b
0910
0344
04f4
0811
f529
fff7
f59f
f201
06cf
fe3f
f95a
07dc
016b
f001
ff42
05e4
013e
fee6
fdb6
ee46
f387
f4d4
0a49
fa0f
056f
fce1
0010
f69e
fc4e
fb62
fda6
0891
f9da
0af9
0657
f7a1
0181
00f5
fd49
045c
067f
f340
0487
e779
0e57
0c03
02a4
19ad
0252
ee56
fd4e
fbf5
fed8
067b
ee72
ef49
0000
09aa
fda5
036a
ec29
f060
f6bc
fa41
e8ad
0101
e89d
fed4
e1f2
f3b3
f70e
fd37
f77b
fdad
064b
f66e
f13d
f09c
090c
fe68
ff21
0647
065d
05a8
f73d
f821
faeb
fc6d
ffc7
f772
fd1a
02d1
fbb7
eae3
fb93
fa8f
f2d7
f52f
f335
074b
f6fa
fc35
f839
0796
fe26
055c
0377
0b36
fcb5
17fd
04ef
0299
fdd3
0a4c
feff
f680
f3e7
0826
068c
168b
03ab
0e68
1390
0905
f927
1b9d
1312
f81a
0b9b
00bb
068a
1094
fad3
00a0
0f27
eaee
099a
fae2
05d7
087b
0016
0225
12c0
0042
0a73
0ada
ebfa
019c
fc73
fe09
f976
0ab6
0116
0355
00cb
f499
0d7e
e610
ffc8
ff7a
0811
090c
12a2
0588
0ee3
0bdb
0eb2
0a0d
065d
0049
fc1d
f11b
f634
0653
f56a
1183
050e
f621
efea
0421
fa9b
0e61
ed70
f469
0b09
efa0
0c15
ff7c
ea7f
feb6
1248
ea2d
e912
fad7
f109
08bb
0b12
ff71
012d
ee96
ef23
05e1
f25a
f486
02d9
f70c
ef32
f7fa
e630
060f
0645
f062
fabf
ff15
fd78
fb07
f9b4
fd26
f741
0b1e
f89a
1034
f4b5
fc5f
f528
00d0
fe8d
0335
e3ac
ea8f
edf9
f361
f2b2
0a27
f431
1fb1
0666
f024
fc90
f7c2
0497
01f7
f9af
0332
f5d4
f921
f91b
00ec
02c4
0cc2
16c6
011b
f8ee
0689
1447
fea7
0a9d
fe12
0a82
0899
0741
0736
fcb0
06c1
fdf8
fe92
02ea
04e6
ff7c
e951
f3e6
0fdc
f79e
f707
ef13
f554
0527
0989
f747
05be
0ddb
f8eb
0bd5
09b9
1099
e143
0421
ffab
fab2
048f
0481
fe5e
f572
07f3
0361
0165
ffd0
fa58
e8ba
fc96
f9bd
10a7
fdec
1128
05ee
0341
f82f
f36d
fb9c
00af
f7d7
f95a
ffbd
fc71
1125
f54c
0238
f9ce
054b
f9f5
0252
eb9d
f34f
0ba8
f9c0
0c78
0485
f5d4
0575
07ae
070d
fbe3
06ef
1259
fd6a
ffb5
f099
01f8
fcd0
077f
fd55
f20e
f83f
febd
097b
fa1c
00fc
f3bc
0a73
f38b
fef5
0347
0726
0fd3
0688
04eb
0323
fcc1
08cd
0873
fbb4
0f36
f82f
f166
0caa
04a9
0308
ffc9
f37b
f5b8
04c2
0918
ffa8
0cfa
ffc5
111c
e85f
f265
0eab
07b1
fe38
0942
05fa
fe4c
0aec
f62e
18a7
f1c6
de49
f82f
f6eb
07c7
02c2
0da7
fb84
fbad
f5e6
09d8
f97a
086b
f934
f3c7
fade
0876
f39c
ea45
fbaf
135a
f693
0ada
0b11
f957
f546
0265
03f5
ff06
0a55
07f3
0dda
1753
f126
f15a
f85e
f1a1
feb9
0f67
05c7
f729
f04b
0f95
ffba
0712
04e7
09c1
0b94
014d
0808
f554
0d88
fbfc
0285
1773
fad2
e9d6
fe51
0a28
f1f1
0324
f5a8
0f0d
fe64
05bb
e4b6
060d
0bca
05ef
0448
f784
f4eb
0410
ed54
fcad
08bc
f93d
1c3f
06f2
fe07
fbd0
03fd
fe79
0947
f730
07fb
00eb
033e
01fa
f66a
fa61
0460
0556
f461
ff55
016a
0533
29b9
132b
026f
0c27
ff3d
0479
090a
0a1c
f822
06a0
044c
f011
fbbd
f461
06d9
085e
f351
00d0
fdfb
e7e8
0783
f3ad
fb73
0b4f
040a
0063
01b8
f892
fce7
15ae
1829
feb7
027c
0416
fc54
0043
fa32
0086
0837
08a4
f022
fb81
0539
fa12
0551
fea0
f89b
0d80
01df
f53c
f6a1
1171
f2ca
03a0
f78a
f74f
0b57
f22a
f1d0
fc18
f21f
f988
fc10
f26a
fcfd
f3df
19ba
0a8a
0058
fc17
fedd
fd9a
f9f3
0ac0
0a5e
fe85
047f
05da
fb91
0ca6
1655
0585
048f
05c0
0ab1
0172
ff74
01c9
fd62
fd44
fae3
f833
0b23
f4b8
f35d
ff47
02eb
0866
ff11
005e
fa80
0390
05b7
fc94
ede1
047d
0a94
0692
0fb3
07a5
0403
0070
009c
017f
ed30
05a6
fb0e
ff4a
059c
f6f1
fe14
0ad7
06bc
fb52
f8a1
0ccc
f44d
ffc0
fc0b
f82d
f7c4
f2f4
085c
f770
1a3d
0b8b
0f0c
061c
055e
f72f
0853
022d
1497
fbb9
00fe
0c6d
08aa
015e
0c43
0062
fcb4
044b
0274
0105
f5e2
0630
1455
037e
03f3
058c
0487
f5ac
f247
0be3
ef7a
ffda
1084
f614
06e7
f219
f81f
f979
ff61
0287
f954
e76d
07f1
05e1
f586
054a
05ee
0eff
08e7
0507
1a2d
fb97
0f24
ea7d
f938
0de0
1c79
f8b2
fc96
f804
07f4
0f28
0999
fb2b
f52f
0a0a
fdec
092c
f728
f863
014d
08aa
0246
08e5
f857
0cff
0359
0493
f6cd
07c3
fa59
f833
fadd
fd85
fe95
f83d
fb9a
0618
0c12
0bd0
037a
f4fc
f207
fe0e
f2ab
fa7f
056c
feee
0f87
0153
08dc
f5ea
fda3
f8d8
f5d0
fd42
fdda
0486
00b6
0a7d
fb5f
0a8d
f9b0
0fe2
1328
fc18
f101
03d7
f7cd
f742
f2ce
f616
fdf0
000e
fd29
0cac
021c
05df
fe7b
ec6f
fec3
0252
f75f
06a9
1093
fac1
02e6
fece
ffc1
f9f5
f8fb
f958
0784
01c1
f42a
fb9d
faf4
f873
07dc
fbf1
0f0a
0868
06b7
057b
edd5
0ba8
0a56
fb17
f544
f5c0
f4af
005b
fe1b
05db
fc80
0696
fb69
10ed
fa1e
f61a
fb8a
024a
f612
fd8b
fe9e
f700
03d9
fea2
0480
f72a
0b6d
fbcf
0693
f6fb
11f6
0223
fc5c
042a
ffdf
0845
0e5c
f5ad
061c
0d7e
0462
ffc1
f25f
080e
1e23
06d9
16c0
f904
f931
0791
f686
0048
f77b
0e71
fb01
0ec5
f90e
093d
f8fd
06a2
19ec
fc52
0745
f7c2
04db
014c
03f4
064f
e9fd
fd26
08ef
0ec7
0e64
e476
1342
03f5
021a
fe0a
048b
fe34
0fca
133d
f914
160d
0313
05ac
0535
0af9
1c15
f712
0eb0
fd13
f78e
f71b
12bb
e2e4
fa39
fd64
0a78
f666
f513
f8ae
f5bb
081c
0d14
0445
fbec
f864
ffb1
eec1
02ba
f7a2
02d2
fcca
fcb3
0ea8
ef0a
fdc7
113d
0bf1
044f
0cc3
0acd
fee3
fa57
14a1
0438
fe3f
f596
f7db
0536
025d
f91c
f85b
13a5
fc60
fca6
ffd5
002c
f002
1196
f9bc
fba8
0171
f34d
03c7
f310
0a0b
0a43
0af6
0119
015e
077e
0cd9
0994
f58e
f429
0957
020b
f9b8
08ab
f3e0
f44d
027f
fea5
f8f6
f690
fd47
f3be
fc2b
fc46
f860
130c
ffb4
063c
f87b
0bdf
feb6
f64e
feb2
0741
f56e
f603
f966
f38b
f075
03aa
0d64
f76e
080e
01f0
04be
fcd6
08cb
0cbd
016e
fd84
ee6d
00d7
f93c
0153
0273
007a
fe4f
08bf
e960
f2aa
f6e0
ed48
01e1
f17e
06fb
ff80
0e20
fc89
011c
faad
f9cd
02ba
09af
001f
f9a6
ecb4
f8aa
f6c1
fa42
fecf
fae5
fe8f
025f
0d2b
0182
0053
0641
08ad
01c6
06b8
fa52
037b
040d
0246
f655
118b
fb3c
fc58
fd17
fba1
f9aa
000c
fd10
f489
ffe3
f90f
fd4e
0391
fc7d
11ad
0d6c
1286
0842
f8d7
09bd
0e08
030e
f195
ff61
f10a
fc4c
ffc1
02a5
0b1a
1ed1
fd30
028b
fc32
fe92
faee
f80e
03b4
0393
025b
06c1
0d64
ef12
ed7a
e88f
ee18
0c28
01c2
f5ea
0e8e
eb67
025d
16eb
0c3b
0b46
0403
f54e
0c65
fde4
fd20
fcc0
fe56
04e6
079a
febc
0790
f68d
f7de
fbfd
fae2
ff53
ffeb
0518
f2df
0fc8
06fd
16d9
036f
041c
f4a3
fe47
0a13
fe78
f142
ed62
0899
fc8f
faa7
1cf8
f38c
ec95
094e
f825
0cec
00ca
ef90
f986
f57a
0b86
feba
feb6
0415
ff7b
f7b9
179c
f635
00d9
07ec
f92b
f85c
f3f4
f525
f4b6
0688
f8ce
0146
f6cb
f84c
145b
f743
fee0
f652
fe3d
043c
0717
06d5
f7ac
faff
f9ec
00b5
0a20
0beb
f60a
f8ac
f983
0f2f
0504
efff
0a25
0bea
fa92
08d6
0a25
09ce
f97b
0ee2
06de
0689
f1df
037e
f675
fd89
fc13
1710
067d
f2dd
f441
07fd
f55c
058a
f455
0488
0316
1dca
098b
0c3c
fdb1
18c5
ea29
ef03
0457
168d
0816
fed3
f7b4
fb4d
f470
f3ba
fe59
023f
fdda
f053
ff78
0a7d
fabf
fdaa
f481
fd2c
fd62
fc51
0489
fd08
f511
0515
f3ba
07be
fceb
09e0
00ff
fcd5
fb18
fe6c
f14c
0455
0583
f609
00ff
048b
01ed
f672
0331
ec4a
05cf
0777
fb73
f1b6
f403
fba5
0ac0
ef02
0578
073c
0bbf
0b11
edbd
082e
f69c
fd2e
f751
fd4d
09dd
f8d5
02c9
0519
0417
f843
f159
0b55
0044
f0f5
e79d
fd5c
0158
031a
ff36
f5a9
045e
020b
f6a7
fd42
fba9
0578
fd6f
fe9a
f472
f9d1
0210
f12f
004c
072f
fae0
03cd
01e2
f967
0119
0749
f372
0965
08c8
04d9
00b1
f4aa
01af
03d6
014e
01a1
f712
f7c4
fe6d
0593
f836
0979
11a9
fef7
ff99
f3ab
ee6d
f4d5
fd09
06cc
0f31
f5a2
f7fc
ec45
f917
f0fb
005e
0248
02cf
0897
f109
0b6f
fdcc
f8d5
fef6
ffff
0121
f486
f428
ff11
f0cd
fce8
f67a
e95b
f0f1
0844
f786
063f
e564
0155
fabc
05cc
fef4
1051
fc57
f57a
f7e7
01c0
ef0e
fa3e
09ff
ff0d
ec36
0480
fd6a
037b
0f35
054a
1378
087c
0702
0618
fba3
ff0f
e2e5
f8d4
1af9
eecd
01be
f12f
ec80
f70d
eab8
fec1
ffa5
0f33
0a31
0d2c
fa9e
02c5
e65b
067a
071e
1254
fdc2
ffe9
0ba8
eeeb
077f
0224
feeb
fefe
1c84
0ae5
12a9
0235
ff63
fc37
112a
2905
0736
f6c2
0cc3
07f7
f3fd
fe11
eb4d
0fde
f96b
0111
fd72
0f02
0d0b
f291
1017
0f78
f328
1583
f68a
091e
0e78
14fa
f878
f960
fd6c
0963
0959
029b
feac
050a
0e01
f65c
0d6a
23d2
f96b
f64f
0819
ddea
0b34
05d9
1c7c
0276
0727
0bae
d645
0e40
f20a
0d9f
11a9
d5fd
fe86
f6c3
1355
07b3
13c7
0aec
02df
0b40
05d3
0507
15ae
f558
ec6d
ecf3
05ba
f443
0477
f3b9
f31f
ef7a
1363
08dd
ee7a
0cb3
00b8
fdb9
fbab
0fa8
ffe8
0ce3
fb54
171b
0a24
fb5f
e395
08f9
f44c
fe0f
0704
fe02
f999
f953
0713
faf5
0a2b
0899
003a
f5bd
eaa3
13cf
0903
0cf7
f194
f36f
02f5
fe7c
f33f
f725
fd0c
f1fd
0a99
fc31
01c4
1234
fe1c
ea86
f873
07ca
fa32
0873
f60f
fc75
fdf0
f77c
044c
ff21
02b1
f5ee
f7df
ef53
02b6
06a7
0b36
f3bf
12da
fade
0435
ff67
f1ff
fcff
fa2b
0b12
ea37
f48e
1247
08d0
fff5
0ba8
f578
0ab3
1914
eef4
0528
0599
f619
04a2
01a9
f6f1
0db1
edbd
fb9d
f977
00f2
ebde
0be0
f218
030c
fa67
078b
f9fc
0637
0111
f524
006e
fe00
1442
f354
ec5d
03cf
f70e
f7d3
fefd
ff4b
0341
06de
e9f7
16c7
fbc1
15a0
ee61
f6c0
07a4
0852
ffdc
fe15
0e51
fe37
0135
ff68
fb30
f2d3
f0d5
f889
0423
f9f6
fede
fe3d
176c
036a
fc7a
f6c2
06c3
f76c
12ed
162c
ffd1
07a9
fd16
09e3
0bad
f56d
0789
082f
0bf7
fdad
10e2
0812
f63c
03fa
e2fe
012b
0644
0d3c
f933
fe3e
0189
f9a6
2498
f457
06b4
029e
0501
fac3
eec2
0142
07ca
0791
016b
efc5
f5c9
0c07
f862
feba
03d0
004a
f946
036c
f308
ffd7
07b8
f450
01e2
1997
fea9
09c3
0ea3
f610
edc6
0603
fa42
0b68
f939
fa02
009e
fc09
f865
fed5
ff9f
e328
0131
0806
0696
0916
f4b4
f8bd
06c8
fc3a
fd9e
004e
f322
0723
fb9f
f415
f999
fcd3
0226
ffc5
024a
0158
08ab
fe29
f885
f195
effc
fc96
04e1
fea8
fa25
fffe
087a
ffe7
0603
00a7
01af
f995
fd17
1356
fc8b
0278
0e21
07bd
0148
fb25
04ef
04b0
0cab
0175
0787
f733
10ee
06ce
0a0a
ff95
003a
0be1
fb73
0606
141d
0f25
0ea7
fc47
0552
f757
fe82
0344
ed9c
fae9
0198
fd7d
0597
068c
f3a2
0167
1272
fdd3
04cc
02b3
fcb2
fc75
f7c7
1b19
071d
ff3e
f828
118d
ff1d
0af0
125c
fdc7
f4df
f6c3
ec3c
0741
0036
f7bb
0ded
0687
ffc4
0996
11ad
ffd0
f803
0b13
0634
f9c1
1377
ffec
0618
fd3a
fe98
ff18
ff5d
098f
0628
e371
feb8
09b2
ffd7
01fa
ffd9
fa55
0829
f3fd
f9c1
fac9
0ca4
0778
f650
fb1d
003c
f5d2
f64d
fd56
e9ec
ff76
f9ef
f685
01a1
fee9
089d
fec4
f27b
0055
0573
f54c
09be
01f5
021d
05ab
0885
f972
fc8d
0530
0731
ff97
01b6
f9d7
06d6
00d3
ffd0
fa61
fdbf
fd11
ee0b
fc73
0354
05f6
fde1
fa36
f63a
f0d6
06ef
f783
055a
fc71
ffb2
ed57
01aa
fb99
0cc4
fda8
fdfb
0a3b
ff21
f7cc
f997
05d8
0c41
f26e
fedb
fcff
0598
0a1a
068c
fc14
f248
f585
0333
05d8
f2b5
056f
de37
004e
08f3
f982
fcb0
f23a
fc41
00db
0917
fa4a
0620
0819
ef26
0f24
0e6f
f4bf
0d86
f993
f489
f6af
fe58
0330
fb36
0094
0a2b
0b08
f75a
1003
07bb
05e9
04bc
fa95
17da
fc51
f817
09cc
fcab
d7c9
f9de
fa59
0e02
fe70
fc86
05bc
049e
f123
0dac
0c3a
ff56
081d
f556
fb19
fd13
0a14
f546
fa2b
f7de
f1f6
09c1
f046
0444
f9e0
fb00
fc2a
dffa
f514
04e0
fc95
1008
14b6
f74a
ff81
02ed
fac7
fe5c
05c1
f072
fc1b
f790
f0a2
03f2
035d
f74f
ff22
fd58
f56a
009e
fc79
f857
0b6c
fdb4
e950
f5ee
fd17
fb25
f020
0062
0a72
096d
f674
fa53
fa43
f563
0f16
ee54
fc23
f7e6
f018
eec0
f345
deaf
02d1
04d5
fd86
001d
fe0d
0024
10f9
135a
0ccc
0fd3
ffdc
0574
eb4f
06df
f2cc
fecd
fad9
fbff
faf0
fea6
fa11
0bf7
025e
0eb2
e8b5
f96b
fea7
fa26
fc73
fbf0
f47e
f969
f14c
ff62
ff8c
fec6
1258
171d
1001
0770
0eb8
030e
f9d6
0396
fa61
0992
febb
fe40
0097
ff97
020a
f3e3
0232
0f03
f352
06fc
f9cf
fd2a
09ac
f8f0
fbcc
01b5
fcfc
08c4
fd11
f936
030d
016c
019b
fa21
fddc
00a8
f806
fb73
12dd
0838
00db
0659
fd91
fc49
00c8
001c
fa2b
01ac
0ae7
0535
fb2d
fcf9
08c8
f7bb
0ba9
07b2
0025
fcbb
fcc3
fe2a
026a
0075
f701
f72d
0bec
f905
fbf6
fc30
06a4
fa2a
09df
0620
02fd
ff58
034d
fe92
fd7e
0073
14ae
071c
0d0c
0739
07d2
f2e2
12c7
f69e
053c
f781
0ce6
041b
ec40
1f9b
fe2b
077e
11c4
0a3f
ef10
0cff
f7b2
02f9
ec4a
ff18
08c6
0847
08c3
0b6d
f884
07dc
f75b
f061
00c0
09f4
eb63
152a
0d0b
fa14
f550
0354
061d
1573
11bd
f89f
f24a
eb98
f0ef
f884
fc7a
0800
fbb1
fa90
f36a
1965
0acf
15f0
0a18
093d
0580
f82f
066c
0377
0029
026c
018f
05fc
03ba
02d7
0ed7
09a5
051b
faf5
09f9
03d7
0645
fede
0b8d
f835
fa9c
0bc1
fdf4
1209
f65c
fe22
0439
ff02
052a
0b06
1353
02ff
edc2
02e7
ff60
0698
faf0
ff94
0f42
0d4f
008f
ffe2
143d
0e13
fd66
0b9e
f2d6
f1da
0714
fc55
14af
ff02
0f17
ed5a
0188
09a4
0448
0e4f
07ba
f0c7
fefc
f1ba
02f4
0198
f486
0654
06d4
fc5f
fae4
07ed
fa8d
0e8c
073f
e6b7
fda1
fc1d
089b
fae0
0028
2153
f75d
f6a5
0a01
01a0
fa48
f6a8
073d
f864
147d
f59b
0f06
0f43
fd3b
104e
f9bf
01ab
0493
0f6d
002a
05d8
08e1
2777
06c8
0d3f
f5bc
0295
0c49
006d
f809
fbf3
feed
ed93
fea6
0a61
f476
fefc
fb3a
0614
01ba
04b5
fc6e
f6f7
09dc
134e
00e6
0a4d
ff84
fd2f
02b1
f99f
f30a
fe82
f91c
f87f
ef78
0559
ef3d
089c
fc39
0014
faf3
fb17
037e
fde8
f203
f94f
0143
0473
f657
075d
029b
f173
03ac
00b9
f845
fc8a
f30b
0568
f852
fb70
f467
0cac
0307
0aa1
0252
feb2
f9dd
ef85
f5ef
f45f
0a08
00df
fbd9
0f5c
01b3
02eb
f260
02ef
04eb
0ab5
f953
fd63
ff42
02a4
0586
f760
05f7
1055
04fc
01d4
0593
11ef
fa22
fc79
02b9
028f
fae0
f8f0
0df2
0342
0766
05eb
11b7
fbc8
02a3
fdc1
00e8
001a
06e3
05a2
f899
f59e
feb9
0708
feb5
fb26
f9ac
0139
f873
eeec
0065
1ce4
0be3
f550
f377
0e8f
fd68
0c0b
020d
0032
014e
fa3b
fc1d
fb5e
0c40
0b32
f575
030b
fa25
0158
0129
fdcb
f5cb
e4e0
0b15
f3cd
f606
067f
0427
fc04
fa2f
f3f6
f482
f22c
1200
f0a9
f92e
f7f1
fa71
fa19
f793
f05e
08d4
feac
07fd
f341
e3e0
f55d
06b1
eeb0
f9ce
f3ba
17b9
f879
f9a9
f4d7
02b9
f86c
fb02
131f
f084
fe71
f5fe
fdc1
f3f8
ff4f
f7b9
f2ff
025a
fb3b
f63a
0201
f0b7
0229
fc05
ffeb
0475
f379
fde7
ec11
00b7
1298
f52c
039a
fb60
05f6
efbc
fd2b
ee6e
ff0e
fa03
02dc
fc26
f89d
f934
026d
00a3
024d
031b
0472
0a38
ffc9
f64f
11dc
003a
fd02
07d3
ef62
feba
1da8
f763
0a69
0979
035c
0375
f095
065d
0a4a
f564
0237
0268
fb02
0677
0610
fa64
fc6b
08b3
f769
fc04
fce8
f83e
ff3b
f8f9
ff6f
f96b
fa6f
000e
e9cb
fe23
fd7c
fd37
f350
fa51
0a34
09d5
ff06
0397
0417
0469
f86a
0e2f
fe17
0abd
feee
fcb1
0425
f9e6
fcff
001e
0775
f9a0
fa81
045d
ff10
045a
00e1
f7cd
049a
ffa3
f254
01ec
fc1f
05c2
e8e1
fec1
04ea
01d4
023b
fc02
0288
0602
0634
02d9
fc06
0121
fdef
f7a9
0378
06da
f9b5
015c
fd8a
03a2
fabd
fd29
02ab
04d7
fb8f
075a
fb75
00db
fb61
011f
0286
f971
0968
fd2d
0667
009d
00ed
ff13
fce7
00a7
fee6
0189
fca7
03ba
ffc1
0080
fcd3
00eb
028f
0466
ea9f
fc21
f92c
ffac
f887
fd8e
fd5b
f97f
0eb1
fc15
07c3
03eb
03a5
07f0
167b
f8f8
feab
0d1b
f6f0
0062
fc21
054c
0f1e
fdaa
fde0
f646
0393
0c7a
f21d
0bdd
fe92
fa23
0924
02f4
f58a
ea76
083f
fa9f
fb91
00ff
fe53
f79f
f6ea
fdaa
fe03
f663
05d8
f8ab
1474
0b00
0d32
ef13
f3eb
fa9f
1bdb
0299
0ef7
10db
0425
04c1
0cbc
0575
0027
0be8
16da
fff8
f73e
043b
0a59
e027
0c0e
fd74
013a
0adf
fecc
e592
09da
f3ab
fccb
f391
f83a
ffa3
e5d2
03b3
16a7
eb6d
033c
ff92
f406
07c2
fb95
f85b
17d4
f6b6
fcce
0b37
0ca6
0978
f199
fe35
0ac9
eeb5
f565
0352
0438
0220
0f90
f4a1
fa68
fce1
fed5
0697
f759
f715
08ff
ff0c
f0f0
ef01
033c
fdb0
fe38
fb32
016a
ff2f
fb82
fe6f
fa66
0037
fd6c
02b1
0031
0714
046a
026d
f0d5
f54b
f831
0cca
fd7d
029d
fed9
0206
fe93
13e9
00f9
fe18
035e
0b48
00af
09fd
14c9
0cc5
fa85
ff02
0215
03d5
f33d
f728
08c8
05a5
083b
1036
056b
0a8a
0444
074e
fb2b
0d38
fc6b
f58b
fffb
faba
f24b
fda3
038a
fa1b
0504
eacd
00c9
e9f9
023d
fb2a
f59f
07ea
10c2
0572
f9c5
015d
f85e
0055
1632
fbce
0134
ef66
fb19
f7ff
ecd6
f9bc
fb6a
09da
fa94
0f6b
fef1
f4bc
ff8c
f3f2
fa5f
1056
fcc3
067e
00ab
06a5
fc1f
ebf4
0cb0
0d43
fd68
f994
f5c6
fc7d
ffc1
fd0a
021f
055e
f639
fa30
0213
fbc5
f3cf
0752
f85d
fec2
f96d
f879
132f
03d2
f736
f786
03ed
03c9
ebac
1c66
023c
0128
f6e4
f8d2
fa72
fcd8
038f
0861
fad8
0603
fcc9
07f8
f4c3
f6cb
086c
053c
0302
02eb
fed0
ff78
057a
fe95
0663
0a66
0976
eddd
0b58
f92a
034e
0ae0
1634
fab7
06e8
fb47
05c4
0feb
0586
0e99
0344
f385
1165
fce5
f50b
ee57
fba7
1d22
1214
08e5
0dad
0e40
11a7
f08a
fef2
0619
0229
01f6
0476
fe3e
fb1b
f9bb
114c
0488
f339
0f93
f38a
fd5a
fda6
0299
0d9b
fe68
0919
032d
02a8
f4b9
fddf
0a7a
f531
fa25
ef1d
f758
e558
e043
f44d
e54d
fd6e
ef6b
ed6f
e7a3
fc05
f371
f36b
f3dd
cdb9
d9d3
f385
e552
f0d2
e51f
06a1
db6b
f82e
e334
1bd9
ee7e
e0a7
eab5
1234
fcee
e7ac
0387
f47c
07ec
0504
e40a
070f
0446
e8ce
f236
ebf4
0550
10b1
2384
0067
f23b
13da
f516
dba1
f531
dba5
05cc
ec9c
fa99
019f
d312
d831
d4dd
0d92
ecde
d53a
f492
d916
f9ec
4861
4d20
6438
3fe9
4ca7
3cf2
2a1d
4a95
3235
412d
3bce
3986
3e96
3800
5b6a
55f3
35b3
46d9
3ddd
475b
2d8d
4c77
4f86
3c99
19ba
3738
4147
3bb1
3520
1a78
46b0
2a97
382d
2c4c
3a56
57f1
30b0
3a6e
4823
2b1f
413e
232e
2fec
4285
2ff9
445c
4b13
3d00
483a
400c
4a2a
2e97
4504
3be3
32c1
5b10
3f53
505a
1546
3b3b
3b85
52a9
5a99
37db
fb6c
0081
f89b
0135
fad4
020c
f745
032d
1697
ff57
031c
fa2c
fdfc
f5a3
0451
0706
071e
05b8
0054
f658
1121
0bbf
fc65
1195
fbac
05ab
fac7
00c9
f649
1687
f7de
f096
f746
030c
f84c
07b1
f9f7
fe95
01b1
fd49
eb52
fe61
04cc
e83c
ee11
0343
e1dc
fc25
0173
fd8f
f75d
eb50
004d
f93c
0962
fa12
f0c5
05da
fdea
fe99
f370
fbac
0233
0197
fc85
09f4
18d5
f28c
0828
f813
f7dd
fe94
ff54
f150
00ea
fb6a
02ac
f700
013c
fa93
08d3
050c
fb61
01e6
ff53
001d
04a2
0157
0f90
f143
faeb
f9b3
0575
0aaf
f91d
1487
f975
0224
0b6a
0f2c
fdb4
0069
e9a6
fc6c
0a9e
051b
009f
1899
ffc3
06a2
1744
0acb
04b6
042b
f36a
0c34
ead9
ffd4
0e18
0ebd
fec8
0f69
07ce
f793
fc74
0596
0661
03d5
fb15
fe40
f7fd
fa24
f8fa
fb02
0a19
02e8
06eb
f7b9
04b1
01f4
faa1
fb4c
017c
01e9
024d
feb8
fd55
fd2a
041c
f2ae
fbee
0bf3
f829
0c38
0d85
1253
08fe
088c
feb5
fb1f
0d61
097b
0613
0169
f852
f989
177e
00e1
037b
fd31
0341
f1ac
08f1
03e8
0a1d
0039
f50d
04cb
0755
fe01
0c70
ff83
05de
04ea
00b9
0b3c
08bb
feca
058a
14c3
0757
0699
0001
0216
0520
0c7a
081e
f1b6
fccf
fc95
05da
146a
08ef
00e3
0949
f937
0381
08f2
fefa
f7c2
fcf1
f56e
fd4a
f73d
fc43
fa9a
0184
f383
0a43
fbcf
0618
f53f
0084
feff
fe13
fe80
fb96
03d0
fe96
f3ae
0b4e
f345
0515
049f
f7fc
0b3a
09f2
fb7f
f97d
fdff
fddd
f882
015e
06c9
f83f
ed42
f29d
ffb8
02d6
f089
0b02
fd4d
fd85
0ef7
fadb
f4fb
fd14
01b6
f8fa
fa12
f998
055f
ffaa
04d9
fdbb
0543
00c6
06a8
06cb
fc82
f83c
f6bf
fb38
fbd4
faa9
fca5
fe98
fce3
f9d7
007f
fc14
fbad
fe7c
fc8e
fedf
fed3
066e
00ca
01d5
fcbe
fd15
ffa9
f905
0405
0033
0546
fd47
00dc
000d
0018
fb4b
fe1c
fd5a
06cf
fe05
0730
0879
0001
ffd6
0720
fdb0
00a8
fc87
fc45
0831
006b
06e1
065f
02c4
01d7
f116
087d
0b61
0d95
0ae2
f98d
1b5a
15cb
0b0e
21b3
fe31
0653
02c0
ff82
fe0d
ed1e
ffc1
03d7
0c7e
f474
fa95
f49f
f6b7
faeb
fe1c
fc2b
0c93
05a0
f848
fa28
0e43
019f
0bec
08a3
f3b6
11cc
136b
f61c
0e65
21cb
0b28
0da3
f61e
fd43
fba2
0995
ff73
0840
05f3
fc0b
f25c
0341
06cf
f506
fc5d
0eea
efa4
0803
ff7f
09c4
098c
0da8
f3b8
e113
0277
0c2e
1706
027c
0a3d
0e95
fa67
17cb
0b23
05ca
06ef
0fb2
089a
0e35
05cd
0142
f1c2
ffa7
085c
0bbd
06c9
085f
0be1
0de7
075b
0268
0e28
125a
0d45
01b9
042c
f5f9
0e47
11d9
fcb4
0856
100d
ff21
0d94
f619
01d2
0a7d
fb0b
085f
1521
0d9c
020f
079d
12c7
0864
06e1
f8e4
fa89
20c1
18f1
094d
02de
05ac
1473
0aa5
0e5d
f2a2
0afd
0596
fa62
ec55
f34c
f629
f8d5
efe9
0855
0b3a
fdf3
fd14
fbd0
01af
fc0b
f3c6
011a
fbdc
f966
f817
02c3
02c4
feb7
06ce
f680
f6a8
0cf2
f5a1
f2e6
f263
f940
eec3
033a
eb0f
f477
f181
ff9b
0574
0052
0d92
fed8
fe27
f7ac
f8df
03a4
fe30
e72d
0276
fcb7
0014
e861
e8de
fe28
007c
023e
0fa8
fd50
fb22
fc56
064e
0080
f943
fee1
f8e9
edd0
fe79
0916
fbc5
ff79
fcc7
fca6
fd69
fc2f
f9e4
f8ba
017d
0a38
04ca
0163
ffc1
0334
0347
0e49
fabf
0518
fdda
fef8
0335
fe81
0839
ffb2
01dc
ef28
feee
fca7
fc6a
023e
feba
f68f
02e7
0819
fcd0
fb38
fb7b
fbcc
f89f
f0d2
0211
0109
fd54
0113
0118
fe66
039a
054f
ffcf
00e4
104b
04e9
066e
035c
0007
0388
fa57
05d3
f79c
0060
0611
01f0
f717
fbe4
f5fb
00f0
f929
06d2
f154
eceb
f814
fa87
013d
fb8f
0ad2
0c02
f919
07ee
020e
0834
fd0e
fe55
05d7
0725
fead
f6e4
00d2
05e7
06c4
00f9
044f
feaa
f7c7
f47f
f0b4
f986
fe69
0612
07e3
eeb2
0508
0316
07e5
fa34
fe4d
fb0e
0563
e9e8
025a
0260
0218
fd70
fcf1
005a
ec65
fedd
1236
fa61
ff27
08a9
f1e6
027b
fa16
0c94
06c0
fd79
f88a
136d
0b33
1078
08d0
0f1c
1094
f2e7
0589
026b
0cef
0cc0
ffe9
1149
0756
15d9
109c
fc02
08aa
fdf4
fefd
06ed
0cee
11ba
0f28
0885
0640
0cff
0dc7
0fb4
247c
0e29
1a2a
0bee
1d05
0219
fcd1
0d8b
05bb
009c
086b
fd0a
023a
08dc
03cf
15bf
0271
0aab
033f
0603
1451
ee88
fbf5
02cf
163d
162d
0bff
02b8
f0e3
001b
15a4
08da
fdcc
10ef
0c06
f9c8
fd7c
f570
0487
f5e6
f138
15d2
091a
0493
febe
f93c
f39a
f44b
0307
0b6b
f154
0106
0070
fb5f
0542
fbe1
061f
fcc6
fd40
f381
f61e
ff23
e74c
f8b0
e813
faf6
0dd9
0d96
f185
faed
0672
0493
f9bb
f696
01a0
12b3
f272
0567
f723
fab9
f6b2
fa03
09c9
e61a
f04a
fe52
19f7
fea4
0eda
f898
f6fc
f20c
0f25
fa61
fefd
fb2a
f576
f9c7
0161
f86c
0d44
ff67
050c
00fc
013f
0556
0596
febc
fd96
051b
f65e
fce0
05ed
03ab
fd0a
0325
02b6
0c9a
0819
fb2c
0637
0d0d
026f
029c
04e6
078e
fd98
024c
fa76
fa6c
fa1c
03ad
f652
f735
ffc8
0132
024a
0a6a
fd97
01d8
0311
fbea
0ec4
1191
fd53
0488
f42f
0344
00b2
f4db
fb6c
f5b2
fe30
fe66
01fa
03ec
05d3
02ff
074a
f774
f79a
06ad
02c9
fcfa
fe09
05e6
085b
0a2b
06bd
ec46
f07a
019a
0ce0
fe38
fd5b
0123
fadf
0157
0647
02c8
ef6d
0482
fb77
f960
0e65
061a
009e
fe95
0277
0371
fd47
0652
01af
fe1d
0a99
0b3d
0313
0add
f5f2
01ee
fb63
03ff
f926
f278
fe12
fc83
0109
f7f9
00cd
0883
fadb
fb12
fef9
f7eb
f620
f712
0dfc
f95f
fb50
ff82
e284
f1ad
0cc9
f804
022a
0d3f
fdaa
f633
fcc1
f337
ffd7
fc60
080a
ed02
f60d
0c81
f010
fb75
f217
f24c
0abe
0a88
ff28
0908
05ea
df2f
ffa1
fe42
000f
ed12
0383
0123
082c
ffe8
0ca3
fdcc
06f4
f72e
f387
1264
f489
f9f2
ffa5
0336
f972
0098
0861
05c9
fd67
fd4f
1745
0415
0001
13c6
0b31
0198
05ff
0a35
0c3a
18f8
fd74
f9b1
fc39
020a
0b91
10bd
f25f
f711
140c
fb86
0333
fcc6
f7ee
03ed
fe71
fc50
ff27
edcf
0b39
fef3
fda5
ff2e
fcab
02b3
fbe8
03ae
fe53
00a0
fdf3
e57e
01ce
056e
0392
0011
fe6f
fd1e
0199
0228
f1eb
00e8
f316
e49e
ed9e
f9f2
ef47
f774
00a6
ff26
fe77
04e4
ee39
fd35
0150
fc5f
1a69
035a
0394
fdf3
1569
ec93
f15f
0d29
0655
030f
f91b
fd9c
fdcb
f726
f5a4
fed2
0c5e
0853
1443
fea9
fee5
0b14
09c2
0666
ff4d
046b
f2af
fb61
fc88
fcf5
fff0
02d7
0026
f37f
0389
f435
03ac
fa2e
f997
1382
0211
0223
01f4
00a1
ffb7
019e
0730
f22f
fb27
fabb
06c1
0c0a
f3f1
06ba
fa65
f4c7
00f9
ffdf
013e
f541
0632
ff8f
08b4
079e
fc25
fd5e
01e4
fbce
068c
08e1
0440
0012
0971
040e
01b3
06a3
05f1
fc9e
01b9
00c9
085e
fe01
fe86
fe69
043e
12a6
e8c8
034a
f70c
f8c6
01af
0798
0776
0b0b
034d
fd65
0b81
0674
f04c
f6b1
04ba
0eab
0b7c
f847
feaf
0164
fe6a
0793
ff02
ffbc
f32b
fe46
f573
0355
e989
ea07
e65b
016e
fa32
f87b
0420
0893
f691
fc54
fd0b
f86d
00cc
0964
1454
fd38
06f3
f863
145e
060d
f4a3
fe69
1357
074b
f85c
fdbe
f688
ffa3
f8e5
ed97
0743
fd7f
0046
07b8
fc59
0942
0085
042d
f63d
00a9
0221
eb84
09dc
0421
0250
0736
0203
1484
0c6d
fa9a
0492
f405
0236
04dd
1658
ff33
0317
fbd4
fcbb
03a1
fc3a
f8a2
0671
fc8b
085c
03aa
f263
03b8
031e
076f
f7eb
ff00
0cec
094f
042b
f610
fc8c
13a1
01c5
0595
f89d
0428
0edc
095b
0114
0b6a
f295
00c1
0e75
01b1
094b
0cb9
efa5
07c9
04eb
012a
fec3
0b5f
ff5f
0c15
f1e9
ee10
0994
f2c3
ebd9
0e0e
f945
1159
fe5a
fb6d
fc49
f425
f88b
ebaf
f0d3
f3ec
0db2
f4a7
09af
fd2b
025b
01ed
f4f0
fe81
f6ac
fc6a
0161
003a
f497
f4ff
ff75
f97b
fee4
f051
0ee4
fe98
0342
fa54
f816
079b
ee7f
f755
0680
f1f0
0499
f876
0a4d
ffa0
fc59
0777
088a
f9da
0437
f8b7
0265
fc9d
139a
0a8c
049c
f5f8
f208
fb48
f3c0
fc2d
fe78
fa73
0a1e
f901
0646
0664
06b8
092f
ff96
f8b2
fd83
fd4e
fb12
f323
fb04
0e97
fde1
fe5c
fe65
05ea
fb7c
ff33
0924
fefa
0569
ffa3
02bb
0073
fd6e
fe19
06d0
031a
f772
fb5f
000e
02e7
01c5
0148
fb0b
0429
fba6
fe53
0895
fc2e
064c
045d
f22c
0987
f64b
011a
fddc
008d
f33a
0788
fdcb
fd9e
045f
fdba
f65a
02d3
ff61
028d
f06c
0300
0109
0887
fabe
0d2a
fbaa
ee98
ee15
f2cf
01fb
07a3
0571
0946
fd05
0b3c
07da
0539
0960
04ee
077c
033b
059a
0400
0586
f82c
07d3
016f
0e28
0258
0141
069d
02ab
f8c2
ed82
0287
fc9a
f582
0526
fe50
0c06
f8bf
0794
0502
0237
e5dd
0a27
0c2d
0e4f
0bad
fcf6
028d
f345
f10b
ffb5
f738
fbe3
0c20
e912
fb04
04bb
fa74
fe47
f479
faa1
f914
f514
fa3d
f567
00c9
fa07
eeb9
fec5
f423
0f99
f42c
f6bf
0dce
025d
ff27
fee8
fb43
f84f
04ee
03c4
093c
fb4b
0762
0e79
ff03
fb55
036f
fa3e
fddc
faa1
f231
fa89
0b3c
01a8
ff81
f6d0
f33b
ff75
f7ad
0189
fd54
096b
0db2
f975
0190
fa05
f7f0
f97a
e7fd
0152
0509
f398
0275
fa4c
058e
fbae
f28c
eda3
fbe0
02b4
0723
074e
fe53
fed4
04cf
0bd0
00d4
01c0
083d
023e
fa76
0a96
0fcc
11d0
f5f2
061b
f905
1a99
0ed0
0af7
fc57
fd59
05ad
ff23
f8b6
f01c
f59c
f746
fcfd
0105
02b8
09ac
04b1
febd
fe4f
05e8
040e
0f4d
f84a
f7ad
0450
00a1
0030
0ca7
fbe8
0260
0a95
01e1
0a84
fa72
0709
05d2
040c
061a
00ee
ef99
0527
0bda
0671
fe0e
01ce
f261
1198
f736
ffd0
fa03
feb7
fc9b
f7bd
f685
fff3
f7cf
f87a
03bd
fb38
fd08
0d54
00ae
0339
febb
0112
f433
06ef
00b7
fb69
0462
fa02
fec0
f99d
0509
f7e9
0233
f77e
fe73
06f3
03d1
00e0
03f9
fae7
0822
03ae
faeb
04a7
01c7
025d
fc7c
00f3
0269
03fa
f8a9
f58b
0381
ff09
0099
0a24
fc2c
0635
fe8c
070a
021c
ff06
0fed
f89c
fba8
08a2
f3bf
015c
0444
0261
fcbe
fe8b
055c
0194
0da7
0202
03a4
0630
0073
feb3
078e
fff9
0dc5
fa29
f3a9
fec1
2874
fd8f
05ee
f288
fca1
0b48
efc2
f797
0336
f73b
071a
f97e
0101
07f5
fc37
fafa
00ab
14e3
0a1e
0cce
ed43
f95a
01ca
fe59
f561
0814
06c3
0733
0003
fbb9
f160
f7b5
f835
00d0
fc3a
0676
fbd9
ffca
f870
e783
fd05
04c6
fe49
0124
f964
080d
06a3
02f1
02dc
f955
f57b
f37c
f4dd
10be
ea72
d80c
0316
ef47
02d2
eeb2
e0c9
f104
ed91
f482
0b51
0711
eae9
f8f4
feb8
f48d
0cdb
ee04
fcd0
fec3
007e
fe85
f8e8
ea94
f143
07f8
fb6b
feab
11f6
0cb1
f6b4
f796
0380
ff0a
f1d3
e36b
170f
0b64
f076
fe98
fee2
f4d1
f71d
f4df
f369
fd12
efb3
f423
028c
f3d4
fcad
ff94
eee0
f22d
f1cf
ec12
f582
081d
0bd6
f254
f84b
015b
0eef
0e35
022e
fc4a
095c
f000
f991
00a0
01ce
f20b
0c3b
0713
051a
2110
023e
ee87
10c9
fc33
21cc
fc88
f0bc
f57c
fe5e
0562
065f
fc78
0d59
0913
0647
0046
08a4
fc63
0882
fbcc
058f
1954
0ad8
108c
0726
0468
09ac
076f
fdcf
0501
0276
0690
020f
fc20
07f0
0d54
f8e6
fdb8
fef3
fddb
07d0
f98b
feed
fc7b
08d5
0cb4
fd4c
0f9d
eede
f4b9
fd6d
0586
f118
0318
008d
efe1
f826
0d50
f388
f911
0aba
0515
07af
17e2
f870
0678
0bf1
05ca
f3bf
e794
f238
01fc
03bf
f273
0e88
08c9
021e
05e8
fb52
feee
0329
ef58
0269
02ac
f917
0897
030a
eafc
16bb
e7a6
fd68
f7d4
03f9
f93a
090e
ff1d
09c7
0c0c
f7d2
ffd4
0db8
00da
1eab
fccd
00fc
f056
0fc1
085a
0063
f4a7
fc76
fb60
072a
0da5
036b
f8b3
e847
f44b
fb5e
fb0c
f312
e32f
e702
f0d7
edc0
059b
168d
e471
06e2
fbb9
04cc
ffc1
eeb2
d8af
06b4
0e29
01e9
042a
0ac9
0798
0d6c
04f6
edce
0960
22a1
fd22
f699
fe95
eed9
0d15
091c
f125
048d
fef0
063a
fd04
f8ac
f5f8
02fb
0521
ff00
0844
05f1
0471
05bd
f1cb
f63f
fe85
fc9b
fdef
043c
ffc0
0029
13c0
01cb
0905
e70f
0367
fd87
f500
fda5
0230
099b
fee2
fb63
05d9
f9d4
00fb
ff5c
fe96
f896
0713
0891
02f8
05cc
f663
04df
feca
07f6
01dc
079d
0444
faed
02bc
fb8f
0005
0946
021b
fc3a
fa01
09c7
0497
f952
096c
0740
0118
f77c
fb1f
f312
002d
f7c3
0659
ff6b
098d
fe43
facb
f679
f54b
fc3e
f2f6
0945
fa83
fdbb
fc9c
f7fe
1588
fd72
f0e9
02ab
ff58
02b2
f971
f8be
f549
f296
fa28
09f3
eec0
ec53
0296
ef50
00f7
038d
f9f7
03bc
f833
fbda
2609
0a31
f0d3
fb22
039b
ff24
0005
04ae
01cb
f79c
02c3
0b19
0591
064f
063d
0bea
00f7
0331
f708
0587
0dbf
f3ee
fc2f
028e
fe92
008f
fd4d
fae5
f939
f34a
0240
fd8e
f9e0
ff74
f8b6
032a
00d6
048d
fe73
021b
0508
0bb3
0e8e
0423
ffb9
131a
fe08
ff94
0601
fd36
00bf
f7d7
0087
f6a4
f9fc
04e9
f5f2
03ad
fab8
084b
ff77
0057
044f
0560
f093
0239
124c
0291
05a2
01dc
0a74
002f
0409
0944
00fa
055b
0563
0307
0190
fc43
fade
0536
013a
fa4a
0924
f62c
01d8
ffd0
f9c6
015a
fc9f
f386
003c
fbc8
fa5d
ff24
0494
fb1a
0454
0065
ff01
fde6
10b5
f579
fe70
066b
f8d0
0743
0049
f89a
fb0e
1308
0a14
fa2f
0dde
0739
f952
fb9c
ea57
ef6f
f8e4
fae7
00a6
0783
ff5a
faa4
01ed
fc52
0ff5
fdb3
f917
059b
0e66
fe86
00d2
04f3
0b33
f820
03ba
fbea
feda
09f5
fdcd
021e
0155
0908
fe73
0240
08f5
fbf7
0260
fb43
faed
fc4e
04da
0726
1476
e74c
072e
0a30
0159
0771
025c
f4f1
02da
017a
07da
00a7
0534
f98f
0698
fb03
0160
ffe4
f84a
ff43
de9a
049a
f354
072d
0783
0014
0122
0929
0b80
f4ca
fd77
fb5d
07cc
084c
f7a2
05f8
fad4
03df
f28c
fb1c
f58e
0ea6
fa86
f459
0750
f2c3
100d
00a5
fd20
fa9a
f233
fa3d
0965
f435
f2ed
f821
026c
f26f
05dd
effa
f167
fed1
fc27
00bd
e4cc
02ad
fbff
e242
04ef
f6d2
07b5
ef2e
f395
000d
fa05
0799
0778
0280
0086
f0b3
f1f0
fc4a
0388
fa51
03ff
f8ae
017a
0cbe
f7c1
0361
fab0
1fe6
05a0
0235
05f9
0863
02de
f6c1
1211
006e
fe18
ffb8
f91a
f2a2
078b
f498
02c1
ffcb
198c
0957
0de4
02f0
fffb
0272
0564
022a
e877
0f74
006e
0f76
fd60
04a7
ff08
00c3
0550
005f
f563
0665
f975
f5e8
037e
0294
fc58
0b06
f9d3
fde1
1292
00ee
065a
f547
ffc3
0644
f6f1
03b7
f66b
01dd
f43b
0c3d
0f5a
fc20
05ac
ff8b
195c
f5bf
00aa
fa5d
f941
f6bb
fe7f
0a7e
ff3a
0384
08d3
f894
fd05
f6f0
f0bb
06da
f2f4
0500
f5d5
0154
0546
faf1
04cd
01ef
02cf
0508
1a16
0a5c
001c
f568
171a
f49f
05a2
fb38
f719
f807
f5fd
0472
04d6
0927
092e
02a0
04e7
1407
04f4
006a
0366
f95d
18ee
ffde
02db
0671
fcaa
08f4
fe12
f95c
046f
085a
06b2
fbb0
009f
fbb6
0716
0bda
f597
0460
fc30
16bb
fc03
f597
fd5d
0476
0e98
fc4d
10e8
f695
0471
0260
fb13
02dd
0e82
e6a2
05b0
fc52
09e6
0283
1067
eab8
f4d8
03ef
e2f8
fd88
f30e
04e8
f55a
0eb6
fa90
080f
fc45
f2fc
0d17
0045
0dc8
1748
f329
f22a
fe39
fa44
f4d3
0cb4
019d
fd96
fe41
fd2c
064e
f5cb
10ee
0497
fd63
0f6d
feeb
f370
e599
0d85
0569
03b3
136d
0d79
11e4
fb27
f336
f219
f9fb
1111
03a2
0288
06a5
0485
0816
02e6
e83d
0c7c
f75e
0f4c
fc7f
028f
0054
f790
0216
f65a
f2d3
0406
0369
fd6f
03fa
0e94
f92a
faed
fa10
f97e
ff66
0dca
f63c
00e1
fb9c
05b3
070d
0c02
f560
fdff
0407
fd83
08f5
ff06
035b
fd0f
ef60
0446
0996
09f6
fc82
f009
fb1b
0d87
fe04
f103
02ac
eeaf
058b
f4f1
f30e
064b
fbc0
f6d2
15e4
06f4
0309
0341
f833
0897
0422
f82e
fb39
efe5
02c7
fc2e
0025
0cb2
090d
09b0
ef6f
0231
facf
05e3
012d
f34a
f67f
ee2d
0255
04d5
01b8
0529
f9c1
0a20
ffb1
0037
043a
04f4
0ab5
f408
099f
fc34
f2e3
f7f3
055f
fc99
fd34
fe52
020a
0485
0aad
f5ee
008b
f5ff
fe27
0bcf
0441
fefc
f93f
ed06
0f39
fc02
ff56
fe14
fe5c
033a
fc5c
00c9
0347
0680
049c
ffb4
029d
f98f
051c
fc64
f888
02db
14da
fbf3
fe2c
0d6a
fbd6
fcd1
030d
05a6
f8a0
04cc
0de5
08b8
fbb5
0267
fb18
fe47
fea5
04af
0156
faef
07e3
fad7
05c2
055b
0761
fd71
ff6a
fba7
0c70
f2cb
02e6
fd05
fc4c
febd
fdde
0017
fedd
fb31
04d1
08a9
05e4
fa4a
000f
f408
00cd
ead5
0801
f41a
f6ee
1270
0873
044b
0a89
05bd
ef64
f3c7
f629
0b91
0c08
0bbc
0643
ff43
09ae
1457
06e1
fbe5
03cc
07d9
1b2f
008c
0c04
0408
f561
0e1b
eb4a
fe00
0fbe
f9bb
023c
f6e9
f69c
f84a
fd00
00db
f5c0
07c0
f703
fcb8
f77a
0152
02a7
fa09
019b
f76e
0990
f36e
13e8
033c
0681
ec29
fec7
fed7
fa9a
09d3
0d34
e948
f802
1118
fbe8
05dd
0a2b
fcee
016d
fc07
f32d
02dc
fe29
0bf5
093b
19e7
ff44
ea8f
f9e9
fe4a
0b7c
faa5
f2fd
04cf
f91f
fd64
0b16
f678
f26c
fb30
f0b4
ed51
ff28
00e8
fd48
f07a
f18e
e7bd
f3f1
f211
00de
fc85
f3c9
1457
efd4
fac4
f899
fc85
0098
fc76
fbe6
0305
ea88
0268
fabe
ea01
0093
f401
0f84
001c
f474
0403
0601
fad7
02ed
fca1
f5d5
e8d2
f29a
eed2
05c2
0680
05c4
0490
0c98
f993
0ba9
05c6
10d9
0476
0ffc
0172
f940
0465
0040
00ff
fcb7
0e0f
04ee
0836
0ee0
02aa
f835
f8be
f9b5
f7cb
027b
fa1b
fc88
0ebc
00d7
00a9
0834
f9c7
f93a
0a16
05ac
0487
fdcf
0104
fdfd
1073
00e4
fdea
fa5c
f395
0231
046c
0529
e41a
0d48
0992
026d
03a1
ff2d
0647
06f5
0677
fd0d
0a36
1552
fffe
fa03
f9a9
0732
064d
ee13
0227
02ff
feb5
0198
fca2
002f
f89e
07cf
ff88
fb20
0622
1d18
faaa
016c
eb83
0624
fb85
f2e5
f45a
0121
0b99
eb8f
048b
f389
0222
f578
f7ba
0734
fd10
fe75
0daf
fd6b
0519
050f
facc
f930
0c7c
fcd8
ff1d
f8c6
f134
fb51
fefb
098f
0a94
fa8c
142d
fa56
0728
fee9
0680
035c
08cb
e9b6
f5f9
f656
0900
011c
f8a5
0a8e
ff9b
fede
fc68
f29f
fa2b
ef48
fba4
0991
fd10
188f
0981
069b
0762
fd21
03ab
099b
1213
07f7
080d
0674
04f8
0505
09d0
f4f3
f954
f172
f8a4
f317
004a
0b44
fd77
f327
0d18
1125
fbec
fa81
fb83
040d
0caf
062c
108d
00ff
117c
12ea
ff54
fbe2
fcea
0fe4
09ae
fcc0
f7f4
f738
0a3c
080e
089f
0204
043c
06c4
096c
f92e
15c7
0a12
fd16
0529
fc92
f9e9
f9dc
0e54
ff08
f4a9
1441
18c2
ff06
ead6
08ca
fb5e
0456
eeaf
ee0d
fe5b
03dd
e757
f12f
1125
030c
0da8
dd08
06ba
0bd6
0660
faf0
fdc6
ff26
0c3c
ffab
ff0d
02bf
0c86
f956
0af4
0631
fa37
ea52
ea8d
f9e5
ee06
f7e0
ec3a
f989
eea0
09c6
0453
0b80
f98d
04f2
0f58
fc6d
f87a
f5b1
f66b
05ec
f731
04ae
f5ea
dbe1
e92c
0e85
0204
f6e7
0952
fb7c
f548
06f8
f85a
fea5
fa79
fd9c
04b6
11cb
04ab
ee26
f096
fc50
fda2
078e
0012
fee3
0356
fc52
fd14
05da
fc14
0683
ff4f
04fe
f091
094b
0b2d
00f7
feaa
ef82
030f
f8eb
f9e0
f03b
f706
08f4
0a1c
1015
f606
0180
09b7
0a5e
0797
0385
fe34
006e
0177
f771
fd06
f8ad
0b0f
00e6
0063
f948
0550
feca
f768
01dd
069d
10a7
0816
fa69
fcfc
1338
09c6
091d
fbed
0114
05d2
ffe8
fe10
089b
ed1b
0532
f58c
0514
fbda
0fe4
0066
f418
07a7
0479
0289
f712
0383
03b1
114c
03bd
f94c
0cc2
0423
04fc
f88a
01a0
f9fc
f11a
0225
0353
0aeb
0224
fbd6
0b41
f945
f8ad
fbef
ff76
f44a
f288
0a16
02d3
03a8
fcef
fdfe
fab4
0328
05cc
0f68
0c6f
f635
f976
fa9f
05a6
fa82
11d7
faa5
f06c
f8a7
f16b
17dc
fbc0
0a0d
fa01
f19e
0e1e
e77b
fa45
f824
eb03
0131
f5d7
f6fb
0269
093c
045e
0bda
02c4
00e9
02dd
1574
095f
0cd0
0195
fe5d
1289
00cc
00df
046e
ff6d
0f19
f10e
f905
037c
098f
f646
faa4
0b14
0003
fb5e
e3af
fe00
f874
0308
0af9
feda
070f
ef80
fe9f
fb35
1a00
ef78
0335
0c90
fb4a
0b69
fe14
eef0
ffce
22dc
0a87
0299
f312
0f51
00fa
0665
088d
1a4f
2f33
f7e8
13f9
f93e
f670
0879
1065
ff12
06d5
eec7
053b
11cf
efaf
05c6
12a4
fd0d
eecd
f61f
0bd2
072b
0054
1869
0057
f383
fd92
f622
ff26
048c
00d3
ff82
0cb5
0ad8
fbbc
06ed
0eb4
fa5b
03a6
ffe6
17ee
f76d
0cbc
020e
f722
e26e
0b50
f370
fc17
188f
14a2
fbd1
0493
0a0f
0dc4
0bbb
0447
e4e8
ebfe
0cf7
0f6d
f7dd
f159
f0cc
0a43
00e6
140d
fee3
ed4a
f4b3
fab6
06d5
0902
0016
02eb
0d89
f7f7
02b1
f899
067e
0152
ff48
f809
f24e
f7a8
01ca
ff51
076c
f61d
0248
0236
039e
f151
fffb
ead2
fedc
fe1d
f1d4
f9fe
f465
0bab
fc17
ef3e
037e
f186
ed21
05e6
f6d9
0cf7
f4be
0cd3
0513
fcf6
ed8e
0ae3
ff4d
16f5
0e94
04da
f144
f6f7
f9d4
0d65
01ed
083a
0422
fe3a
0a71
0847
0124
23ea
fe10
0319
08d4
0228
f9a2
0c24
fe3e
efb2
fc2c
faa2
19cb
0209
fa1b
fe97
0feb
045c
fed8
ed94
fcb3
1732
fad2
0528
fc6a
063c
01fc
fd53
0865
04ab
0101
f8f5
f6a1
fc8b
eddf
0564
fd89
0f76
0897
09e0
fb99
018f
fb68
f043
0b05
1c38
008e
f9a8
fac5
fce9
0371
0024
0aa1
0547
f14a
fb1a
fb05
03ea
03ed
fdc9
232b
f93e
f58f
0540
0f92
fb1f
03c6
1cb8
0f64
201b
054a
0253
03c7
ebd4
fc4f
f87c
fbf8
006d
0754
08f7
fbc7
03ca
ff52
f9b3
03b2
ee80
f17f
fb03
fd4d
fb85
f96c
eb4f
0fb8
0cd3
157d
0a3e
0ec7
2039
fd13
fe99
fb60
1efb
f23c
03c5
f570
0806
f99d
0428
e6a8
0814
03a0
f5ca
0faf
fe8e
0788
0179
fb04
0ee5
13d5
f1af
f7c1
f297
ea86
0dd5
edf6
0625
14a1
045a
fe1d
0e39
03a4
e9c9
081a
ef29
03f5
ffd1
01c4
ff1a
0f4a
eeb4
0c03
0052
1094
fb11
fd60
0b2b
0f19
0deb
fc18
f4a0
f617
04c5
02c7
0b8a
1741
11d7
ed65
0ba8
12e5
f802
f34b
f2f4
fd11
100c
f33a
ee94
f8f6
fc50
1098
ffbd
049e
0143
f7a1
0a6c
fe1a
fc28
f35f
fc1f
03d6
f9e9
0a56
0203
e109
f16e
0563
0320
f1ea
0d6f
11d3
0a48
fd56
00c6
f469
0358
f701
04cd
0c59
0497
fd92
0f76
fa4c
fd00
fe31
f859
07a0
f82e
09da
ffff
0c97
009f
0448
111a
05e0
0778
f7e4
f37e
fde1
fa2c
edd5
0df5
0459
0b4c
f7ee
0eae
0bba
0121
013c
fe54
0cc6
02be
084e
fe52
09d5
faa1
06fd
f102
0280
f118
f7c2
0ab4
0f54
0533
08aa
edec
0989
0506
1090
0d66
051e
0d8c
0087
f23a
09b0
fb91
fc28
f5d3
fccc
ffcb
0287
ff5c
fb16
03aa
fc75
f6e8
0a88
0265
0268
f96b
fa4a
0829
f950
0414
f702
0996
f835
0e5d
fee9
fe62
06ef
0008
fd82
f20e
087b
0790
f970
f7c2
02fe
0924
ffe4
ef16
fb1a
0892
efb7
fbf2
03f2
fb83
fd08
0f0f
f96a
0107
fc3a
fc0b
00a9
0408
0555
0158
059d
f6cf
fb22
f963
09d2
04ce
0439
f931
0aa6
fd07
fbed
0869
fcc0
1209
fba3
0298
f7de
db30
ea9f
0573
05d8
0416
0fd0
056c
f77e
03fa
0566
0fee
f0f6
f8f4
0890
0d9a
0dcb
12b0
035d
0c77
0801
0527
fac4
06cd
fd9f
07a9
ef9c
1699
ff9f
0add
fa6c
fc89
fd47
10bf
09a6
f0fe
ffe9
0caa
11df
09c9
0c72
ff58
1194
fba0
fde8
129d
f29e
1831
0917
0c92
0f64
01ff
f4d4
f521
0cbb
0f75
0714
ee07
054d
08bf
f042
09ca
04ad
0e39
fb0e
f903
002c
f2fc
f9a1
fb16
fc5a
0f6c
edd7
0e42
ef0c
f925
0576
f093
fe05
032f
0f0c
ec34
e989
00aa
f6da
f7b6
ff94
febf
ff5f
0899
fa9b
fd89
0a42
faef
0258
f349
04b0
fc71
0e3b
0087
f7fc
05ef
063e
f2ed
f6be
01b4
ff6d
fb2a
024f
fdc8
fdd9
f6c8
0774
067d
0bf3
f64e
f2a8
f612
0859
0334
022b
03bc
ec18
f869
09c7
ed2d
0993
fef9
08d6
05e0
00a7
0208
f6f8
044e
0a3e
fe26
01dc
021f
ea35
05c4
000d
ff67
086e
fa28
f5ec
de73
058c
efbb
0d8f
fa33
055e
0097
07d5
fd45
fbb0
f63c
f143
fd31
0428
ef54
00ba
0b5b
0425
fd75
fb53
0ec2
fb57
f7c6
fef2
08fb
fa70
fcde
e794
f020
02dd
0169
fe0a
ffd8
01ce
f77e
efe7
ff63
fcbe
f6fd
f0fb
fb83
088f
042d
f8ae
f7dc
f97d
fe63
0676
fe50
fcb4
00c0
0270
00bc
017b
0c90
00a0
0050
fe77
ff53
fd90
0efd
0372
ff13
09a6
10b6
0486
fbaf
0c06
072e
09eb
0132
f7f1
051c
04ff
04ad
0c7d
0c06
fc5e
fcd8
0464
02db
fe24
fa40
f837
f206
f5e0
07c9
fd07
1184
0b85
fce6
f272
0ab4
04c5
0161
fed0
ff4f
f877
fd69
0a00
0088
f685
016c
0713
f9d8
03dd
ed26
07e7
06da
034f
fc96
0728
fcb1
fdc8
fa34
e851
10f5
05e4
faa9
0270
0281
041b
074d
00e9
f7c4
00ae
0064
f7bd
05ef
0450
e782
11d8
fcda
fa15
fa62
1d14
039f
02e9
05dd
fe68
fe90
02da
fd73
f063
0aa0
0981
fd5d
0bca
025e
fe49
f1da
0287
18be
f4ed
f759
0914
f3f8
faef
f675
09a1
efd9
170c
fa05
f870
f987
01eb
03fb
fb7b
fda0
e951
001c
084c
ecbc
fd68
fd9b
f7be
08ba
f1af
1317
f908
f775
0a09
ff5b
02a1
f63d
03d7
f537
fb0d
079f
0166
f93f
feba
fb16
010c
f9f5
f7b9
feee
0592
fa7e
06cb
04b4
f8ba
f909
ff0c
0390
0354
0878
ff12
0222
01ef
fd65
0531
05e0
fd1d
08b8
fe64
0261
0922
fedb
0b5c
0243
0899
000e
f0ac
f6ab
faa3
faed
0ed7
fd61
fbf1
fc5b
01a1
f8cc
079b
fe69
09ba
fd00
fa90
0479
f88e
fc38
00b5
02e1
0166
fedc
056c
1449
f703
0030
08b0
fcf7
fd6a
f0df
0652
ffaa
0722
0669
0846
0c9d
04e1
0647
fe74
f4dd
036c
fc05
fecb
fce7
086b
fc57
04c7
06b6
f8b4
f99d
06e4
f96b
0afd
0913
0c15
02e9
01f0
ec98
f827
f4ed
159a
012c
0cc6
0b4b
ff2a
07d1
00d4
f77d
ff27
f493
080b
03d0
0ff8
ff14
f729
fc63
03a1
ee0b
fa32
f420
fc41
027a
feb3
fd77
0062
fc20
034f
002f
fd96
fbfd
ffe2
fdf4
035b
f8f9
f074
feab
040e
05ea
fb90
fbf0
fbb3
01e3
f0f5
fac9
0771
0567
024e
fa7f
f862
0be9
06b1
0735
0302
006b
0349
ff2d
02ba
0a67
0267
f990
fc01
f6bf
0226
0018
07a5
0774
fb91
f36f
015b
03b4
fbe2
02b1
f6e8
0753
ff7c
fdf6
0191
fc9e
03bd
02f7
071f
03b6
07b9
fdf6
fcd6
05fe
ffa9
039a
0673
f83c
fe9b
113f
f7ed
0291
f79c
f675
085d
0532
013c
0ed6
0189
fa12
0311
0a2d
faa2
089f
02ab
0262
ff73
0002
f880
ff8c
0bd2
f533
0e32
fb9e
f14f
fada
0d45
0475
05f6
1ecb
0fba
007f
ff36
f4f0
2058
f173
fc5a
0118
13ad
0d85
ec85
0138
f06d
ff10
0579
f954
0d9a
0778
09e3
02fa
017f
f436
fbed
ef98
02bb
db4e
fec6
0d58
e676
1125
fe22
f566
0652
eacd
039a
fc92
fd80
09e0
0060
fd0a
e6ed
f288
f101
fc81
fc83
f5fc
ff82
03eb
faab
0724
ef7d
fe6d
ef56
167b
fc1f
fc3e
f92c
f49f
f51c
f429
facd
fe93
fcd7
e76c
feee
f82c
fcf0
fba9
f5e7
0101
001b
ff33
0a50
06be
ff34
08d3
f155
02fc
0a4f
0a05
f503
001d
0c5a
0703
ef59
fe03
1237
0af2
10ae
08af
05c6
fb18
f46a
f6ed
00c0
0ac9
0223
0e8b
facd
08a3
189c
fc06
01ad
08d5
0245
ff67
fe3c
07bb
ff06
11f6
ff58
0cc0
02a3
0ea0
0d95
0c29
e281
ff9d
07ff
feed
f3ef
08e0
f1f0
052a
f3ab
e9df
0855
0bcd
08a0
058f
020a
f5a4
f117
ff4d
083f
0c3a
f1cc
10a0
05ce
fd8d
03bf
20a9
ece0
f9a2
046c
e633
0b4e
febb
0b01
fdac
f8fc
044e
e5e0
f03d
0008
ed6b
e739
00f8
111a
e5fe
062d
0f27
0d0d
02e6
f971
f7e3
fb9f
f417
03fd
005d
0566
f283
f018
e941
f6c0
dd79
00aa
016e
0529
0528
f5a6
ee7d
02f8
046b
fd56
0739
fc56
ec3b
0080
f17d
039f
f8f1
0996
0abe
0815
03d9
0084
ef8d
fce2
01f6
1490
059b
09aa
f986
00fb
e40b
1317
0a26
0952
f9b6
0958
f3f4
e928
f356
fb84
f641
064a
fcef
0c6c
15c3
0418
1be3
066c
efc2
04bc
0718
ffb4
f7eb
f87a
0706
05bd
fab8
f908
07cf
f3b9
fa24
f8b1
1742
f6f0
18e4
fbc7
00d3
f5da
006d
e0fa
03da
0a99
f486
f4d7
0e1b
fced
ff40
0a98
03e8
038d
eafd
06cd
0e5b
0d2d
f237
ffa5
06ad
0aff
0545
127d
19cd
06c5
0a52
fc4c
fbc1
0ed8
13ef
fdc2
f6c6
0d92
fa21
0831
0b08
f8d6
09c6
0285
0bff
fc9e
117f
070c
1034
0fc2
0049
010e
0a66
0132
0003
0386
f737
030a
0100
1015
fa84
ef2b
0c52
036b
f39c
0a36
0259
04e7
09d4
0a92
1521
077b
f6c3
024b
f9f6
05ba
12e8
08b0
fa6b
ffea
056b
fa54
1844
0505
0a32
0b9b
09b4
0047
f5e6
00f7
fd70
0755
fb63
0a63
0687
fbb2
fbf2
fdfb
f87b
0a08
08c4
f61c
f579
06bc
073d
fc0b
f3bc
f532
033e
f77d
03dc
0bff
f828
ffdc
ffd9
0220
f316
f441
fd68
f8d2
fdce
0691
fa84
fdf6
064d
0aaa
fcf1
fbf2
fb2f
ff2f
ffdd
f78f
fffe
f23c
00b1
fffe
fc54
f6bc
fddb
09f3
f139
0906
f0a4
ffa8
0f9f
ff2d
0aab
05ee
f422
fd4a
f35d
f399
fa46
fdc3
f61d
fb3e
052d
0138
fc52
05f9
f39a
fd87
ff69
f110
fc10
fe66
00fa
fc04
009e
fe7e
fee7
0d5e
1446
0cc5
0cc5
055a
0027
ff63
03f9
ff16
f83e
fff6
fea0
ffc2
11fc
00e6
fadd
fc23
07c5
fc65
0dc4
feed
fda2
0819
0c06
f81d
ff4b
fb3b
05f2
f849
fdde
012b
0b54
021b
f9b9
14c6
077b
fe6d
0252
0099
0a4a
0910
f2a2
fe22
f709
fe7a
0174
03a1
08e1
f402
f776
f315
0686
036b
09d6
faa5
043f
ff32
009d
fb62
0465
0346
1705
fbcf
04ba
0e2b
02db
ffff
f0af
f75d
0af4
025e
0886
11d7
0a8c
fe5c
fd47
104a
fcc1
facc
f927
056e
1356
02c9
ffbc
00dd
fa80
0218
016b
f534
fc30
f690
11aa
f4a0
0390
fc7d
03c6
fbf4
f9e8
0006
0453
fbbd
feeb
f9e7
00b5
0a90
064e
f596
fde0
0ce9
ff69
08e2
03b5
f8fd
0368
fd82
f2a9
0f27
0d64
f957
0015
ff90
111b
fabe
fcbe
fcb8
f0e6
f7ec
e609
fff6
faaf
f91e
f85c
e3ba
0c54
f558
eee0
f725
f01b
f58e
0382
f731
0285
0505
f56c
f578
fdad
f9cb
f5c7
f326
f452
0009
ffd6
fadb
f2d5
0316
fae5
fee6
ffa2
f8df
091b
ef8e
f82c
f74d
fef2
fab3
ee21
fa3a
ffd1
f2fa
0da5
0303
06e6
12d2
0d00
f8b6
064d
f681
f316
fa67
fee4
faac
fe0e
fa3e
00db
fecb
ea6e
fee0
fd66
fde2
01af
01ce
05cb
05b2
0866
0528
fc67
f816
e238
02e7
0147
fad5
0a01
ecd9
fbce
02d2
0696
00bc
f129
faa5
10d2
ff33
04b0
0845
021e
05ad
fc5d
ff4a
fe83
0a0e
fd5f
030a
fbcb
0c03
0698
01bc
fb3e
f01f
fcc8
f81d
02c1
ffe7
f860
084f
fad3
0284
0181
00c2
f936
066b
0830
ff33
f7f4
fae2
f626
0b8b
050b
f216
e721
0e69
fc59
110d
03a9
09fd
0318
036c
fc21
02f6
033a
018c
0697
ff2b
ff0e
ff28
0500
0564
f1d1
082f
f8b4
0603
fbb2
0055
0409
0973
fd67
fd59
0c80
008f
073a
08f8
0528
fd6b
ffc5
0173
fe2f
f8cc
067a
0054
005a
0810
0664
f155
01cb
f64b
ff13
fcec
fed3
f1be
fcd2
0697
f3f3
f682
0a86
0383
052b
0391
ff08
f77f
0604
02ce
05ad
0475
0483
ff64
00ad
fce9
f596
fb21
ffa5
01a1
10c1
036d
0284
0d65
fe83
ff23
faae
fb37
f367
fb6d
f170
ec30
0633
fdee
0237
f86b
f5e3
ffd0
075d
01f0
0755
0a56
0ae1
f914
fc10
0243
0327
f6c0
fc01
fbdc
fc9b
049c
003d
05fa
0e70
f72d
0204
017d
f0cc
08b5
0b3e
00ae
f73c
fd20
0acf
14ce
f323
0511
0c62
fe40
01cd
f36e
fdfc
0b62
00e7
05d0
f0e0
07ea
f767
fdff
fba0
f911
f172
053e
f8ac
0263
eec2
f4da
04b4
fb62
fcc5
ff6a
01b2
0267
048b
f92a
fb17
fda0
01e5
015a
ffee
fd92
0ccf
fa2a
0b6e
f7ca
fd3e
fc2a
0306
06a1
0658
fc8c
fd63
0ddb
00dc
055f
0843
0056
fb27
00a2
051b
0dcb
00b1
fd9d
f4f1
0b29
0e9a
087a
fb26
0225
0156
060d
23c0
f5d1
0cf4
04a8
103a
0792
ff9d
00c0
fc31
fe5d
faa5
0fa2
f75d
015c
f6b9
f621
014c
0034
f424
fbd1
02e6
02c0
f429
fda1
033b
fa9b
f925
fd59
fc2e
0207
f270
f708
1b59
02f0
ffd8
f658
f828
023d
f747
f690
0358
fc5a
0268
0245
00bb
007d
09ab
fb1e
0993
f9db
0595
f052
0400
f810
fa13
f729
0662
07b1
f964
fbdf
f7d7
00ac
06c9
f877
18e9
05cc
fb08
fd3c
f98f
fd9a
0226
f76e
0237
eb0a
ee15
040d
ed00
1252
fe54
fbcf
f577
0778
eedc
0e4d
fa2b
02e5
054e
0e5c
f7f1
00e3
fdd2
008f
0356
fb49
0095
fb8a
fdb2
01ea
00df
fd22
04d3
ffc1
0b3d
fba5
0142
0300
017d
ffac
0131
00c8
0652
fcbe
04b2
04d4
09d5
f9b8
fbe9
fae4
0747
0169
05dc
0077
ff09
024f
04c6
01a8
0564
f8e5
01fe
073d
feea
ffad
f98d
054b
f6ea
1223
fe15
058c
fc39
ff91
0627
0164
060e
ff1b
04c1
0161
0120
033c
0711
03bc
03ee
f6e8
0a68
fee8
025f
0109
fd84
fef5
086c
0083
ff8e
fc59
f4f6
fb79
0384
067b
f812
fbdf
02b3
fedc
f8f1
0863
ffae
01b9
f9b8
019e
11a3
0036
fad3
f5fa
0eca
ff9c
fe37
f8f6
f44d
038d
f267
f5b0
fdb7
f7ee
0c2f
f0d9
0fcd
f93d
1515
ff23
00cf
fd5a
0985
055f
fe40
edbe
f052
05ac
e6d6
f768
10dd
dfdc
fe82
f2f7
ed9a
f23e
e469
f6c8
fabf
0390
f229
f694
f1f1
f3a4
0aa9
fb20
01cb
ffb5
fe1a
081f
037b
113f
fb1d
f405
f648
fca7
f302
ef5e
f9f7
f81c
15b6
f7aa
f88e
0512
f69a
f27a
f858
1197
01e8
f848
01f0
ef24
0e95
fd05
fef1
f43d
f39b
1016
f5b3
ffe3
0493
ebc6
ffae
fab0
eb2e
fede
e9d4
e98f
eacc
02ae
fb42
01c0
f0b0
e230
02d5
0bfa
080e
f555
1229
0f7c
053a
057c
0642
0876
095f
0394
0a5a
f5d5
fb6f
0774
f819
01a1
0b7b
faab
03bf
06cd
028c
06a2
fe32
030b
f780
0626
0761
0330
fb92
e7a1
0bc2
02f9
ff74
febe
fbcf
e916
fcf4
f79b
0bd7
fc95
fc4f
fad4
fcd7
11da
07ba
03e4
fbf1
0226
f01d
faf7
edf8
e8b1
04e2
0e0c
0494
051d
10e2
011b
fdfb
02c9
0261
fda8
f73d
00c2
fc70
f452
f8a1
ffac
095b
036a
0323
0612
05be
f777
f879
f2b3
0667
f3ac
11b1
0a88
066b
f96b
166f
f9fd
1038
0234
faf5
01dd
076a
04e2
fc2c
021b
f47c
f80a
0d96
f41b
f856
057d
f3e7
06cd
03f9
ee50
0ce3
06ca
fe72
f842
01db
00a5
06a6
eb18
02d1
0542
ffa5
0472
fdb6
ef7c
10d7
033a
0d2b
ff1f
f048
0524
0893
f4f7
053d
ff68
04b0
09bf
0f12
01a4
146a
ff7e
ee17
fa87
f53b
0d2d
09d1
f675
062a
e375
fe91
11f0
0006
e1e8
fe3d
f83f
fbc8
1406
1298
0326
010c
050d
f255
0922
fa36
fa36
2127
eb1a
173e
0ede
f8d4
f6e0
f42f
f460
fbb5
03c9
fa81
0123
0812
f627
09c8
ff8e
0650
089e
07d2
03b7
040e
ef8f
008b
db61
f20b
0e96
f81b
f2c9
f918
00e3
f62d
fbbb
fd8b
019c
ee83
f790
ef76
ff6d
f532
f3c2
fa83
f41f
0ae0
f4f4
f7b1
05f9
f2e0
04bd
ffcf
f9b5
f55e
035e
f1be
0133
f323
02f2
f2b9
f127
f5fc
f409
f8c8
03b9
fe4f
f1b0
ee19
f4f0
f9f3
e342
07af
f97b
fb74
fec4
f1e8
f725
ffd7
051a
ffd1
fd3f
fa61
f7b0
fb6c
ff00
f812
031e
ff97
050d
061c
ef6f
fa35
0397
0a78
06f4
0ef4
f147
efdd
0ea3
ea72
05f4
0a36
f5ca
05b4
f659
0801
2131
f022
fa1b
04de
00e1
f658
fa1b
0449
f50c
faf3
0b08
f933
ffad
e200
fed0
0d2f
0e09
1108
0088
0206
0374
fae3
06a2
0043
13d7
f8a2
fa12
f6df
0175
018a
fd57
05e8
0175
f88a
f36f
0381
043c
fc8e
019b
016a
00a6
02f7
010d
fa33
0251
ff4e
023d
006b
f354
fafb
0724
fd4e
0645
f6f0
1447
00ab
2363
0072
0d80
0633
fa94
fe54
0144
068a
fa83
f6d3
fb98
082b
00d6
024f
0655
fe34
02d1
05e0
fcc0
f87c
06d0
fa58
f338
fd20
ffe3
f900
0111
048d
0107
f8ca
fba1
026e
027d
0531
0743
0119
fa3d
09c6
fcf5
01cb
fc59
f587
0d8d
f985
0181
fed8
fcbc
0203
1185
f532
04e0
0400
ffe7
023a
02a4
0cbc
020d
0382
fc5a
fb68
08db
ff30
fabf
0022
0a5b
f079
0846
0a7b
f04c
fe4b
ebe5
f222
feae
f40c
f726
030e
ef5e
ee90
00a5
00af
eb28
eae9
f4e9
f216
03fa
ed6b
00c2
0c6a
fcf8
fd79
f888
017d
f303
ef00
f99a
fa10
f745
e4e4
f391
f34f
0086
fe25
f9e2
fd67
015c
ecf6
f6c3
fd6c
f88f
17a3
0957
0675
00fd
f8e5
04c1
04a2
fd8d
041a
07c8
0694
e3d1
06ac
f5f9
eece
0396
fcdd
08ee
fba7
f8e4
fa29
0d2a
02ae
0310
063d
0869
001d
12e0
0a90
0174
0616
06cd
fce5
ff8d
04e3
0084
f746
08be
03b7
ffb9
0511
fbbd
f89c
fb88
f75e
f574
fb2e
0809
04f1
f9ea
f7f5
0d76
fe1c
0cbf
feff
060e
042e
01db
04fa
031f
0040
007d
faf6
ff67
01d5
f364
07a5
03ed
0008
05ff
0d4e
f66b
005e
fbc1
ea96
0a58
067e
039c
f68c
0956
0ed8
0325
f3ea
f3dd
0945
0b76
0046
fa48
00d2
0a7e
fcf7
f69b
0154
fe2f
0b5c
fe57
ede7
06be
fc5d
01da
06e4
f862
f7a7
0e7e
f9b5
fdf3
0a4e
fa48
0508
f517
025b
0305
fa22
04d1
0319
00b8
0a2e
fe39
ff63
fe09
092e
fbcb
fabc
f357
fa6e
f9f8
0616
0087
02e3
06cc
f297
ff50
fe2a
fb6f
f7a6
f63f
0278
033e
fa93
fcc5
01a7
0476
fc00
f89f
fc4e
0816
0090
04db
fd7b
01db
02c3
0263
fa02
008e
fe98
f93b
fdc1
0258
0228
04cc
02b1
ff7c
0101
050e
01b3
fea2
fd1a
ff7d
ffaa
fea6
fb85
01fd
000b
fb50
032c
0127
0893
04a2
0198
fd23
fa79
f973
fc7b
01c8
07c3
03c4
ffd8
fd41
fca8
05c5
f706
0153
fa60
fe79
fbc9
04f7
f93d
fc86
ffc0
f899
faaa
0048
0178
0d84
feb2
ff10
0830
0639
fdf2
fabd
0071
f900
ffb6
08f0
113d
f9e8
0ef8
06b5
06c9
ed8a
fb68
fd65
f503
feb6
ef4f
f9a5
076a
faa6
ff01
001a
f276
ff8a
f984
fdeb
fecd
fd26
0de8
f4fb
072e
fe1b
fd5e
03df
0365
f72c
0d2b
025f
03b9
f6b1
f5ce
fffc
02e2
01f8
fc3b
0655
f9a3
fb99
0924
f629
f2a7
0149
fb44
fef7
09f8
0bf4
0d81
feb3
f9d4
0162
0176
0f3f
013e
f727
0ade
ef9a
0046
010e
00a3
0142
ebaa
fb58
f15b
fa2a
f05e
efed
f4d0
fb26
0af1
ec43
e804
ef79
000e
ef9d
0742
fe70
f9fd
0462
f65c
0f4d
f4f8
0b63
ed25
f6dd
fe81
00b9
0380
f6d9
fef4
fea0
ff1e
fcbe
f45d
e795
0293
fb4f
fdad
f967
f31f
fa8d
0963
f7cc
128c
e78f
f76b
f5e3
002e
0a7e
fab9
f548
f04e
06aa
0225
fa7c
eca9
fd36
efea
0aff
fea0
f7a6
f535
0529
f315
faec
0462
02d0
08c9
07de
04b5
ff3d
ff23
1698
f878
0fab
0d03
0242
0753
06cf
fb43
057f
0563
0938
f980
fb50
11c1
0e5c
fe05
0e18
15d3
04ef
faa1
fea2
ff95
04bf
021c
f903
03c7
051d
fec7
0ac6
fb59
0b7b
faf2
0789
030e
0bd3
066c
ffdb
fe5f
036e
fa07
0472
f5d9
0132
fa9a
041a
011a
fc06
0c8b
10c7
0a90
0809
efaf
0165
089f
02de
fb9c
feaa
fe8e
0176
f6af
05ad
0404
079f
03f2
00b2
fe92
f512
02d4
055c
0135
fde3
003c
fbb4
0fa4
03b0
03bf
026c
f3f3
036c
0c29
0097
00bb
09f1
0b00
ff5b
f9ce
000e
02bc
f9c2
1491
feb7
fa5f
03bf
fb2f
0234
0564
fca8
fd7d
01e6
fec1
f97c
06fb
f4bc
fcd1
158f
0408
0664
042e
f7ee
0431
00a4
06cf
01ca
ffc8
008a
f8f5
fa12
07d1
06fd
074d
fd80
fa43
0a90
090a
04ee
0a17
f3c3
059c
0fb3
f5ae
094e
0a3e
fe27
0e29
f41d
ffca
0af6
f79d
0364
0079
020a
0af5
0099
06d2
07a8
06a3
0b3d
f4c7
fa73
0fba
f28b
05cd
ebaa
1138
f9b9
fd1f
0b35
056f
f7cd
fa11
0904
015a
fc59
1007
ef75
f14e
f625
0bfc
1a04
fa6c
0464
eea2
0f65
0b03
fde5
f8df
0c93
0da0
10dc
e4b8
0a68
0f28
f97c
fa2c
fddc
eef4
185a
fc9f
14bc
236a
0e9a
1f12
0bab
f631
0505
04cb
0f10
1431
08cf
0991
0c4b
fd02
0bd2
f77d
e42f
fce6
ec87
07fc
08c6
115e
05ec
0cda
04a3
fff9
00ea
fae9
f752
fabc
f690
074d
01a1
f9d7
fb6f
07cf
084b
f44a
09cb
f451
012d
0850
0ca1
0e9c
0193
fa9f
1028
0cd1
0dbd
0a03
06aa
1460
0117
098c
20e3
1efd
fa5e
fbea
f16d
fa21
0ef0
028b
f0b7
f18d
fb62
f65e
ecdc
1327
0672
e7a7
04f8
0445
0085
051f
f36b
0343
fdb8
1c5a
f51b
ea15
f05d
027b
0ab1
f192
02be
01c4
fafd
fb38
f7d7
f6a4
fd7e
0510
f68d
fbc3
020b
0491
01f8
eccc
ed3c
0e16
f64f
0833
f18e
f18c
f1b5
0249
f6d5
f4e2
e6ea
034f
0169
f15d
09dc
ffb0
f66f
f2be
f12d
f8aa
0362
d4dc
f01d
faa2
faad
02e4
feba
0ddb
143d
f429
128c
10ea
01fa
f22f
09bd
f8d1
0a6d
0f50
04ca
0380
0953
fb8e
0be3
084a
ef38
f807
17ee
023e
f947
f828
f43c
1e05
0535
f140
f9e5
04f6
0331
09b3
0cba
f258
fdb1
17b8
eca3
100f
f279
08c1
0308
f3b4
fc5a
1413
0751
fc5c
0651
f981
0561
07bd
fe4f
ef6d
0cbc
0068
ea13
ed06
032b
fb35
0990
1dae
f827
fd58
07ff
03c6
fab9
e73f
01d3
e972
0e1f
ef5a
0b79
18d6
ff5f
fe0c
f8f1
ed71
05b2
0833
092b
024e
f162
163e
0074
f195
e4cb
004e
f54c
e003
0a0d
f42e
f283
0b99
0201
f963
10e8
ed55
f006
e573
02ad
0cd7
12b2
fb05
feb6
0696
eb5e
096e
0b28
e9b1
f12b
e0e8
0a13
fe5f
fa45
fa81
f537
045c
ff82
01c4
13d2
0868
f30b
0ed9
0eda
0f29
e5e4
06b1
fd1e
1203
f1a6
0fca
f2ed
e510
07fa
f568
0c7c
f983
f0ba
0175
fca9
0fdc
1213
ea8c
edec
e84e
0356
1c60
f7f7
007f
0a94
f4e1
fd43
f1a6
ff0a
fced
fa00
05ac
fd1b
f4b6
f1ec
f36c
ea53
0a08
f43f
14ae
f3a8
ee36
fdcd
16f6
f531
fd46
fb84
fbfd
e59b
f27a
ff87
fd73
f187
f847
0b0c
f9ed
fda0
068f
050c
10b4
03a6
0628
0667
03ec
0390
fbd7
e29f
04dc
f15e
09e8
fd05
09eb
068f
16cb
1198
f10f
fb93
ff5a
fe67
134e
04ad
0f13
013f
ff00
07b5
03aa
0160
0379
fa98
03ee
fcef
0bb6
0c04
077a
ffee
fb3b
0021
0429
1190
0646
f9a3
fcd0
03fb
0bce
fa3c
f8d1
ffa2
0547
0293
f6ef
0570
f2a8
04f0
00c1
03fd
ffea
ef62
0d2d
fccc
f637
f110
f6a6
0095
013b
02ee
0807
0551
0640
0cda
f47f
f752
fdcf
03af
ef01
fc93
faff
f2e3
f8f6
fe86
04bc
f112
132f
fd30
069e
0384
fde4
0293
fa2b
fafb
0090
ff4d
e61c
0152
0021
fcaf
edbf
fbc4
04d9
e82e
f51a
0141
f7c7
0498
ff7c
0223
06f5
fa35
05d8
02ea
ee83
f8af
03fa
f496
fe2f
0cda
00c4
fe9b
1186
fa37
fe1d
0ffd
f482
0492
123b
014e
0993
0c46
051a
0599
fc68
f14f
f95c
fa4b
034e
08c7
0022
fa89
efee
fec0
f9e1
0923
0713
08ae
eca8
f2da
1409
0446
fc15
08d3
efd2
fcb0
0e41
f8a8
f258
f49f
f874
1004
04a7
f3a5
f0a3
ff54
0170
f6fe
fc89
f852
f3ca
0b3a
f701
ea66
1a10
0a4c
1386
0fbe
f937
03ca
04f0
149c
0b90
fa87
fb9e
0608
1221
178d
f6c6
f9a4
f20a
f6f2
ef91
fb3c
f993
0860
fc6b
f9cc
f0a7
ff3c
0ff6
0e56
fd0b
ecdc
045e
10c4
ff81
fa16
ff79
f922
f613
f2c4
0b0b
0b30
f04d
f882
fee1
02b9
fe32
f697
faf4
fc4e
087c
fdb6
076a
f9b9
0269
f9ee
01b2
0975
f428
f82f
0531
faab
fe4e
f0fd
ef7f
f577
001d
ff0c
fdb1
086e
ef05
f22a
fa34
14e2
0409
fc96
f98b
021e
efe5
f7e8
f7f5
fd7d
010f
fc95
19d3
0a21
0f8a
ff95
00e0
fad2
00c6
00b6
ee7a
fd63
fc15
fe5a
f1ce
f8a6
062a
059c
0999
0b36
02ab
0111
06af
facb
0654
fca4
0184
f975
f6f7
ff4d
04f7
0a4c
faa9
ff50
0aa1
f3a2
f754
0365
03de
1531
e8a9
00cf
fa90
06c5
018d
0b84
035f
0204
f6b8
fd1f
fa00
f75c
f6b6
fec1
0104
0e67
02b1
fb73
f569
ff4b
fc71
f9c0
0123
0295
fd88
07b2
0964
0854
f896
0292
f9a9
0039
027c
01b8
09ec
ffa0
ec07
05f3
fedc
0168
f9f6
fdd6
093b
0325
f774
0322
fd99
f986
f8d0
fd9a
fc6a
fc20
03aa
fe59
fece
f812
f5d9
012b
ea17
fd39
fc6e
015b
f12a
fc8b
f7d5
02f6
faae
00e9
fdda
037a
08c0
0a03
f9fd
f99d
0a3b
fcd4
0617
ff1c
fb08
0407
fb4f
fdc8
013a
fc58
035a
0c7b
034e
0889
02b2
0149
fcc8
068d
0eb7
0b51
f554
ff5c
f9fa
00e2
f6ee
036c
fad0
0786
ff96
fae6
f30e
0c26
fc49
00d1
0240
0b27
0fa3
0d34
f7e0
fa89
0240
f609
ec83
00a3
0547
015f
f7cd
07a9
04d2
01d4
f05b
0543
f8f9
0ce2
f1b7
044d
1626
011d
f78d
08f2
fbdb
0986
f3d7
0b26
088a
0686
f792
fd66
0235
154b
1067
02ba
e8c4
03b7
fbd7
ffba
fc0a
f989
ffc3
f4b2
1819
0967
00df
0383
fb9d
fc0d
f75b
09e0
0640
09a3
e80b
0546
f278
0406
fb98
034c
0c79
05ac
017e
ff65
ef07
f290
15d8
0be7
0116
065b
fc17
1028
0ef8
0f3c
e0f2
032c
f9bb
0864
f7fb
f919
07a9
03db
0770
ff97
e774
093c
0896
05dd
022b
0a85
fb29
118b
0220
f205
0820
023d
060d
fc0b
fb03
0d1d
0d2d
f99a
0a72
fcd2
1011
1871
0a99
110f
ec56
f42e
0267
09f4
f99f
0a91
f962
0643
fd6a
0587
0466
0ea0
03ef
fc68
f12c
03ba
f606
013a
fd78
f977
f3ff
02a9
fc04
1bea
08c7
017a
0ce2
f2a3
016a
0566
e1fd
f759
fc4e
0508
0665
02f4
0de7
f384
0948
f72e
00fd
e4ab
fd14
f787
06c2
05f2
011c
f4bd
f884
f8f8
042a
f43a
08ee
f23b
f68f
fb34
0ac7
0d19
fd67
feb5
096c
170a
ebe1
fa81
00a8
fdda
0687
f94c
eeef
02f4
ffbc
016f
e925
fff5
01a2
feef
0257
edc9
159c
0272
ed40
0204
ff9e
fa5e
0c7d
0172
fca6
02bf
0cab
ffe5
02ad
0165
fbd9
ff8a
0bfa
08f6
f95c
fde0
fe7a
ee2a
0191
097f
097d
06e1
039f
fe15
01ea
f9f6
02f2
07f9
084c
f800
f43d
00e6
fb3f
fbca
0860
0346
103e
0f17
007f
01bd
fe2c
f4c7
fa9e
f8c0
00e3
0220
f9d7
f54e
fabf
f7e4
0bd6
0d09
08da
0276
f7a9
f54c
ff4e
fcbb
03f8
fd5b
fffc
05ae
0b46
fd33
023d
f9b7
eb3d
e19b
0461
1cef
05d7
02d9
f959
e12c
fe3a
144b
fdb9
f970
1188
f759
fd43
fd1d
1c9b
0d43
fd99
018a
eaf7
f232
f8bc
ff28
082d
0154
fc51
ff24
fd4a
f345
fe1a
ed9f
0159
f993
fe60
f8b6
0aff
ff72
f4a6
fb0e
12be
107b
0a41
0d09
fc5e
f770
ff27
f888
ebbf
054f
fc1c
f763
f26e
f79d
f4ed
06c2
16ab
f9c0
0ab0
fb3d
0708
fff2
06d4
fbbe
e80f
054c
ee62
0b1c
f643
efc8
fc56
06bf
f9cd
fb37
081e
f48f
0627
077d
1041
05a9
0bac
f8dc
06ff
08b2
0320
07f4
fb44
0318
0513
0c18
fc26
12e9
077a
e3a8
ed91
037e
f365
0668
edcd
fb47
f9af
0f26
fdcc
061e
fd6b
0fd3
0629
0978
ff9d
e7b0
05a4
04f9
f828
0119
ef4b
ecd9
ea5d
0d07
fef8
01ab
0465
f204
0445
f125
fc5d
f4ff
f890
03d5
0b2d
00f5
fa63
eb0a
e060
f114
0277
07d0
ea07
018e
0820
01ae
f179
0452
eec8
0630
0a41
fb4d
e41d
0a3d
ffdb
0544
ff35
f60e
ef9d
097e
0346
036d
10ab
0916
037c
fa79
eaf6
ff2a
0829
fbc3
082d
00cc
08f8
0190
0243
0953
f8f1
021a
031a
003c
f34d
f633
fe3f
f601
e4cc
0674
1c60
06ec
1378
0a95
068c
fb74
0640
0247
fb3f
0a24
07d3
ef51
0636
14fe
013f
06b6
077f
fc1f
fb90
ffb4
fa6e
fbd3
07ca
0ac3
07a5
edaf
0958
fed7
0f57
0a2a
0c24
08c6
10f2
ff14
ff2a
ff8c
e927
f31c
1437
f50b
fc05
0a77
ef87
11e9
02aa
00ca
04c9
fb48
f4f8
edee
fc5a
0065
05bc
f143
03ac
fc1c
f579
f957
f94f
07a8
f7df
f8ac
fd25
fc26
f20a
081f
00c0
e417
fdc5
0561
1b9c
fbba
08b6
dd42
027a
09ee
df3a
ecd6
ee03
f675
042c
f5d4
0156
fdd8
0a24
099c
04c3
fa6b
0718
0344
0231
2063
10c7
fa54
0693
0982
ed8c
02d0
0898
ff57
0815
0077
f559
fed6
13d7
ea93
f720
0de4
fe74
fa99
d8db
0129
ff13
fed2
0e8e
fbb2
01a8
018f
ff6a
fad4
30ee
e28e
faf3
fa8b
01fb
041b
f7da
e7de
00d0
1227
f721
0901
f907
0476
bf20
0ae5
fc0c
ef65
f751
0629
f1f1
e933
fe4f
1153
ff5b
0a2b
f558
1a4e
fc00
fd78
0294
03bd
f8a9
10fc
fe65
0557
f1be
fdda
048c
f0c5
fa4b
fc72
f953
0acf
de09
fa29
fdb9
f198
03f3
f143
029c
daf8
110c
04ff
ed33
f998
0315
0555
ee78
02d1
04a1
fc0f
0cd4
fc33
0796
f182
13db
17d9
f325
01fb
0809
f960
079c
0bd9
01ef
01c0
13ca
fe8e
0eab
f645
066d
062a
ef4a
0377
dee7
0e32
00b9
0835
0f6b
f936
fa25
023c
fe20
fa25
fa5f
0594
fa46
f7fe
0833
066a
04f4
f2c8
11e0
f742
0b47
0723
0563
fb08
04a5
0243
0ad2
06d0
09f9
08f1
0597
f61a
0b54
f3bf
f473
f7e4
fdec
1143
f07f
fdbd
027f
054f
fd16
01c2
138c
0e84
0831
1415
040f
0182
0274
feb0
002b
07c1
02f6
106b
f22e
0182
0ca8
07a6
0295
0a20
f364
01ca
ee59
d965
0874
05c7
f477
04d9
0952
0444
0345
fe15
fc79
fb92
f1ca
0900
fae2
059a
02e0
16cc
007b
fbd1
faab
0cfc
0085
01bd
0ee3
0176
f8b0
fc21
1236
faaf
0623
f1ef
f70f
0f7d
ecac
010f
03c0
07b6
02d0
00d0
ff1b
0a24
06c9
0580
0e4c
0cd8
124c
04aa
ff58
fe3b
f4e5
1541
f9fa
0347
ffac
04c0
fed1
f5e5
0068
fa48
0b39
0207
f500
fad1
f5ed
0364
1451
f911
fba3
fb7d
f702
f206
f6bc
0768
fe1b
f418
00c9
f5b9
f286
015d
0eb9
04b4
088a
faec
0bf2
f676
01fc
0147
f081
0595
f7ae
097c
fc9e
01a0
01ce
f719
0fa1
f101
ff62
f419
09fa
1482
efc8
fa93
efa9
06de
fd04
00f1
0701
0840
0f1c
0b75
1300
080b
f7f9
fede
04a4
0d8a
06cc
fa1f
e062
fe72
0396
f419
1302
0e04
13fd
081f
17fb
0541
fb8d
0b43
fe43
fe31
fc48
0210
fc07
01f8
110a
fe3f
0964
fa63
03dc
ee0b
f444
1111
09a0
074a
fdb7
0838
f873
051e
04d2
fc42
0787
f613
fd13
1190
0c85
0a0a
021a
0b91
ed3a
ffa7
fb3d
fcdd
feb1
036f
07ac
fd08
0985
003d
fe55
0b5d
fe61
fc8c
083a
f348
ff05
0133
06c5
0865
0b3c
f9aa
14b0
f40b
fd89
012e
0832
0816
0373
14de
0023
0155
f925
06cf
0e8a
ef8b
0670
f4b9
fa0a
fb4e
fe66
f752
0e3f
f5c5
fa49
0133
09c9
fef5
023e
03c8
fb47
0655
f8d9
0986
1547
f4b4
f7ca
f850
fa71
f2ca
0757
0544
0296
ff5c
ffb4
0472
026e
f3b8
ff35
fa21
fa32
f772
1520
fa60
fd83
fb1d
1628
fc8e
f678
013a
ff74
008a
f937
1771
08bd
ff5c
0869
fc31
ea6b
fff0
06d5
ff1d
fbd8
f3a7
00a3
07e0
fdc8
02b6
fb52
f9c7
f5e3
fc2c
0393
fe77
faf8
00d5
0b7c
04b3
0329
fc90
fb9b
f500
fe99
e97e
fd68
ffd7
06aa
054f
fdfb
fecd
05c5
0685
00d6
0474
fc06
fa32
fb85
026f
feac
0847
0344
063e
0094
fdf9
0194
0840
00a5
04e7
f942
f93f
025b
04e5
f605
01a2
02e7
fa22
ffd9
0ba3
0332
f8e6
fc84
0094
0f27
00ff
fb40
0e64
f75c
00f9
13e5
08cf
0039
04df
01e1
f2fb
0543
ffb2
011e
fdf8
f7c7
04a8
f5a9
ff21
0d02
fe7d
fa72
0075
022b
0af8
0341
0359
fc74
0169
1a6d
0620
08a9
054f
f759
0755
0592
ffc2
f481
06e1
0579
f707
ee38
0073
09b0
fb39
0518
f9a5
00c8
fe4a
0e48
0c69
080f
f84e
05eb
f4be
fdd7
0412
2d5a
f5f3
0b0f
fc7d
128c
1391
0529
0213
02c4
fb98
fc32
0633
0b0d
28e9
f8b7
f43a
fbba
f890
f797
1172
f584
01b3
e763
f4f4
0b58
0777
f2ab
fca6
17fb
0512
07ad
09b4
f82c
16da
0194
f8f6
f682
052e
ff09
0e73
f9bf
0cd3
0c65
f9a6
ff2e
f3f7
079c
fc97
089e
0c49
0299
f601
11bc
0288
0649
03ae
f496
0648
eefc
0043
e8f4
ffc5
faf7
f4ec
eb15
16f5
0c04
08d5
087d
f784
0295
fac2
fdd8
00ad
f911
0175
01eb
f33c
1c21
e170
d76f
fbbc
ff41
022b
f5c1
f535
0b50
026e
fb69
047e
ff62
0adc
1168
f02d
f479
02a1
0079
01d7
fb60
f6ed
f2ff
f640
f777
fd7b
fd02
0c92
0e5f
076f
f052
002b
f76d
0412
0076
0a2f
fd2f
fd0c
06e7
0224
fcd6
fd39
0620
0103
ffc2
106b
17b0
0915
e27a
0a5e
0e5d
183f
108d
fe95
fd06
ffe4
ff44
febd
06ae
f179
0683
ff5c
079c
0cff
0a5e
fae0
00d0
0559
fe57
07f4
0ca7
f590
0143
1426
007e
e262
fdf3
2813
fd5b
073c
fa8c
ffa8
ef80
0003
0028
f5a0
f569
02ee
f7b2
00a4
0c90
fb2d
f36a
1dd6
f2ca
01b3
fad6
fa74
f1f5
f789
0735
eec5
f9f4
0939
f2cf
f992
f83a
fce8
0eb1
0a83
0ee9
eeb1
f781
fe36
f588
0484
f8cd
0278
fe82
f9f0
0e27
efc2
028d
0461
fc78
fd26
f4c1
09df
fca8
fa63
f3d7
f3fa
f4bc
0610
f9ca
fe92
fdd4
093a
0ac7
066e
faf9
fcb1
10c0
f4a7
fa61
00f4
0821
fd89
0b95
f656
05e1
fcd1
fc93
facc
f011
0bbf
0e38
092f
f996
fa9f
fe90
0115
0181
13ee
0839
fffb
f9de
047c
f024
08e5
1074
0032
f2d2
040c
0aea
fe35
f1d9
f236
fc4a
fbdf
0b69
012e
01e4
21a1
ff5f
057f
06d1
fde0
f4af
02b0
d45e
ec52
0044
1409
faf7
07aa
0a8e
0983
fd63
f8a0
0f44
01dc
0886
0379
0135
fabc
08ca
0097
06f8
fff9
fe33
00bf
fb32
02c4
16c8
02d0
fe91
f46d
04c9
e8e8
0bcf
172a
fc1c
0415
ec7f
fecb
f692
0640
070a
07c8
fab5
02be
02c1
f716
0387
e9ce
0d71
f411
09f7
00ae
ff2e
ec59
f40e
0404
04d2
fa73
f44c
09e8
f901
faa3
00ad
067c
0721
09d4
080b
01ce
fe06
1112
fa31
fb38
05ba
f471
eea0
0153
f762
f34a
fc4b
f2e0
ff6c
f7ab
f7e0
fc32
fd7b
0028
fa8c
fbe3
f857
0c91
05a1
fea6
080a
0345
043a
fd56
0756
ff5a
045f
ff31
0253
f564
f963
fe0a
0241
fa0f
03d8
f306
0587
fc4b
059f
046c
0f1b
df37
f172
004f
0690
05b7
fdd0
ede0
ed12
0758
02f5
05fb
069d
08e8
fc5a
044a
fcef
ffc6
fd25
01ef
0489
070e
0c4b
f71b
fb7c
01cc
fbcc
0369
fb9f
f5cc
0390
f9ed
0ab1
e8d6
033f
00fe
031d
028e
0c48
005c
ff99
f7c7
fc29
f98c
04c0
fb56
f88c
0488
f8c4
f217
000d
f7b7
ff58
0949
fa6a
fd2c
ff7f
f913
007c
f3b4
0806
07e1
fa35
fb2e
fc93
f887
0071
0b42
091c
fff4
0365
f5b9
ff8c
ee9e
fda9
0a8e
fa5e
016c
ff51
0686
1275
0857
ef66
e8fb
0e67
ff9d
0c4b
f2ff
0899
e928
feb6
0947
06af
f4cc
1230
f941
f05d
0e26
018d
fbfb
024d
ff14
0380
008c
fc67
03ca
0003
fa1d
0344
fa0c
12d4
ee43
f613
096a
02e5
fd4a
f055
05c0
f734
f5e9
091c
ed5c
0f58
fc0b
0cc2
04d7
0c8f
e7c4
0b8d
f5ec
fd75
faa8
0544
f9dd
fce3
ede2
e3c3
05d1
f629
0133
0f2e
f6aa
fd4c
0adf
060a
fd3a
f634
12e3
02ce
09ef
f996
01a0
07d6
f5c3
0587
fb20
f244
fdfe
0bb8
083a
0d47
fc2a
ffa9
022a
f96f
02c0
f8b8
ffbc
f871
013d
186a
fcd5
e717
fe74
0290
f51d
f7a2
0b0c
097e
f2e0
fa7e
f5bb
0f87
01b2
f955
f3ec
ff03
18e4
f3d1
0416
097e
f95a
063e
0493
ebc1
fb37
f408
fb54
e329
f722
ef1b
f143
f9f4
08f2
0911
fd10
00a8
f62d
13e2
082b
0f06
f58c
f8c1
05b1
fa59
fa03
fe88
1728
ff21
fa83
0298
fc05
fbe4
fd9f
faef
0881
01cf
00a1
e603
03eb
f8d3
0884
08fd
fd29
f759
0617
00cd
0338
0766
fdfa
02d5
fdcc
f977
072d
02e5
f380
f8bb
fa76
03b1
0b93
01a6
fddf
05c2
07b6
fae2
03dc
ff75
f939
0b72
f61f
fb8e
0505
17f0
0048
1478
02e5
0799
f323
fbab
010b
f628
04b8
ffe0
fa6a
0917
1897
086e
01a1
1200
f6d3
f99c
ef7c
f8e1
07db
126a
0192
085f
f132
0863
ec7d
0a68
fa3a
1307
0aa2
0b23
01d9
f474
0268
f834
0552
0ee8
f356
f79c
0764
ee3a
0119
0c68
ea27
0aa2
fd30
ff6a
f53f
f6af
01df
01cf
e526
0bce
0723
fafc
fe3a
e122
f63c
fab7
ff6b
10e5
ed22
f1e1
0246
0c6a
f7d8
fdd4
1015
fa22
0591
fe15
ed6f
0cf2
f52d
f8ff
fd06
efca
11f7
083f
f7cd
0b5d
061c
120d
0309
fb16
0215
0514
0224
00af
16a0
0283
fe82
f9a8
0e34
f2b1
0857
02c4
f768
1304
fd56
f897
ff2a
ff04
fd1d
f486
0068
fe88
043a
f8b3
f54f
06e5
f91c
0c30
006a
07d7
0982
01b4
fbd1
15d7
f4d2
f76b
fbfc
f3bc
0111
fbc5
f514
fff5
0198
f112
f8a4
015e
fd8a
15b8
05b1
0a05
0748
1722
13d0
ef89
0484
0094
0cc0
1383
fe81
0e74
f961
04bf
0c71
0efc
0065
ffff
0c4e
0e2f
ff6f
16bc
0e7a
119e
01de
ff53
08fb
fe6c
01a3
0ef2
003a
ffad
1567
06ac
fb17
faf4
2223
0a36
f9c6
f13a
0d63
0333
110e
fdf3
fa1a
04f2
007e
085b
13b2
f74a
f30d
0243
057e
0188
0557
051a
d88f
f801
0f6a
074b
ef69
0e16
041e
fc45
f172
fa88
eb4d
fcfb
ef18
13f3
f5ae
0411
e95b
f6aa
f90d
f8ad
04fd
045f
f234
08ce
050a
fa91
10f8
ec67
fcf1
ffe8
009a
f8d6
02be
fc89
f924
0048
f949
fb9f
1261
01fb
f8ba
0f0f
0a44
09e5
1297
ee39
04c8
0920
ef07
044f
f42b
f2a1
f9de
fd4d
18ee
fa75
f884
01cf
0cc8
025e
10e0
0c4f
f61e
ebb7
1056
1432
02a5
085e
fb34
feb7
0a64
02c1
0084
ff8f
020c
0a71
f615
09d4
0d34
055d
fb88
0bb7
f155
ef17
fa8d
fd8b
074a
087f
041c
019d
feca
fe3a
fc95
0030
0051
05f9
fa55
fed2
0460
f8d4
fe47
faec
f96a
0818
ff4a
fb11
0571
feb1
08ee
0a1e
f3ad
0772
0642
f5ad
fc7d
f8d5
00ce
09e6
f043
fc91
feb6
ff2b
f851
06b6
fefa
043c
00fc
091a
fa23
f790
0247
0356
f828
05c9
0e12
0ec7
fb51
032a
ef51
1024
0289
d650
ed45
f451
fa28
04ed
010d
0839
f979
0d6c
fd92
0b6f
f8f0
f44f
159e
fcfc
013d
feb3
f897
0fbc
0154
ffac
f737
0266
0576
f7c3
0c86
ffe1
f151
0ca8
e990
ea70
2171
0530
fc5c
f60d
fe7d
f8c7
012a
11c1
f7d0
007c
f2f5
f1f0
ffcc
1579
da05
0ab9
0d12
0271
0323
03fa
e081
0cee
034c
f20b
fc84
f7d1
12e1
f63f
022f
f687
f355
0317
fd9f
02d7
013c
f9f9
ff72
fd03
0454
048f
fdeb
fb23
0e4d
f46d
fad8
fcfe
0b25
04f2
0938
037d
002f
045e
060d
0820
0028
fee2
08aa
0345
05b3
0195
06ce
f7ef
fef9
ff1b
f9c1
0741
fbf3
f6e3
094c
0cdd
fee5
ffa3
f6a5
0555
111e
0ce6
fc04
0393
f7f6
fadf
0421
09e5
0043
00e2
0dd4
03e0
0921
065b
072b
fafe
fb28
fa6d
fe7e
f72d
f9da
05ae
fd4b
f7d6
0811
05cf
fdbb
f2d2
0355
fecd
fba0
002e
f8e1
f0ea
010b
04c4
060d
0240
0947
0c2a
fe7f
0836
ff84
002a
0291
0331
f8f3
0668
0379
fb19
ff24
fa82
fea2
052d
f746
0156
fb89
fc05
04c1
0b87
0923
f44b
fb32
076f
0959
f195
f3cf
fe6b
fd3d
f8dc
0428
fd31
0151
f6f7
fd88
f732
fb5b
ff17
f163
02b9
f9fa
0502
fb7a
facf
01d7
fe00
fec2
0267
fd09
04ec
fe43
00ff
0381
fdc9
0326
0730
04a7
030a
fe42
fae4
f562
fb50
03b0
fedb
0422
006b
065f
fd7f
0148
017c
fc08
08f9
fd05
0545
0123
0135
0703
fd15
f7d6
f8eb
fe60
031f
fd8c
0645
0418
fc5e
fb92
fb0f
0563
fe87
fe04
fb0d
fcaa
fcc6
005c
f9dd
011b
fe06
fbe3
030c
fa9b
fe4f
ffa1
006e
f899
fb08
fa6a
02fa
f5c8
0248
fe22
fb2a
02a9
f58f
f940
f7cb
fb71
ff20
e818
ff9c
1410
f3cf
fafe
0511
082d
f8e6
0032
03a9
0046
0258
00f3
f771
fa39
04a9
f62a
07e8
f825
f7e0
0589
0354
0239
f1b9
fa44
03c1
0005
f380
0324
0ae8
04d0
f04b
fbbe
08a9
1412
0309
0e80
00a5
ff4a
fe7b
f82e
f8fc
03d3
0214
0bb0
0606
fa68
04b4
03e0
fc03
08fb
0302
04ab
09af
fb3d
11f9
f660
06ac
fe3e
1499
f197
ea77
f375
f6cb
13a2
f896
f891
fd2f
f949
fd06
efb8
f108
00f5
2bb5
f625
02a7
fe86
fe0f
fb28
057d
faa5
165e
0149
0310
029d
f5bc
f9a7
1248
0762
f1b6
00be
041e
fb35
e9e4
0362
09a4
fd08
fff6
f789
fb40
ff03
0638
0959
e8bc
e584
0790
02b0
edd2
f9e0
f8ad
fb7c
0c5d
0161
09ad
e914
fb80
faad
feac
11ca
f4e1
0480
11dd
fb2d
ec90
0a65
f996
062c
0dd4
fa2d
0919
f602
10e9
fc0e
f6e8
f9ee
faa7
f5b3
fa78
0370
0399
111e
ff55
fbfa
f88b
fdb0
fba6
0079
f595
10a3
fd50
f66d
e8c3
1137
0280
f9f8
06ca
fea9
fdd0
f5a6
06f7
ddee
0930
fbf7
fd52
08e4
fa59
ee99
f680
e804
02f4
f612
f527
fc9b
f5f3
0556
f44b
fa77
0a2b
f290
0b8e
0def
0375
fcfe
0a84
f8f8
01e7
0c9c
e816
fbed
10e8
0454
f91c
0b4e
018e
0a6e
01ff
fa08
fe2e
0f9b
fc14
ec34
f743
f9dc
1439
02f3
089a
03c9
0b4c
fe37
f450
f78b
efa7
faea
fe3c
f9ca
1443
f9e4
14c2
f81e
fb04
06bf
0799
0820
f593
f445
0b43
fb35
2060
fc0d
ef9c
00e6
fe0c
f7e9
0876
0393
0c06
f743
f62c
f6ee
f3f9
fb0f
0679
060b
0dd6
0059
fc20
f59b
fa43
029d
f87c
e45e
fb87
f6c0
04a4
1043
023f
0c67
f6cf
f2a5
1a7e
08af
fb01
f970
07c6
f052
0638
00de
01d4
f6d0
f161
fd38
f1e0
04ee
038f
fc97
07ad
f595
1495
f373
04fc
0615
f3a1
e8bc
f456
07b5
0057
f4fa
00f1
f2fd
0cbc
f180
0653
fe6f
1666
fd32
017f
f45d
fda6
f886
09af
0489
03b7
fbaa
00f6
f7fc
0f4a
029f
f496
e93d
f783
fac2
0461
02bd
ea7f
f13e
ed89
ee3d
fa3a
ece9
fa05
f791
fcd1
fb17
0115
f4c7
ec6b
13b6
f397
f0c3
f5b6
ee48
0101
fa13
e45d
f2d8
04a6
fef7
0bd8
046a
ff37
f2f4
fea8
f2d2
e8bb
ffc7
0afe
0e5f
ffc8
f219
fa71
fb47
f2fb
eb53
ffdd
0234
f9a1
f736
f07e
fe67
04ae
fbea
f867
f99f
f59b
ebaa
e308
f824
fc68
f864
fd2e
f5c7
fe72
0a61
0672
0ce3
01b7
1192
ef42
0927
fbe1
030c
0af0
0261
0630
08ab
0a29
fda0
ee14
0f0e
ee1b
083d
0234
0485
0044
0cae
02b5
0399
fcbb
0d74
078b
0bee
0440
0a95
0e07
076c
08a8
fce6
05a0
080f
0c9a
0e3c
fd07
07ab
fd26
ff5c
004e
0579
09ec
05ce
ff7b
0aa2
040a
02a6
0711
1567
0cd6
0d42
070e
f4f2
0830
0d43
fed4
1073
ff45
fcdb
0572
fccd
f967
fc15
046e
f50d
f865
f970
f7c3
fe1f
fb29
ff63
0e9b
00ae
fb28
033a
08c5
fbf1
02d6
f65d
fb0c
04f4
03d9
fd36
fca6
0b15
ff50
ffe9
0162
fd1e
0180
f7e8
031b
0741
04df
fbd7
fcb0
f434
fcb5
fd74
f7c5
00ff
02a8
fca2
09bb
eba6
0079
0512
f378
ff2c
fc0b
fff1
f657
0a44
06b0
fba1
faa7
0248
f93c
f4f9
030a
15eb
0982
fe3a
fa9f
0a2f
0442
f286
fd9a
ff3b
f5af
fa55
f826
0f61
08cb
0808
08bc
fb21
fed0
facc
f9f1
f891
01b0
00bf
0605
0201
00bc
0035
0246
0ae5
f849
04e4
029e
00a5
00ba
1a0e
fcbb
f98e
f6a8
f371
f9d8
ff8c
fc62
0477
02e7
fd95
0762
03b7
09dc
fe79
f4a9
0dae
f0e1
fbe5
049b
056e
00ea
fe8d
1589
086b
fb29
f9b0
05f4
087f
0252
ff10
fccd
02fb
0463
0c27
f6a6
0056
f2f5
fbf4
084d
0b70
07c7
f582
fb71
fc55
f5f1
0964
00a4
fc91
fadf
fdbe
01d0
fc36
ff3e
fe67
fad3
f9b5
f287
021e
0bdb
ff93
0665
f66d
00c5
0672
fee5
fcb8
ffc9
0393
0b3c
04a8
f972
f6be
193f
fa9d
e983
f7bb
fc48
03a1
f6a6
fce6
f700
f927
ef21
fb72
035e
0001
f24d
f3f5
ef48
1bb9
05e2
fac8
01c6
feba
f9e9
f43b
ee63
f63e
f4ac
0935
010e
0608
fa2f
f70e
ef41
0637
06c5
00f6
1104
00de
095f
fd00
0480
01f1
fc49
f199
f8ee
e692
f9e1
fcba
0181
04b9
0c70
fe0e
fbf7
005a
f4fd
01b9
f517
0c33
0a32
f69d
f1ee
f167
01bf
faba
fb36
fd1a
f859
fdce
08c5
0102
0478
eb88
0591
06dc
f9dc
f998
0a8e
ef2a
07cb
003c
02b8
f6b9
f6f4
f9c1
f878
00c5
029a
f8ee
0023
0068
fb5a
f72e
f547
f22b
00ee
002b
f6d9
02a9
fc97
0b92
0a59
ff4f
0414
f9a4
0004
01d8
fe75
fcf7
fbf6
f51a
fbf9
0259
02dc
fb2b
04a7
0349
0982
06ac
03c1
086c
ffd3
01ad
01c7
f8d5
0015
fc00
00e5
0530
039d
fdf4
000d
0a7b
fcad
0148
00c9
f887
0960
fa40
faa3
fe60
f9b3
f875
0267
0191
f92c
fe8e
05d6
f0be
fa99
fe74
0108
fbfc
02bf
0069
06ff
030e
0085
ff0c
0841
f691
fa79
0474
02c4
06ac
109c
16e4
0422
00f4
14ed
0840
0760
f3c3
173f
fabc
02ca
0086
fd49
fd3b
f9cb
030d
0086
0358
fa5a
f892
f6c5
0468
fc83
10ba
f50e
edbb
fcd1
ffc5
10a3
005f
0373
0ea0
fa98
fe4a
0715
091b
006f
fcae
faa7
0ca3
1aa9
f066
f996
fda0
00b4
1686
093e
01b2
fb04
04d6
0bbc
ff71
ffc0
0359
0b20
fd3e
0727
03e7
2856
0b28
0356
fa1a
fd49
fc59
f3d5
0a5a
00c7
ffed
ff25
f8c3
016e
ecaf
fe96
f9e9
0c1b
01f8
fcbc
fd4d
f856
045e
0906
fcf1
e9cf
ee99
14ce
0bfe
070b
203c
0bf2
f77f
fd91
0a29
0bbe
ff19
02aa
fd08
0e96
fce1
1167
f877
fe68
fd0d
fcb5
0df0
ff67
ff8c
0d41
f65e
0604
04dd
0500
f624
0d06
01b1
1035
0149
fd81
feb4
0711
03cd
fb38
f972
f107
e8b3
f3be
e9ea
fa48
012f
ff51
0387
08b3
0451
fb47
ffa4
0ee0
f004
0133
f99e
fb63
fc10
fffd
fed0
0560
01e0
fd77
0059
031b
f1ce
f89b
fcd9
f8fd
ec56
eaa1
ff34
0794
f1f7
f310
1054
0bbc
f611
f334
fdbe
fec7
f617
07c4
f27c
fa17
ebdf
0945
fc5a
f753
03ec
0d0a
ef66
ff7f
fd68
f63a
0628
077c
f505
0135
0458
0b1f
f883
053d
ffe0
f32d
010f
eb23
fe92
f5a2
1060
0a33
fc33
0e5b
fdff
031f
f900
f389
fd7d
05db
0351
fc6b
f9fb
05cc
ec64
f25a
ffdc
09a8
ffa4
0039
fd7a
f2bc
0bb0
0827
f78f
0b02
f606
f90e
0b98
f3e7
f486
0198
0e0a
f8c2
0bbf
f181
074c
fe72
fab4
f779
0af5
fe09
f64e
fba2
fa8e
f674
0753
0c23
0a4f
f1bc
0582
f413
fc48
f9a8
f733
07a5
0e8a
e8b3
fe5a
180a
05dd
0244
f42c
f746
0a46
f68b
1ea3
f7f0
ff3c
026c
135a
033e
fd0b
ff6d
f3c7
f695
003d
face
fd95
0501
0cc5
0083
1267
fc4f
f4e0
0be1
ff83
fb6c
079f
0e3f
fcd0
fbb9
03bd
0d4d
05dd
f8ae
0b7b
fe1c
0648
f0e9
f33d
f767
f689
00a4
13ab
ffe8
04ce
fbc3
0151
0130
fd68
1990
ef46
14fe
fdd1
0cf7
e7d1
0311
0e1c
0570
0bf1
fd66
01f6
0420
0d12
fa0f
ffca
119d
091e
f0e9
1176
fd7a
ff4b
f590
122c
f48a
f7a0
0742
115a
f614
0712
0ec8
f151
06cd
14b0
080e
0183
ff72
0932
f8ea
00a9
1084
0024
0013
046b
0431
f0d0
fadb
0905
f316
f897
f94b
00f8
fb60
e9bf
f54d
097e
060e
fc7c
0116
f11b
1677
0f92
fa16
0b6e
f7c3
0707
ff5a
050d
fb81
fdda
f952
f599
f923
01fb
fbd3
ff17
0476
0c24
f5a3
f8b9
ffa5
00e6
01f5
013b
013a
fc4b
fc99
f538
1013
00ad
feaf
faaf
04db
05a2
002c
f57a
fa52
ec01
f999
02f0
0410
02e3
f960
f411
033b
f8fd
fcfb
0777
0509
f763
fc7e
08b0
f80b
0017
f17c
01b6
ff3a
f3a2
010e
ebb5
fbae
057d
036a
fe4f
f8c9
09f4
0579
f898
ef09
f63d
0159
fa4e
f04c
04c2
05b7
0258
fc33
fa03
038b
0c81
fba7
fdd8
fdc7
fe1e
0088
0a16
f18f
0257
fe47
0c4e
fb9f
fef5
fbfb
0eaa
ff5d
fcab
f407
f761
046b
0745
0105
fe4f
fd86
0160
112c
06d5
06c4
0617
fc6d
fa1a
feb3
fc6a
08db
02af
f9ed
015b
037d
10e5
f769
fe34
01ac
f5d9
05da
fc3e
fdc3
07ba
ffc4
f981
0da2
00e8
fb92
0620
0c2a
0291
fb94
03c9
fdee
0306
f8b7
012c
fb73
0c9b
024b
0256
070f
0af3
0808
f99e
044f
02f0
0e2f
0eba
028b
f950
06f2
0873
07d5
ff55
00f1
eff3
fa69
05fd
f9e5
f8fa
0283
f6c3
f711
0fe4
01e1
017c
f52c
033c
1228
0996
fdf2
fa2a
025b
fc99
0490
091e
fb11
014a
052b
1384
0842
fc63
08fa
f517
f69c
fcbd
012c
f5a8
0687
ff28
ff1a
09c3
05ed
04c8
0757
f7d3
0635
f735
f20f
03bc
fb3d
f8c1
f9a2
007b
fb33
e257
0770
fd97
0d2a
fda3
065a
fd10
ed90
0160
009c
0ad5
e491
ea3e
f8ee
02a6
f1b4
fdff
06b3
fa82
030d
fa46
f962
fd99
f7a0
1136
149a
fe0f
f3d9
f219
fc3d
db62
f798
fc7b
fb04
0444
f077
07fc
f78e
0988
fa49
e573
fd46
fbb5
11e9
f64c
0790
020d
0d90
046d
0543
f75e
fc7c
0475
0fa2
0330
f46b
f4d7
1ab3
07bb
0b00
135b
0081
f6bd
034f
113b
0e05
fb4d
07c1
029e
f571
0f5c
09de
07ad
eedc
0ebf
fc74
04b7
ff67
f953
0023
fda1
fce2
fd75
0b03
f733
04c9
fb7d
0b8a
03e2
0720
fefa
ec3f
f94a
089d
0954
0d42
0b20
0091
09bf
fcdb
f90e
09e8
f90b
0277
f533
f91a
0347
fffc
0f4b
f1e4
09d2
03cc
03c5
06d8
01ee
f117
0b43
f480
f8cd
f627
0502
00d3
0454
0403
0e08
0570
0871
f534
f0fa
00f5
f26a
ef7b
0535
f900
1110
0d6c
f9b1
e778
f3c9
ee0c
15cc
e6c2
0bc6
f7e9
03e4
fb93
fcc8
fcbf
0499
05c6
0301
0158
fdc8
f367
0195
0acd
e6aa
1081
f8f9
f90e
1a1e
ee3f
05ab
fe8e
0d70
fb28
f87c
0117
0a95
05eb
fc99
0284
084c
183a
0dae
f6ea
ff99
ee8c
0e6f
0b6b
07be
f0e1
05d2
f52a
fd31
f5bd
0307
e96f
ff9d
fafa
febe
0908
0686
03b4
00bc
e4ed
03ca
f386
1642
eb80
f984
fe3f
01ba
0350
f9cc
01ae
f4ee
e6e3
055c
ffcb
ff45
2356
fcab
0420
060c
f64c
0914
f46d
0161
fab1
f014
07a9
fccd
0844
ed87
fb74
0415
e73a
fd69
f739
06f0
f734
e606
fd3f
fd56
ecf3
0b3c
fda2
064a
0b6f
f75b
0339
02a5
0d18
0907
16f3
fe1b
0e4f
fafa
f6a4
0086
f6ef
156b
f55d
0151
e5d5
0434
01f1
efc3
fe57
f936
ffe9
f658
fe50
fcd6
feea
0ae6
f661
feee
fcc3
10b1
f6c4
fab8
0f0a
fb46
f91b
fec7
f85c
fec8
0103
fbdb
f3a9
fcea
f86b
f1df
fc02
04d0
0330
fe7f
fe40
f826
075a
f678
f92e
f686
fbbe
0429
f966
0ab5
00e5
e77a
0069
f8d7
ef3c
03c2
f4e3
ef71
0066
fff3
f08c
f9c4
fc4b
eb78
fb97
f4fd
ff97
f4fb
02b2
0019
07a4
134f
084a
067f
1350
0beb
08f2
01d7
0f17
fda2
f65d
f671
0657
f559
08c4
0e78
04c8
f9bd
082d
0b05
fe1e
fbaa
ffba
01c1
0af1
edf3
10bd
0f3c
0610
f45d
f994
0204
0bff
0326
0825
f6f1
f3f9
08f8
ffcf
fd71
fea2
fe26
fdf5
0b95
0270
04e9
0fac
fc4a
f7ee
02bf
0ef9
fef9
feea
f810
0186
0522
0a0c
06b3
156e
034a
e8bb
0756
092c
fc6b
fd49
0c34
fb13
f9cf
0c16
fb7e
01c6
fd99
f241
fc45
175a
ff9c
f95c
0da2
fb8a
f07c
fb45
07aa
087a
085d
0826
013f
f571
08a5
ff5c
ead3
0a05
f81a
f5f4
0bb9
fd6f
f397
07c4
f33d
00bc
0607
04d2
0059
0a0c
fb09
04d9
fb7f
fe6c
0950
f3d4
fe2e
f40d
f2a1
0f33
012c
151c
fe5d
f6cd
0a97
07d4
f5b1
124d
fddd
fa68
fad1
1d0f
0652
fb6a
fb58
e752
069e
ed57
02e6
1249
fc31
065f
fa2b
13d1
08ec
00fe
f600
f98a
f403
05a7
07d0
0bf9
07d8
034e
181c
ecea
0474
0789
f56f
f48f
00ea
067e
047e
0134
eeee
f40a
fc18
039f
12b7
0916
f72e
084e
fb79
ffcd
fa5f
0142
fdce
f002
036e
15bd
f1bb
0a3a
04f2
fdc6
04e0
00af
ef13
0344
0a01
f559
0668
fdf8
0029
0df3
12c3
0b5d
0cb2
04e0
111c
da82
f4c4
0107
14c6
1057
0ddb
0fa1
064b
fde4
0ee6
069d
1126
01ab
f099
0ce7
04fc
109f
078e
15b2
09c8
0dc9
15f0
0741
1589
1e30
2210
024a
13f7
fae1
ecc0
03e8
05ec
004e
09d2
f3c2
0985
0a2d
12b7
118a
0f24
fbe7
ff07
183e
12fc
12e0
dfed
1a74
0d6a
0c5e
12ab
0311
e423
035c
0e75
0923
032b
0d6a
0fa3
fd06
f61b
f283
0091
f7cd
f640
0dc5
0b87
00d0
f37e
eff5
f729
fae2
fff8
fa4c
f636
f663
fd3c
033f
fdea
f733
fdbb
013f
f45b
f191
fcc9
0a45
f181
f958
e6cd
072b
0b8d
0622
ea19
ed43
fa48
0108
0434
058d
fdbc
0810
efd2
0661
0633
f8b0
f4d0
f19d
0322
ef0a
ece5
1201
09b5
f7d8
fd6b
f81f
f5e4
ee1b
07f5
08fb
fef2
f882
f349
f91f
fcf5
ff19
f5d4
f7bb
0a91
fca0
fb61
fcc8
032b
026e
0725
06fb
f6ab
f2f0
07cd
f4e9
0350
046f
fd18
07b7
0d4b
09a8
00cc
0bf3
0597
06e6
093d
0a64
0173
f936
ff97
f4a1
dd37
fced
080c
efdd
0839
feeb
035e
0368
fec1
f9cc
009f
fd92
fc4e
0091
0574
08bd
e04f
fdb2
ff18
ec9c
0046
fea1
ff35
fcdd
ff09
0335
065f
0758
01bb
f980
f3cc
0360
fb07
0c07
f185
fe9c
fbe0
00dd
fff1
ea32
f470
ee19
fe90
0033
fbc1
0247
01bb
fd46
073d
063e
edf6
05d4
fa68
fbce
045f
0c11
fb13
01bf
0b21
039b
02a7
02b7
f8fe
08c5
0c34
fe3b
f8ce
ff32
dccf
f1e2
0020
0035
f715
e820
fe1e
03df
faba
fe46
0f6d
fff1
e982
0a95
f5bc
1683
e36d
06c7
01dd
fcc3
f7b9
013e
e0d0
11e4
0ee4
f515
fc75
0968
03a5
1020
076d
1195
feca
0668
03d3
f01c
f91a
f744
0bfe
f7b4
0010
0891
0576
1179
f3e6
0a47
f2ff
f677
0a3d
0648
f3ce
f611
fdb6
ff90
0631
05d1
0653
0a87
11d6
0143
1deb
faf4
139f
0d67
e5a0
fc38
f41e
035e
0744
e6dc
0122
f36a
050e
061c
0b0c
04f2
11fd
07da
055b
f5f1
efee
0435
10b1
04c0
f915
f951
fdc5
fbe9
0606
fded
f7d0
0055
0d45
04f3
0529
f80c
ffe2
ed71
f621
0713
0444
010c
f66b
ec64
fcb5
f906
09e8
f581
f58c
fa4e
0302
efcf
1066
fac1
0a8d
fc23
043c
f358
000c
0261
0074
fdef
f19a
ffd5
1037
127a
f8a5
f936
0246
0b79
ff94
015e
fd78
09c2
f953
0221
ffdf
f6e6
0274
f862
0a2b
f518
f594
04e4
f949
fe6d
ebb2
0698
fc79
e69c
f788
02e5
0867
10c9
f014
fd72
f632
02f6
03b6
02bd
0743
ff56
f807
03e0
0484
0ecd
0a18
0169
fb4f
01c8
08de
ffd0
f845
0521
00f1
fa72
f555
04da
f568
1474
0937
0359
069b
0ebc
039a
ffc9
014f
ed3a
09e6
0895
f2a4
022a
09ab
fc36
0da1
fd4e
fca8
05f4
f28f
ec4a
f550
01b2
0433
ff96
0170
03c5
fca9
011a
fd88
fbef
05db
01fa
fd13
024a
0334
ff97
01f7
fce0
e349
fc30
f64a
0717
0389
1038
d8d2
0e55
0084
ddf0
d124
f280
fe8c
014f
0024
030a
f1ac
ff3d
0df3
033a
ea39
0a61
fdb3
f90a
1c7a
0938
0d9a
0c20
0db6
ec17
0163
09ff
f843
05da
090e
e9b9
fefc
0be8
e306
f351
ff7c
0279
ef10
d40e
05c3
fd59
fbf0
04e7
fc23
0881
0159
068c
0588
05a1
dcdf
f505
fc72
0357
06f8
0131
d695
ff6e
0dc9
fb95
15ad
0539
eb50
fd63
f6fc
0249
f390
fac9
f90a
0bb5
02d2
fb05
007b
0a54
0493
0b5a
f5e5
fe91
fb00
0c07
00ba
0477
01a9
f9cf
faa2
0b1d
f6f1
fcdb
f3f9
f2db
ed4e
fc09
ef04
ecf4
fa08
fe4e
fb1d
0554
0544
fb0d
fc5e
0e3b
fec6
0ad5
fd2d
f6e0
e645
02b0
f9df
fc7c
f667
f9a1
f1c5
0551
0eb2
fae2
fd7e
f928
fe89
049d
0118
f946
f033
016d
f9b3
fdfd
fa05
0260
03db
0cb1
065d
05db
094d
008c
0991
0d43
fbb9
0064
fcc8
0095
116a
01dc
03c1
fe8f
092a
0ca5
003d
ed9f
f3aa
f8c6
f8ef
febe
f827
fe4f
0f7a
05e9
0070
fd84
f852
03a0
0af5
01b0
f4f5
099e
0a19
074e
0182
fd33
090e
feee
eb5a
14fe
09f0
023b
f442
0537
063c
fbb3
0775
0a18
0164
06b6
0321
081a
0558
0943
f37e
f244
fccb
fedc
0909
faf3
fb2d
1209
064b
01a6
fe76
fff3
0610
0242
f34c
fe8d
034b
fe21
01a9
fec6
f6f1
fb90
0086
0025
006f
04fb
f5ef
f72f
0981
066e
fdfb
fe9d
06de
fa87
fa52
022b
121c
fd61
058e
fe73
002b
ff60
fe2e
f34b
0164
ff4f
fdc7
ffad
01cd
f15f
028e
f974
05b1
fc2f
00d2
feb3
f407
f9e4
06fc
fed2
029f
f955
0037
fd1f
008e
0109
092c
055c
ff80
eadc
0027
ff4b
fe7f
0502
00bd
0db6
090c
f9bf
f580
0bbe
faf7
fca6
11de
0191
0dc9
fc75
0f20
0603
fd49
ef8d
041e
fecb
f7f1
0c86
fc61
0865
0469
0356
fc01
03f9
0170
04e6
fa6c
01f1
0861
1cc1
15bd
0349
ffb1
0ec0
0180
e721
ec51
ff88
f811
ff0f
e6be
02d0
0a27
02ca
071f
f5b0
0adc
0a5a
0bd6
0d66
0f55
fa32
00a2
fcf4
f89e
f5c6
0798
1384
0f6a
1ffe
0175
1a55
1310
f4db
fdcf
f152
1c18
080c
0848
151e
0bd3
fb24
0ff6
fdce
13c9
079a
f8c6
224b
f371
208c
00de
05b1
0c27
fb8d
1e68
02c0
14ea
09b9
12d2
f4ee
0efa
1a87
0572
001e
0f90
0b20
16bc
f904
0ed6
0793
0143
0a60
0589
027d
0d96
1203
123a
079a
fa8f
0558
087b
113c
0a84
0eff
08ac
0464
1174
0649
1041
02ef
17bb
ef86
f4c2
f44a
fc23
f029
f60e
0cab
f9b8
0c96
fb35
fc4d
f49b
fd0d
f4f3
f1f3
fe50
0be8
ef5b
f1e5
f9c7
f457
0179
0bef
0303
ee18
04cc
0137
f126
fda1
f1ee
f935
1a8a
039d
f259
033c
0518
fe60
ec1e
06db
fb3b
09ca
f987
0694
07d5
fefd
f32d
f4ab
1358
fd51
f9ae
f4e6
04ae
0695
ed0e
f4ea
f2e5
eb5b
fae6
f5fc
035c
fffb
0bf2
f826
e8f1
ff20
01b2
fc9d
0eec
ef61
fcad
fcb4
1712
fc54
0f30
08db
fbb8
fd19
fcfd
f220
06d8
f8e1
000d
0706
fcc4
0673
f8c8
0a30
05f4
04b1
fc4a
0ecd
fec8
f80a
fa0b
f74b
f4de
04f3
fb3b
f82b
04b6
fddc
fdad
08b7
0582
fefc
faae
f666
0716
0f8b
071c
fdca
e74d
fff5
0990
0260
fb25
fbe1
f8ef
fa1d
05d9
06b5
fa4a
017c
f9ee
fad6
06a6
0341
0655
01e0
00c1
05f6
f5f9
01bf
fa43
eb37
e9d6
0ca2
0371
ff90
f753
0406
f57f
fda4
07c0
f9d1
f606
0d47
f093
f50e
16c7
0439
0585
ff11
0a69
f718
f744
fa61
fe6c
0482
1e65
f9ca
0237
0c23
eeb2
0392
f1c5
fa29
084f
f189
0318
16b3
f0eb
fff0
01e9
fc96
0325
1433
03d6
fc83
e97d
f73e
f37a
0675
fc97
0002
dea6
ee69
007f
f1b6
077a
1447
f52a
f085
16d7
0a8f
144c
0e58
0ad5
fbd5
24b4
01c2
f80b
f85a
0ec2
075e
0fb4
0c4a
0ac2
07eb
0e5a
fc26
f4cd
fd3a
fc46
f8af
08a9
095f
0feb
1301
0723
0978
f9db
0489
1e9e
0131
0944
0cb2
02ed
017a
06f8
074a
fcdf
114f
0dc3
f784
fd34
fe1e
05b4
0bc7
0bee
f6c7
10e1
fdc0
00fb
fc4e
01b7
f66b
09cd
00e2
fe10
1383
119f
0b1f
04bf
0808
fc08
0510
f2e3
f5f2
f761
f853
f602
185a
14a1
f59b
f9a0
0a7e
01e2
04cb
0261
095c
f4a4
00ba
fa24
0838
fcbb
0b39
fd64
f797
f78e
01db
056b
f727
f584
f961
e7ff
0396
02d2
f6fa
fd64
10e8
0147
f162
024b
060b
11be
fab8
f6e8
fdb8
04c9
f4e6
ef84
f769
0039
f3bb
faba
0126
04c2
02cb
03aa
fa9e
0529
0540
08ed
efb6
ffde
0016
00da
08b3
f856
0516
fcf3
ef7d
f85b
01bf
fec2
075c
003d
f111
079a
ffe7
f0e8
ffa4
063f
eee3
05e4
02d8
f5dd
07b3
09c9
fd1b
054c
faeb
fdda
f900
fb93
fab5
fc47
f8c7
fb40
feab
fde2
022b
0274
fbf8
fcf1
000e
f60e
0036
f86f
f032
0234
0115
0b49
0787
0133
04fc
0114
f5af
01dc
fe15
fd1e
f902
028f
0622
fd57
0a55
f13a
00c2
f6f3
f822
09cc
0213
0659
f6b3
06e4
006b
0fe2
03ea
fbae
08dd
09d1
0ee9
0d40
0660
0420
0d06
04a7
02d8
f833
fa32
fa44
09a9
ffa8
109c
e938
05b7
0f95
f679
0ccc
f99a
0536
06bb
f6f5
f19d
f58b
fd4c
1150
0a9d
05d5
f9e3
f0ea
00c1
fdc4
021e
f683
f853
f6f6
0508
083f
fc85
fc36
f7b3
fc1d
f8c1
0918
0171
f573
ea85
fce5
ffd8
fa69
f382
065c
f78f
0f05
1414
0441
f653
0489
f987
f0a3
07e5
004a
f465
07ac
0570
fc7a
f0ed
023a
0585
0927
05aa
fd16
0536
0165
fe2b
044f
f706
feeb
f77d
f9d3
f1f5
ffef
0819
016c
041e
13dc
061b
fbf4
f757
093b
e7c6
004c
0478
fbcc
0147
057c
f6ad
fe5f
0371
ffda
0189
04e6
0c4d
0a44
0f39
ff34
fadd
ff2f
0982
0b96
0886
01ea
f4d6
011d
1704
0a8d
f1ce
0309
005f
ff5b
0157
ff1e
fbc5
f898
f89b
f8cf
023c
00a4
f738
0b7a
feba
f56e
038a
0639
0dae
fc5d
f9fb
05da
001f
ff5a
1474
0dc7
ffc5
f72d
0876
fb05
0508
f7fd
ffae
e9f7
10f7
0288
fb26
f468
f9bf
09bb
f7f2
02d6
fa04
fffa
0bd3
fcfc
f620
08d6
ec34
fe30
ff42
fa6c
fe09
fd4c
091a
0276
04d9
07da
fb80
0060
fe26
0981
094e
0246
0606
fde9
00bd
f3f6
0410
fdbf
fc9b
01e5
f821
058b
f8ad
fc76
07b5
fb4d
0510
fc92
fda3
fb87
fea1
fb67
06a2
fbb0
ff86
0307
f65f
f9ab
0416
03c9
ffcf
0318
fa1a
028b
044f
fb0c
04fb
f9dd
0150
fbe6
05ca
004b
00c2
fb21
09f0
058c
f901
ff95
fb6b
12c5
f759
057d
05a6
ff96
055b
00a4
fef8
0364
fafd
0972
034d
f697
0774
02a6
020d
04c2
ff24
0874
066c
f9a1
0497
03bc
0762
ff9a
0b7b
f9a3
f758
f5aa
f937
fdc6
0d1e
11da
18bb
f636
079a
069f
0eee
0b1d
0296
00db
0041
040a
0059
0b26
0a4d
068e
0bc3
f1ea
0464
02e5
0043
f8e6
f7b2
09c3
fd19
08dc
0343
f828
0c60
0901
f4f9
fe81
0e0c
0cd2
048f
0f36
0104
17d8
060b
fcce
ff11
fff2
09f7
084a
f5ce
0381
0ebf
ff49
09b6
0eda
0675
fd94
fa15
f76e
07ac
08ba
04b6
f4d5
06cd
0058
066d
f621
0de6
0a68
0bff
0bd8
05dd
fed5
04a7
0789
011c
0160
04b0
0cf7
0305
f803
0ffa
1300
08e0
069b
f7b0
0461
154e
0f9f
1064
0ce8
f230
107e
147e
fcf7
05dd
0343
0ef4
f884
0534
0765
f91a
0e2c
10b9
07a3
fcf2
12b4
089c
0248
f151
0595
05e3
0c3e
0f58
0c11
0108
0263
fef5
0fda
055c
077b
f661
f535
ec7f
fa87
f1fe
f97a
f64c
f481
0298
030b
fd1a
f348
16cf
057c
089d
f818
fa70
ff36
14a9
faec
fdf7
ff9a
f4c8
06ea
feb0
fed9
0907
ff98
fddb
e9b9
f9b3
f38a
0ae0
00ce
fbb7
009f
11f5
fe84
f76c
fbd1
fff4
f606
f887
fc3a
03ad
f758
f43b
fca2
fb01
0e5c
f564
f60f
041b
fdf9
030c
0a44
04da
008a
052b
f747
ef72
faaa
0197
fdf7
f5e6
fd70
00d4
0399
fae4
0653
fcc5
0aea
0436
0556
0f6d
0b55
002f
045d
feee
01ec
f865
068a
03de
fc95
0802
0bd0
01c3
eb61
fd01
0458
0648
fa7f
069d
fb60
031c
f83f
0008
f636
05bd
0798
f414
053c
fda1
fe0c
0dde
ffc5
08e3
08a6
117b
fb2a
f777
f611
0193
f61c
feb4
00a1
f86b
fa47
0024
f4ef
0785
0509
0969
fe18
fe15
fbb2
f954
fa70
05df
f649
02e9
00fc
06e6
f885
0338
fa35
0599
f151
0ae1
05e8
09b5
0751
0a46
edc5
01d1
022a
083f
f4af
fbba
097a
0abd
07ab
0321
0711
1059
1126
ef15
f1b6
0191
01bd
0818
fea1
f517
0754
129a
fcab
f549
eb15
0a88
eb3a
fae6
fb99
058b
03e4
fe91
f3f5
031a
f5b5
fb26
f07a
f810
f74d
09ae
0da7
f9bb
0b9b
0acb
0ad2
f41d
fdc6
f9c9
04b6
0c25
02cd
1681
0875
0d49
031e
fa4a
0c8e
02d1
12c9
03a5
0eb7
073d
0651
12de
f872
0ef7
02ab
f1b0
06bd
f0c8
f2af
0c6f
f889
105e
16ff
1029
f01d
f8d6
f4c8
0a62
10b1
0de7
066b
042b
146a
fe70
f32a
fe9b
073d
067b
fe75
0317
fd8d
1333
002b
0b40
02cf
08f8
0c32
0756
0148
0052
0458
fd23
0a28
fc56
feea
0402
f56f
f4ab
055e
0d95
f091
10d7
0191
09ce
0164
02d1
fe14
ec86
e183
0ef7
07f2
07c8
0a1e
0149
033e
fcfc
0b90
067b
e2ce
0673
ffa0
fc23
0af1
ff4f
e7bd
fb86
02ce
f958
efd3
02d7
058d
08af
f167
fa23
fd21
06be
fbee
f7ef
0180
0e55
0784
fa1a
0610
e55c
f88a
091d
04c2
1038
058b
f09c
0896
011b
0fb7
f2b7
12d7
0118
fa09
f12e
f6f6
01ca
0b36
0caf
f282
f9aa
e5c7
01d4
f6d8
ef02
fb49
03ea
fcba
f51f
fa47
0557
041c
050f
f7e5
0da2
fbfd
fb7f
05fe
f750
095f
f933
09b7
1512
05ae
0678
01ea
0ce3
fe99
0136
fc88
000f
0c42
fa74
fba0
f8a0
f7a0
f3ed
093c
f05b
0b6b
feb2
fe23
175b
f6ce
fc99
068d
f74c
0525
f9ed
fb72
ff27
f91c
01ac
faa0
f328
0633
ecf6
0672
11c3
07f1
01b0
f43b
fe90
fcdd
fd9c
f23c
0783
fef9
fb41
0719
1643
1016
0444
0825
018e
0487
f689
1b1d
0a92
0ac5
025f
f960
18d8
fa42
f749
127b
087d
0550
fb90
fc78
0c92
fd63
0c51
fe87
0bce
0f70
10cb
f2fd
0b8d
19a3
07c8
032e
004e
f65c
09d3
1686
0d5c
1261
0420
085c
f25c
0196
f3fb
0b93
04b2
06a9
11b0
06be
fefd
014a
ffc7
09ac
049b
faad
0102
0138
f172
0494
fbb2
0ccc
08a6
fe9c
11b0
10a4
138b
0080
1263
19aa
08e1
0d6b
1574
0bb6
0918
01f4
0e2e
0806
087c
052a
edc3
fad1
112b
0cce
00aa
f71b
1327
05a1
038b
05e5
e987
1952
102d
0f52
0ff4
13c7
ffb7
1039
0bdc
f9af
0eef
04a6
0062
038e
f679
08bf
f541
0ce8
0c41
0ed9
0536
0f93
0ffd
0bfb
edcf
087d
e9e4
0554
0f56
0475
01c0
05e2
ee39
0c30
0936
0a56
0d03
0292
e366
f0b0
eed3
fb86
f5af
f597
0c88
ed0a
0de2
f257
f4a9
06db
f7b4
fc3b
ffd1
eac3
18f4
f4c4
f381
0f07
f400
fa31
fc78
fdfc
f656
f902
fc91
f34b
fe47
f49e
ff53
0cdc
0a04
f042
065a
fff0
089e
0706
ffde
fcd6
04f3
f988
05c9
f937
f6c3
f6c2
fdbc
095f
fa1a
f715
fd07
061a
1500
fed5
fdd9
f128
f567
fea2
0bf1
fc13
082b
f4cd
f907
efb5
07a5
fbf1
02be
0149
fe2d
fa60
ff8e
07bb
fec3
0732
051f
0385
fc5f
057d
0186
052b
ff47
064f
0fbe
fe13
fe5e
fd4c
0c95
017d
0862
0e68
063e
0146
0822
f96e
eaf6
ed42
fbbe
0226
ff1d
027c
08e4
096c
041a
0351
fa59
fd2c
fdf1
f7f9
f174
fe61
0771
f844
fd4e
f8c7
fada
fc57
fe15
024a
f756
fc44
0019
fb13
f1c2
03af
fd04
f501
ff74
0009
11d8
01d5
03a1
f870
0176
fe07
f90d
d703
fcf5
fe63
092a
0547
fb2d
ec9d
01ba
fd45
1927
fc48
0732
0a33
094a
0a1a
04d5
00b0
041b
112e
f1e5
f8a6
03f6
05e1
10be
fd05
e546
0077
083c
f490
f727
02a9
0268
efde
ed01
0510
fcb2
fef2
026f
f75f
0f84
f372
057a
fdb1
0796
fe38
fee4
03f2
0337
0131
02c2
e81b
ff26
fd13
0083
0f6c
0181
f852
0750
fdbd
174c
fe70
186f
095f
f764
08ab
039a
0361
f507
06b8
117f
f9b9
0bf9
070d
e63d
090f
064a
090d
fe0d
06b1
0f93
f88b
fe93
0087
f481
0659
030f
1610
077d
0e7b
02a2
1132
fd0f
f48b
f9e2
14d1
0c2a
0ef2
f8b9
0957
0c2e
0bab
06c6
fb5f
0cf6
1596
06ed
1468
0fa7
f3c2
0b4c
085c
faa5
0b37
0176
f98d
f2df
0555
f94b
0fb8
ffbc
105c
f323
fd98
f5a0
013d
f889
f9be
fb68
f35f
10d9
ff0d
eebb
faaa
edd9
f393
fff7
f99b
0006
00a0
0789
03ee
09cd
0bb8
1122
f23f
03e2
f9cc
0de5
f737
fc37
eb6e
f76f
0b86
05e5
f016
fb2a
fb49
069f
02ad
fd46
f9f1
0290
ffe3
f992
fc0b
fa45
f8dd
0832
1a81
ea9a
f6ab
14dd
0be6
15e7
0571
faf3
f9d9
ea87
f46d
046b
fff3
fee5
0bf0
fb3f
01c2
07f5
fea0
ff31
084a
fcbd
fae8
073c
08cc
0730
05f9
01de
f7aa
00ad
f732
f7c1
0966
fa23
04ed
0a92
fd1b
053c
fe77
07f0
0560
0027
0a9e
fdcf
06da
ff15
fda5
fd4d
ecc6
023b
f80f
f496
0bc2
f35f
023b
0626
f67f
0904
02d8
0058
0041
04b8
ff83
fd1b
0926
fc2f
0101
0f94
fae9
1129
09b9
0ad7
0746
0d30
ee11
ffd8
080b
061f
f9b8
ff01
0551
098e
f977
0dc0
fbbc
0cb6
fc0a
0061
0533
0a63
1056
ff9a
feef
001a
e97e
fb14
fd7a
f66c
f111
06a2
0c3d
0164
05b0
043e
02b6
fd4f
f9eb
08a6
0655
fcec
fbbb
fafc
1651
04b2
f0d0
0829
eb60
027d
025a
0807
f9eb
f709
01ca
0b87
0f67
ffee
0398
0356
0f35
0ca2
119d
0ec5
f9a3
1294
ef87
fe35
10ab
efef
e080
f62a
03cb
f67b
09f3
fbd7
e657
13e4
f544
f725
f6d4
fa00
f5d4
fbfc
fc72
075b
02a8
f3d5
01c4
04fa
001f
fd9e
ebf9
169d
ea83
f9ed
fe2e
ebed
fc72
0163
07f3
063d
0149
1055
f0c6
fb57
02f8
f96f
f2af
f9eb
03ff
0254
e7a0
ed3e
f173
0075
f8a4
edb2
fd91
f666
021e
ff7b
09bd
0790
14a3
f483
eb95
f7a3
f3de
174b
0b12
0ac8
f4ae
f1a4
0c0e
f184
0511
f5f9
fe62
0083
f8fc
fe9b
0dce
0618
010e
08b0
ff18
004a
07bd
0706
00d8
f5f0
fe65
0b54
fb67
034f
03fd
fac0
050a
f8cf
ff5d
fe8f
0162
04eb
03af
faf4
fad2
fd08
08ad
03d8
fa8e
fca1
f68c
fed4
0261
f6d1
03f0
022c
efb1
0065
f510
04f3
0570
0430
0a92
f2c5
05ee
f3f8
f98e
ed53
f2e5
0733
0216
074f
f281
fce7
0838
f166
e7e2
f421
0a6a
0e2a
0db1
fe76
00dd
0607
ff42
f10c
0783
faea
0805
f29f
ffc7
0041
11d4
0144
0619
0501
fedf
efb6
f6a5
fe2a
0930
f4c3
007d
0544
f533
0e60
0590
065e
0757
0017
f905
f7a1
fc2b
f7b7
fd26
08f9
fd9d
04b8
0346
f3de
fa3d
0133
f724
ee06
eea0
fe9c
f4a9
ffa4
0ab5
fe72
f8c5
ffb2
0714
001e
0b46
014c
0892
fb87
fba6
f978
fea3
0d44
028e
007b
0156
03b8
e8ab
102a
ff7c
06d7
fea9
fa9c
078d
ffb5
044a
13cc
f40f
f4c2
ffbc
fde8
e6f5
f0bb
124d
0724
f244
f901
0243
ef64
2653
0b81
0a84
09cc
03b0
fbea
060c
0081
ef3b
002b
ecda
e9a0
fe20
fede
f980
0a0f
ef05
0b17
fad9
eda6
06be
faa6
0961
f552
04bd
0249
0bce
058b
022f
006e
fb48
0e9f
f55c
f93c
09cc
f3f2
ffbd
f31d
07c1
0966
2254
f43e
f961
079c
fd5d
124d
fe41
0b0a
fb08
0bcd
f47f
0b13
0c0f
0d7f
0ea5
100a
fbee
0bd5
fda1
f8d4
02ef
010b
f3a8
0307
f16a
e8ed
f902
eec5
fe5d
0471
056c
04fc
06c4
f751
f66b
0133
0528
084d
0ba4
0794
fde9
168a
ee42
070f
042e
08ae
021b
ffd8
0358
081d
f5fa
02ae
0028
00dc
fc0c
f1b8
feda
0a5d
f96d
1530
0919
09f4
0124
05bc
f5e7
0f52
1625
04c7
0a0a
feef
10a9
0a40
046e
ff48
0a30
0062
f370
0072
ec32
f2ea
0569
feaa
0572
e9e1
f772
06e0
e31a
f5a8
08e6
f4df
0932
0cc8
057a
fe47
05d6
0c88
f25b
ec64
0c16
fa2e
095e
e84d
06f1
ff96
f3a4
f8f6
08f6
fa04
06df
f448
f69c
ff8c
02bf
f6e9
02c5
0dc5
fc2f
09bb
e35e
e612
fde2
105b
f812
117d
f4a0
f7c5
0693
f318
096a
f920
0d8d
fa08
0630
1793
f9e4
04f5
fe78
0976
f237
0adb
f28c
fa6e
f59d
f681
f17e
078a
f5c0
e7e8
fc06
e78d
009f
020f
08f8
fec7
052f
f506
f5b1
02e0
fc31
032f
05b9
035f
0d10
0a1e
fde0
0841
0802
0993
00a5
f69d
f91f
fed5
07b0
f5e0
0192
0101
fd90
f417
009a
0215
f8cf
148a
fb48
0c6e
0492
fff5
0404
ff16
fcbc
f4f0
0685
feb9
03e6
fd90
0e72
fc94
f96a
0254
0dac
0a1d
0157
fedd
106e
22d7
0985
f3b2
f7f5
fd18
0620
04b5
fc56
ebd7
fb4b
f7f7
132e
f3cf
063d
e471
122c
fbdc
0074
10d7
0642
0bbb
ffce
eba6
f138
0576
1041
fcf3
14e7
061e
efd3
0b2c
10f1
fab0
f8fc
fc99
0b46
1438
0a9d
f1c8
ecc6
f93f
003a
f48b
fe08
f2a5
fb9f
fb86
f515
f517
fdeb
075a
f669
ef9a
0d44
1139
01fe
f92b
fc04
0602
09bd
0b4f
0965
04a8
0210
ff2c
0377
04b4
00cc
0014
031d
ecb1
0548
0aa9
fa4b
08e2
fe9d
02da
f599
f5b9
09f8
0ada
fead
ff29
0037
fa9b
0190
04ae
f611
003e
0284
fa43
00d6
05ec
01ce
fa2f
fe5b
f300
040f
ff7b
f1b3
0220
fa8b
00a4
057d
ff31
f9b1
0646
fdf8
f1c6
0753
f704
f863
ff0b
ffe8
014e
0346
0670
0b5b
000f
f527
fca4
fccf
f7fe
0763
ff83
1027
f6c1
f653
03eb
fdfc
fefc
00c1
fe42
f4ac
f2a2
f853
ee17
0a9f
0bf5
f71e
0522
f982
fee2
011a
074a
f639
fb76
089c
033b
0648
0353
fd69
0011
f653
f5ca
fa95
01a6
fcb0
0014
018b
f986
0681
f79d
f156
eea9
f6f3
0394
02c5
148e
fbcb
0771
ec43
fe31
fd48
0081
004c
ff70
fc31
065c
fbf5
025a
f848
fc28
f026
fa36
f642
04a2
fb17
fb8b
fd7a
06f2
ff36
0113
059a
fd42
fefe
04d1
ff36
0491
fcfc
fb94
0327
fa82
07ad
04c8
0fa8
fd52
fd00
f746
0344
00d1
0571
fc13
fb0e
063a
0829
fb99
fbd8
087b
fea1
0045
01c2
f7cd
fe61
004d
0073
ffe2
01d1
f4c0
fccf
fe88
ff26
0379
0234
03b6
fd56
05a8
00e5
f42a
0525
004e
0641
022a
01e5
0207
0607
0122
00c3
0314
0626
fe01
ff31
fabf
084b
080a
f4d6
f59e
f3c4
0190
f70f
065a
01fb
fe15
01f5
f618
fb32
039c
03de
05aa
f084
fddb
0bde
faa2
fa92
ff27
f97c
f776
03f8
fd3b
0ab5
fb09
0186
f3f1
f9a3
f5a5
0402
f8f8
005d
fe16
0228
f64c
e93e
fe82
fc05
0151
fd09
1325
0601
0f9c
fe26
f7ab
fda7
0f59
00b2
07db
102a
21a4
e5f4
0215
ff52
052a
ffc9
1c3c
06c4
08f6
fd75
fa2b
0622
171a
fa1d
f355
0370
0647
01ab
f6c2
0212
fdd1
ff70
fb60
0492
212c
f72d
06cf
f518
0463
0c5f
0484
11d2
0206
0346
ff3c
058c
f8e2
02fc
0beb
0096
0432
08c5
03f4
0320
00e5
0c80
f809
0598
f7f1
090f
f8d4
032d
fef0
fdd1
fe3a
0841
f92a
0780
06be
f16f
1b08
07b2
03cb
051a
f3fe
0723
0f0c
f154
f7ca
0b6c
065c
fe08
f1c5
f840
f77f
fb67
fd98
f450
fa31
fa36
056e
0832
0269
f73f
ffbf
fe3e
fcfe
0273
1306
047d
f6a6
f826
fa91
04d4
f336
012e
06cb
fcc3
f6b3
0be7
02c4
056a
0b5c
0086
08d0
fa0b
f783
fcce
09f7
0038
0a2b
0130
fcbd
02a3
fb72
fdeb
fb72
020e
09c6
f402
f9b9
ff07
075e
ec9a
f5f8
007a
0f79
fd72
0468
f83a
00bd
f68e
f7e0
026f
f88d
0417
04b0
fe08
f859
09d4
fc79
015c
f71c
088b
f075
0a4a
0a33
004f
0a7f
feea
077f
fec9
eb90
f954
0535
fbcf
0409
f3d7
fc52
f716
00dd
fb6f
05da
0b45
fe6e
fdd9
fdcc
0761
11eb
03ce
041f
0054
ede3
0613
0218
fdf3
00ce
fcb8
fcf3
02e3
fcca
f346
001f
07b4
ff1f
0536
050d
fc5f
f33c
023a
f913
09e6
01d2
08de
0181
f358
f580
fc8b
f589
fb97
f0c5
02c6
f295
0a0e
112a
fe8d
fc5f
f3d3
f1b6
f872
ee3e
0e8c
0124
edab
fae5
0659
f8b8
fa2c
faa2
fed5
f4ed
fcc9
eb3a
0add
1188
0e71
f889
1331
0400
0788
0645
00e6
039e
fe97
f850
ebe6
fb81
05c0
0dc2
f748
f068
fd4e
0791
f6cc
0325
ef80
007e
f0ef
fc75
0404
0cd5
f79c
f9ab
fda0
fd86
13cb
0a51
ef73
f980
fd8c
f478
06d7
01ad
f547
fd1e
f468
f0a8
000a
0445
f915
0ccf
f90f
f7b1
0c09
f7e4
05ab
f831
fedd
0516
f916
0265
fcad
f725
fceb
fc88
f695
f808
0495
0a6c
f62c
f764
0124
fca2
0131
fd66
0d2a
f35f
fbb4
05bd
f6e0
0a5a
053c
f5bd
fa30
0d97
f769
06d6
0791
00b1
feab
0433
fdb3
093e
f317
eef1
0147
05ab
fae3
fbb7
0791
08c6
0709
f67f
00db
f398
0129
f5e0
0456
07c8
faaf
060a
f92d
0087
ff2c
feb6
0a41
fb72
07b1
fe64
f507
fc80
014e
ea7c
0601
0435
fae8
09bc
06ae
fd8e
fd04
0b06
ff4b
fe4b
036b
0964
fd4f
faab
fca6
f623
02d0
0bc7
ff99
faad
fca6
0098
fc0a
f8ef
0083
0279
0834
fa7c
020a
faba
fd0a
f17f
0ccc
fdf5
fd46
f5d2
01d3
0446
04ec
f51f
ff76
023f
07fc
08c1
0c3b
07ce
ff2e
03df
fe31
f945
ff82
fd46
fb60
0817
fb8c
05be
0115
06a6
fc5d
fb20
fefe
0651
fb5d
0632
fd11
0229
fa73
fd08
fa05
0868
fd5a
0057
fcac
fa6e
fd2e
ffcf
fad2
fe04
fadf
fee2
fb3b
0267
00f1
ff61
fbf8
03ed
ff51
fba5
0177
03d2
02d3
fa07
fe9d
f5c1
feaf
03cf
0154
fe6b
fe24
fc58
013a
0591
0023
0637
f89c
06d0
fdf9
fdd4
fe2c
03d1
00b0
197a
fcc8
0dd8
06ff
0576
f85b
f433
ffc3
03dd
064e
fb51
03d3
1286
f73a
f947
03f3
06f4
ef4c
01ef
ff82
0006
1063
0210
fb25
0bd0
f0d0
0187
ff90
fb0f
fa94
0593
ff94
fea6
0158
fdd9
0264
f58d
f3a9
03d9
03cb
fb8e
019b
1a0c
0b70
ff15
02dd
f96e
1a0d
fbd1
0ae6
03bd
0150
f9af
fda5
0216
0346
08e6
08ea
1364
01cc
09fa
000d
0267
0c02
faaa
0640
f268
12e4
09a8
f946
177e
1511
153a
f86d
f564
ff3a
f8f8
f997
f2e1
f7c4
103f
00bc
f78d
d68c
0cf6
f620
fe5a
f68c
ff3a
e591
00b3
ff26
0482
efc0
f2b1
ceb4
0999
ff0c
f679
2c22
fc20
e36b
fcaf
ebb3
0a8e
00fa
f88e
02b3
07c8
fb6c
06a1
df59
f2f4
1120
f8e6
167b
f88c
0132
00d5
fca7
fa6e
1f36
1427
0ca9
0567
0ac6
fb96
0c2b
050a
1225
0c9c
0655
fb4f
fd6c
f8e8
04fe
fb0b
ff36
01c8
03e4
0069
04e0
fe55
0c31
1c8e
03e9
017c
fb47
0bb6
034b
f293
103d
0016
03c4
02e2
f67f
fe6e
0ac2
0807
f7eb
ee9f
f27d
07c0
0448
f4b5
f7d6
fbb0
0242
feb9
094a
f64f
fd0e
f1f3
0539
f994
e6b5
0584
f76a
f480
064a
fab5
f61b
02b1
fff4
0254
fc46
e854
049f
f2a2
071d
eeca
0e69
f87d
faa4
f7a7
00fa
fe9f
09f9
fa03
fe3e
ea77
082a
f50b
106b
0d48
0e67
0eef
f86e
fb3c
fabd
f6b0
08ec
0b48
0cb0
0f4c
f5e2
f7f5
f2ef
ebc9
0518
003f
0568
0e95
f6b4
e6b7
0957
1b4c
fcd7
0fe7
f4ff
0293
f9c3
fd19
f9e6
fae6
fcb0
fba0
10ae
fa06
1db5
f9de
f600
ff11
08c1
060b
f9a5
ebfe
f8d9
eb32
0ff4
1c12
0a65
f35e
0e14
f48f
fdc3
e40f
f8dd
fe5f
0e50
e8cf
0fbd
123c
f9eb
1c0d
f743
ee28
1a0a
f182
0cec
f676
edaf
1d6c
1d85
f764
fb39
1f0e
ee81
eb7f
0caf
f671
f9fc
153a
f18a
f568
2707
0093
e2c7
f974
0eb1
fda0
2091
02a6
f150
0cf9
199c
033e
0fe5
f85a
059e
0180
243b
f607
040d
f226
f46b
f007
07e3
023f
12c4
04e7
feb6
ff27
125f
1d2a
ee56
1471
04a2
05ef
095f
fa9e
f9b7
0a1e
f28e
0a8c
0003
ff74
0af5
df8c
f2c3
eeeb
ecd6
0287
fec1
fdbb
ea80
f150
f874
f7a6
0b50
fd24
0d64
02a6
fcfc
fb19
ffd6
08ac
fde3
ff37
002e
eea2
1378
0c43
f9ef
f7af
fd5a
f9b2
f526
fd37
1ba6
fc92
ec7a
fb5f
0527
f7d3
063e
fb35
119f
0570
fe12
f69e
e698
f8c0
0d23
048a
f346
f15f
fa6c
ff29
fd6d
03a8
0405
02a7
ffd0
f3ca
fcc3
fecd
fc48
fdb9
063c
ee42
fdaf
f4ed
038c
ff88
1078
f5ce
099d
fe44
0002
fd38
0265
ff02
1e2a
ffec
f4b2
02cc
fad6
f9dd
fb67
0dfc
0463
fec5
07d8
0001
0ce9
09dc
ffe1
0416
fabf
0ee6
0c7e
05c4
0fc9
0eb4
fb9c
fb1b
0772
fab6
e870
fc93
0a87
f521
0d70
fc5c
f191
0290
fff8
0546
fd07
fe23
e865
0a36
0164
1554
0c80
0355
ff98
017d
febc
0142
fe3b
0a91
07ab
f6a8
fb7c
f5b3
088e
eabe
166b
0f35
08a0
ff23
f47b
fba5
08a0
f07b
f273
fbcf
07cc
03a9
08b1
f78e
0f3f
0bc8
01c3
04d1
0332
0330
0326
018d
0093
0dfe
fc0c
102d
f5dd
f68f
0ef7
ef7b
f1fc
fee6
ffa2
0939
049d
0353
00fe
1384
01c6
0777
066c
065b
0cb6
e744
f272
f5a7
0f5b
f668
0d32
fdeb
fb6a
00ca
f5b4
0a05
f7c5
09f7
e226
e567
01fb
f6be
0229
df0b
efc1
f918
ff1e
0577
083a
ee48
fcf5
ff15
04ea
ff41
fb1a
07fd
06eb
0767
01ac
f6dc
015e
0f4e
0189
fad9
fc2f
0900
0da5
facb
fd3a
f5c0
fb32
17f0
f974
f8f6
173d
f2ef
070e
042a
fc90
eabd
ef5a
f19e
0a48
09c7
0903
0641
ed98
f940
f67d
fbb5
044a
feec
0a59
fc52
0735
137b
0c5e
f383
f766
038c
0a66
fe9c
052f
f91d
f862
024b
05b9
009c
077c
0e6c
fc48
fee5
017d
fd33
fe46
0d16
0480
09cf
fcde
0abe
0bc2
04ef
fd2d
0700
fcf8
0861
0505
f9cd
f41d
faf3
02e9
04dd
0180
0975
0359
fe85
0374
01a1
edae
03b5
0a6f
f4eb
059c
ecbd
fb18
f23e
ff3c
f8c7
012e
115c
04ba
f3a5
005b
fd5b
06b0
0738
fb9f
f224
062d
04b4
f6f8
01f1
0021
f50d
fd06
fbc5
fde0
028b
0350
15fb
0c89
00e0
f43a
04ef
fdb0
fc40
0503
0088
f931
07e2
03b7
10e6
fd30
faa7
f5a4
ee28
01a1
f261
fc0f
f9ae
fe90
00ce
054e
feca
feb9
065d
fe14
0231
0395
0842
01af
028d
fb6d
f89e
03a2
005a
f79c
fbd1
03d1
0899
fff3
0884
01d1
f428
fd8a
f0d8
f26f
03a4
f764
0257
01ef
f64d
f982
f602
ebd1
02d9
03c2
0145
0356
fd59
042a
007c
ffe5
092d
fe52
06ea
02a7
fe3f
fb9e
fd5b
00f4
f931
fe20
001c
fcfb
f74d
0a4b
0c90
01ac
fd01
050f
faf3
0552
0489
02ac
f765
0575
ffc4
0456
fba7
0472
0373
0201
f8bf
04a5
04a6
ff03
023b
0871
fcb3
f88f
f73a
01e9
0c21
f171
fd94
fe26
f80b
f634
fffc
f4f4
0255
0650
04bd
ff4c
f880
007b
ffed
fd3c
0467
f5e5
fa61
0848
fc5d
fce6
0086
043d
0435
f5a7
fc9a
f236
0ef4
fa07
ff8e
0f57
0445
f382
0566
055f
ff35
fbe7
fdbd
f977
02a9
02c2
f177
fd86
fb74
ffe3
01bf
17a7
09f2
f569
ff33
ecda
0913
0112
ea3e
0bf2
0532
011f
033a
fae2
f79a
fea9
f518
0066
0bd5
f791
01c2
fee0
f954
f29a
f762
0431
003b
fa37
0c1a
fd76
09de
f951
fc0d
f6fb
0157
0ae9
0c4c
1522
0c5b
f802
ff83
0ea4
0163
0477
f3c5
063d
0ea1
01e5
fce8
0f38
09db
0d0f
eb28
0784
0199
ff5f
0fe6
fde6
fd82
0a1d
ffcb
ff85
fdbe
142c
0f92
03c8
f7f1
0fa3
f810
0d54
03b4
0a97
0548
0552
0770
fed9
0103
0eea
fcb6
078a
0677
0dc4
025b
fad5
fe65
0ea1
079a
ff72
f816
1cfd
0bd5
fd06
04e0
01a3
0ce1
08aa
02fc
f2ff
06f0
0df1
0309
f536
f492
faf1
fadf
f49d
0450
eecf
02ec
f37b
f645
034e
f169
fc95
0386
f2ba
f9af
f8fc
121f
03ee
ff10
04ea
f5bf
fdc4
ff7a
eb7f
f74a
ec24
f8f5
f666
018a
01dc
03a3
f79a
fef4
06eb
f6f4
1434
02a0
01e4
03e2
fb57
fccd
02af
f794
0d1d
fea5
03a1
01ef
f48b
f749
09b0
f1d6
0cdd
eaa1
fa06
00d1
0bc9
052d
f297
f926
ea3c
fcf4
0413
02fe
0bc4
0536
02be
fc0d
fd3e
fbc1
fe7b
03e1
ff3b
0350
07ac
03ac
00a6
febf
fc94
0370
f827
02aa
032c
ffa7
01e5
fe32
ff66
0377
f88d
fcd2
00f2
fe54
0521
002c
fec1
f57d
f955
f6b0
02d8
0911
03c8
ffeb
0720
01f4
02ed
00b0
ffbb
f903
09fe
1054
fa28
05ab
ffd7
f847
0533
edba
f869
feb2
0101
fcf9
0418
06ce
feed
ff5a
f8a4
0382
fe58
fbbc
f858
015f
ed33
0bb0
fcdc
f060
eb79
f06e
f362
0842
060f
fc61
02a9
06c1
02a9
0682
f925
f83b
03e5
f32a
0606
fc1e
0279
f983
f3e0
ede0
0012
06fd
fd7f
e969
fc25
f11f
fee9
109c
fba3
e941
0a90
fdb5
004a
f42c
00b3
f202
f951
ef7d
09e1
08d8
f1a2
0f59
f662
f851
f1d5
e5cc
02cc
f320
ef18
00e2
fdfa
0566
f179
f761
0397
055f
0577
fba7
fffc
f8c4
fb42
f05f
e771
f3fb
f1ad
080a
0434
fc17
ff88
f3d0
ff7a
f543
0151
0c1a
ff37
f40f
fd71
ec3d
fad3
0882
fbfd
fabb
00bc
049e
f467
fa11
f5f3
fbd6
0724
0028
f500
fec5
fb91
f9d7
0079
f3a8
0b8f
fc69
0291
f494
f45e
fb60
ff3b
fd8a
104a
06ae
fde8
f92d
ffad
01e6
f4bd
f226
f925
0399
04ca
04a2
f71a
fa15
e38c
f287
01e5
035a
004f
015a
0279
06f4
07e4
07de
fee6
0710
fddd
033e
fc41
11c2
f72a
f959
08f6
04d7
0dd0
e821
f7d7
0874
06c6
0e7f
004a
0866
0a02
f9f5
17cb
1582
0ccf
f054
ff43
115b
1e94
0623
05c7
05a4
0497
fa2c
0740
0539
0839
043f
f6b6
099d
04bf
ff02
0929
ff2f
1e7c
09c2
ff76
fd4c
f86b
0fdf
0bc7
0897
0b9c
0598
0838
04cc
1ac1
0669
eddc
0429
ffa8
fb63
fcba
f7fc
f8f9
0b59
0015
0b70
f563
0286
fe4c
f8e8
f779
0137
0224
f703
0805
f243
004b
fd37
ff6f
00f7
fdb0
0334
f7a4
00bf
0148
fc66
077e
009d
f9b0
f251
017f
0905
fee3
0322
fc61
fe83
01da
051b
ffc4
128b
ff1e
f7bf
017e
fdb4
fbd7
09e9
0730
fad8
0036
009b
00a9
01cf
0101
012d
f118
f65b
fa76
fe10
0cc8
026b
f94f
09f1
0aeb
fe05
f43b
09aa
f1e3
00d2
fe84
f744
05d1
0cba
fa9f
0cc3
fa37
f6f4
fccd
f8bc
077f
04d3
01eb
0cc0
05be
00c9
0374
0d59
0033
0210
0909
0613
f5f8
f077
f8cf
0211
0219
fa22
ff4b
ffc3
ff16
f3d4
1481
0119
ff0d
06d5
fcd5
01a9
fb00
f72e
08b2
0218
033c
03b4
079e
fab8
e747
097d
011a
005f
036d
fcce
0641
08fb
fa41
fee3
07f4
0024
f77a
fc42
0f3e
0f89
f01f
1e09
2627
0330
e4d1
f3b7
fb94
fdfb
0d31
faa9
e3bb
fe9e
fb01
125e
05f9
ff78
f2e6
113c
f7e5
f566
fb7a
f712
f81f
fcd8
f573
fd7b
d8dd
fd7a
f4a9
fa66
1615
045c
f0a4
f796
f242
fd24
eec5
fe25
0919
fbca
ed44
fb42
0928
fd20
fa59
f364
01ce
e91a
0947
e97b
efa1
f545
015a
ee3e
0f70
0c27
f066
fcdb
f250
0957
05cd
0991
fe56
fea7
fe2c
06d6
055e
f6b7
f17a
fb82
05b4
fb0b
0786
fbe0
04b8
fe71
fb41
0b95
fb9e
0509
0479
fd09
0841
f7c6
0c02
f6fd
0051
02a7
01ce
fec9
e539
ee9a
068c
ff9a
0dd7
f051
02b2
eded
0469
048e
0109
06ba
fbcc
f7cf
09be
ffb3
f516
1328
04d5
f4ec
f416
0017
087f
06be
02c5
01b9
fe28
0340
0818
0455
f6a5
04ce
ffe2
01a9
0815
f477
fc99
148e
0dcd
0aa3
0826
f934
0703
f988
0540
f8a7
fee7
104a
f19b
0bad
0a6e
f6e9
ffdd
0c3e
13a5
f7d4
f61e
f5e9
fa9e
f81a
00a4
f82f
0071
fdb2
f8f6
f617
021f
0f30
fccb
0247
0563
fe66
01c9
f39b
f66b
eab4
03d8
fc02
fffc
06da
0416
01e1
fe8e
f9b2
09b3
132e
e9e4
f71f
f3bb
fec4
05c2
f312
0921
0434
fd7a
fe86
f012
fb6b
0a9e
0c9e
140f
fa06
0a5e
0099
1208
00c7
fc3b
001c
0423
02ce
148f
f60b
fc7b
0489
029b
f5f5
0252
0b58
f7ba
0de6
0acd
f398
1982
0d92
0664
09cd
0429
070b
e411
0848
ff70
f86f
1091
f70e
0294
f24f
1570
065e
fca0
fd4d
0236
fb7c
fada
fa02
f0e6
04b1
fa8c
f648
f46f
f2c3
062f
f076
feab
0420
045a
0a4a
fb18
1089
0543
fd87
0957
14b8
1104
1049
f7b8
ff6d
0114
0db2
0486
099c
e0ac
f22a
fcff
ee70
fb52
03ba
f8fd
ffe2
06e8
fdc8
0a9b
ef9f
fe67
fd53
0fc4
f714
f3f5
fa48
0b94
01e8
ff9f
086f
0762
fb4a
0149
fe1a
fa44
007d
f5d8
fa89
f46d
f854
fa1f
ef9a
f823
fc15
03ca
f260
f2b6
00f9
00f1
f15c
015d
faff
028d
071a
fcf2
ea28
fd50
1cbb
086f
ffad
f99a
00f3
f269
ff38
0dd5
0220
01b8
0911
f52e
f622
fd18
f83c
063d
fd92
0b78
0634
0383
0732
181f
f4ba
fd60
ffbe
040c
01b5
0e72
f119
137f
07d0
fc99
0363
f124
0d8d
fd14
01ff
1037
0048
063c
0152
fe78
f8b6
0751
035f
fc93
fd69
152a
fefa
f95f
fd7f
142f
0e82
0524
02fb
0cde
ff97
020f
065d
0ed5
03e4
0fa8
0fc2
0793
f151
0be2
0233
0b97
0b2b
0fc4
e245
1f7a
f946
ecb1
01b8
fccb
feea
eb15
ff22
f11e
ffec
0e1e
02d9
0b38
0273
f89c
13bd
0331
0281
fed7
e8b8
0025
0a4b
03e1
f933
f8ed
fcbd
08be
f8c3
f7dc
0abf
f897
0392
ec52
fc3a
fbd6
00fe
fe35
16d5
fc86
f6fd
f6ac
f8de
f709
f768
f22e
fc3f
0675
fd76
1191
fc17
05d9
fd4d
0172
05e1
0562
f99b
0600
0bdf
f0b7
0512
09d9
0c20
fab4
05ed
0be3
ff7f
0113
137e
ec18
f0ab
f4ed
0be4
01cb
0096
05d8
0240
fd24
0d86
0d6b
14ba
02c9
10ae
0574
ffe8
08d1
fb3c
0f92
f383
03d6
feba
e2b4
0ae6
e799
e387
f9c8
fb15
067e
0a46
0dd0
f347
ff96
0374
05d6
edd9
03f0
fa73
01d2
00d5
f984
15d5
f5ad
0ebd
f481
fb27
f1b7
0156
0ade
fd2c
0828
ed67
ff45
f6d0
ff86
0bb6
0f7d
0b2d
09a9
089b
f67c
0204
fc09
fd43
f028
0641
f990
f948
0602
f448
f841
f948
f847
06c6
f201
00e4
04f8
f4b9
00ec
f8f3
fe4b
fcef
f920
fd76
090e
f71e
0c27
0676
e95f
128b
fd57
0629
ec44
f870
0cc8
f604
02f2
0356
fe2d
1047
ff39
f8b0
073b
ea2b
fa5c
f62d
f801
f899
021d
fec7
0b85
fc4f
faa3
f98b
0536
f1e4
0b0e
f731
f975
0426
02bb
fa44
ea6c
fde6
f8f3
014c
032a
fb6f
1c86
0052
07e2
017d
0b93
07af
0ce3
190c
0628
0250
05f5
0590
013c
0191
f926
fc5c
08fe
fd20
fc9d
ff62
fb47
089d
f695
fab1
0a74
fef6
0499
066a
0e20
096a
fb47
f7e1
0167
f68b
067b
01ab
ffa5
0606
0473
0273
ff68
0895
0875
08a4
fa3c
0827
001d
03eb
037f
036a
02c0
0666
04dc
054f
f2e5
0666
fc7f
0d16
fcfb
fc24
0e8f
01d8
08bc
06f6
1542
f7f0
04e4
011c
0742
0899
fba1
0067
02c9
fb58
0897
fbc7
f948
05a2
059a
05ac
009d
fa25
07e3
fc07
04c2
fd19
fa2c
0c2d
031c
016d
fb19
0b52
e5a9
fe82
052a
fd06
0980
02e4
0496
0145
0107
0037
fdd4
0203
fbac
0f7f
fc3c
ff84
fbaa
f686
0139
faa6
f219
f9c5
0623
0354
016e
f69b
127d
028a
03f0
083b
065b
0a07
fe3d
f9e0
0da9
0045
09a5
08d7
1629
f924
04f9
0365
1328
0fa2
0b17
ffc1
08bb
0bcb
f55b
03dd
07e3
faac
faad
fb7e
0a75
e2f3
0ed4
0023
f38f
f96d
0a1e
fe6f
0a5b
0248
0220
fd98
0be2
fac2
ff4b
fbc6
0496
0519
fd97
fe86
142e
ff9f
0bc2
05d3
f606
09ea
e88a
0791
0263
f83d
0242
f99f
fcd5
fff9
0da4
0188
0722
0653
fb02
0903
fcd7
fb82
f628
fac6
088d
0cd8
f4f3
0944
fc1e
f9b8
0304
fb2c
e838
fd6c
f45b
083d
e576
f5ab
f7a6
f6ff
f3f8
04aa
fa0b
0bba
f727
0616
fd58
fa34
f8da
09b6
f3f4
fbb7
f537
f55c
f2ab
04a4
ff4b
f3df
f2b6
fb35
f686
03a2
f214
fbe5
095b
f1dc
fed7
f7b4
fe91
ddfe
f8cd
02c3
09a2
040c
003a
f3fd
f282
f3f9
06a9
f1de
017c
054a
f678
f5af
f254
082e
06bb
fed2
01d7
0e13
1856
04d4
f77e
054e
fe55
ff4a
04d6
060b
0d22
fcc1
04a5
0160
081c
fc9b
f998
1733
fb50
097f
fb0c
f99d
fdc3
f440
0f57
081d
0a21
fe59
fa11
0253
07e2
fd2c
f6af
11ac
1185
fb05
095c
04fb
fe17
fade
010b
0ef9
fc8f
088e
fc36
0072
0bf3
fecb
0227
0585
f952
037d
0a95
ff77
0bb3
02b8
f8b6
fdd0
f86e
0273
0090
03ff
fb5c
fd27
0789
08cb
fb48
0632
0d84
0733
01af
00e7
04b5
f70b
fd69
01d6
0697
0255
0459
05a6
f8cf
0dc9
fdf1
06c9
03e9
07b0
0a72
06c7
f408
0859
faf2
00ec
0665
0353
06f3
fbec
0872
024c
021c
0449
f1d4
1066
060a
f456
f7fa
03b1
fd4b
fbdd
f369
fffb
f49b
fb03
f565
fb63
f250
0305
03a4
0015
00d0
f946
04a6
049e
f457
05a2
0140
ff8d
f624
0249
000a
0370
01ba
0918
0104
e970
0f11
0a7e
ff10
f4dc
f6fa
0914
0aa3
f21e
fc6c
f3d0
0578
0fb3
01a5
06bf
fed1
01ad
fcb2
fc3c
f60c
04c0
03aa
0ae2
05c6
f3fa
0107
fc39
f5ac
0f60
0b74
004c
f13f
025e
fbb2
ed9e
102b
07a8
ff35
00dd
f3fb
f710
fadf
03b5
0b60
f817
fd98
0dd3
f9e9
fd5c
1500
0528
fdfb
fc0a
f96b
f70e
ffb0
eda6
f55a
f707
eaef
2123
005f
fc61
fb04
fd01
13ec
03b1
0ba5
06bb
ed79
009f
06db
fc04
027a
07f3
08ef
03cf
fae5
fee1
f99f
f5df
01d7
f21b
05a1
0343
01c0
e983
fbb7
f2e3
0652
026b
f162
05c1
0e98
f54d
0501
f28d
0f1d
fd01
fdec
08b0
fab7
07b0
0945
05e8
01a3
0f3a
01ba
e813
f470
10d8
0afd
12ca
f02b
fe22
016c
e6bf
f798
f584
053e
fab8
eda2
fb2c
0325
fefb
105d
f902
0242
f842
0181
f9a9
fe15
f723
f36f
eb96
039b
0a69
eedc
1476
fbf8
030b
ff31
ff14
11ed
0aeb
fd55
0f60
0091
f30a
0382
0624
0cec
fda0
fc50
09c7
05af
f139
0e2e
05de
f5a5
0031
fbc2
f429
01bb
0b83
0140
09fa
05d3
f6f5
f759
0a22
f55d
06a0
fa8b
fc7b
0188
02b1
fa87
0c98
f345
03b5
0601
071a
06fa
09ef
f7a0
0c71
f38d
0906
0717
ff2c
faed
fc40
0cd3
ff4b
f0d0
f0dd
ea70
fec6
01a5
f840
ebf3
fc67
0052
09ac
f680
fe19
fccc
07cf
0e09
0341
0176
00f0
f4bf
08b1
0a02
067e
fa33
ff4e
fdf9
0205
f5e5
035e
ffd6
02d8
0b0c
059e
f7d0
01a9
fd86
fb7e
05ad
0322
fb4e
11ae
fac8
f542
0642
f571
0dc5
0a3f
0042
07ac
00a0
088b
f463
fde7
0a75
0253
fe57
fa8c
fc65
fea2
0abc
f33f
eba4
f731
f3f5
fb34
ee34
ff30
f0f0
0023
04c4
1275
f4b7
0c56
0cc6
f1a0
ff55
0324
fec9
046b
f078
faca
0170
f84b
048a
0c94
018f
f554
ffa8
05fc
00cf
e94c
046b
04f5
e62e
f063
f1d7
fa87
0524
030a
f9fb
0447
eeed
ff86
f2b1
0dcd
ef45
f7af
fe5f
0aa3
0c17
fe70
f98e
04c2
fb5c
ec62
0443
fe7e
ff21
fd97
f212
fa4a
f972
e61d
f1ca
0564
ef84
fc2a
fd93
f51a
f9f1
ea90
ed87
0184
f96e
068e
024d
f5eb
0717
fa29
fd5c
faf9
f31b
ed2e
03f6
f152
f64b
ef5c
ef52
0423
f965
f7f8
e925
fb17
fe0f
f71e
f5b2
ff23
f2e6
060f
f516
edc6
ff08
f1ff
ff80
f0f4
f241
e97b
ede8
ff6f
0b53
00a2
ea4e
f8e4
03a1
ed6c
0dcb
eedc
f59d
ffc6
f645
fd5f
f449
0074
0af2
0d63
fe05
0584
1528
0352
0451
f73b
06f2
0488
028d
0967
0469
fe6e
07a7
f9fa
1033
fa16
fcc6
05de
0089
04e4
0ba2
fd19
0acf
000a
1458
0bb7
1303
112e
fa8c
ed73
0875
0b4a
fc98
0148
04d8
07b8
068b
00c9
03ea
faa7
fdab
1567
0b30
039d
e69c
08c8
0827
f891
f3e5
fcd0
005c
078d
fc8c
0750
0525
f80d
0479
08fd
faf1
02df
0a7e
faad
fb1f
fa7b
0574
0432
ff84
02bb
f651
075f
fe34
0466
fbe1
000d
f2bd
fad4
0b68
fcf8
f185
0182
ff70
00c0
f62a
fd65
02a6
01c2
0402
042b
f852
06dc
f217
09c4
fcf6
0b45
fb92
f8db
08ae
ff11
053c
07ce
fd00
0bd1
018c
faae
fd33
0121
f921
0a8c
f5c2
026e
f8fb
00be
f5b1
fb1b
fa59
ff53
1007
02db
f7ce
f96a
f4ce
0700
fd0c
0385
0570
03d9
0388
f8a1
fde7
026b
0479
050b
f5c3
01cd
0041
0420
08d5
fcc0
ffcc
04e2
fe8e
fb96
fafa
033f
02db
0977
f956
04b5
fa8f
fb50
062a
fc91
f9c9
f7ec
08b0
09bc
0812
fceb
0114
09a9
fcc9
f857
02fd
fd87
fe3f
0784
f9c6
f9a4
01f4
fd19
007c
09be
f2a4
f471
f73d
faf3
02b4
fee9
f68b
008d
fac9
0231
0f14
fa88
0a5f
0ccf
f1fe
00cc
0a5b
0214
0013
fdb3
09d9
011f
ff11
146b
fc0f
034a
ed5b
f884
143a
0dbe
fcf4
14c5
0571
f065
004d
05d8
0e12
f86b
f987
f6c5
06f8
08e4
06ea
06cc
fac5
0c1d
09e1
f5fe
ff81
fb50
0e55
0a0c
076e
03ec
fd3e
0c40
10f5
fbf2
fdc9
0ee8
0f7a
fa83
0a51
0129
0483
f160
fbf1
f469
01d6
06f5
065f
028d
ffa4
0434
07b4
ed83
042a
018c
fe85
05a1
016a
0033
217d
0af8
f4ac
07d5
f95c
015f
fd98
fa1b
0457
1281
0450
f333
072c
138b
079c
f835
fc5e
0a7e
0abd
0916
1012
045a
0153
ff0f
0412
0e33
00e8
0eed
009f
fa83
01ef
036b
fb08
fdfa
089c
f03c
00f6
028e
0400
0e40
100f
fdca
0c97
f90f
071d
fa6c
01d0
101e
f06c
0074
073b
0ade
002f
fbbd
1176
044c
07b5
e866
04e2
0810
f9e3
faf3
11b1
1304
0e2f
0460
f481
0c76
fe8b
0d71
011b
1f29
ec69
0a5d
fd74
fbb8
0820
0966
0776
0c50
fdf9
e7bd
0190
f0bf
f678
f3e1
0186
fc46
f5db
06d2
0b61
08ea
041c
0f3c
fb57
fda5
fcd0
056a
f98d
f724
0935
fcec
f86b
fb12
0930
00f9
1165
f62c
00bd
f4f5
1121
074e
1189
0d21
0133
f932
ff1a
f3dd
ff6e
024f
042b
1980
12a2
0277
0795
01ef
0155
ed5e
fcfa
f3a1
055a
0479
ecb6
232f
126e
163a
f89a
0cfd
1754
fda9
04fd
0127
0fce
0923
f9eb
f573
0a71
ea76
f97a
fdba
1afa
076e
19ea
1158
f945
0099
f772
002f
03d6
062e
f645
0807
096e
16d8
084a
0778
05e0
089e
fe26
00fb
0173
00d8
1824
f0fc
0107
00f6
ff6a
0445
ff11
17ed
1fb2
f2b6
0bb1
0238
1477
e35d
fdd9
151d
0236
f1c5
fbe3
fbbe
fc33
f32f
0c0f
0a3d
05c3
fcd3
0345
f667
fc9f
0bfa
0e23
0da2
fa10
f735
08ff
065d
0a9c
f4b5
0862
ebe2
0bb0
eac6
f8ac
106a
f34d
06c0
f358
f204
0fdd
04b2
001c
fe7a
eed5
fe5b
ee40
ff0e
ffa4
0ac7
fd3e
ebcb
f829
0ef0
fea0
eeb4
fc19
05a4
00cf
f974
fb64
0580
01d5
0320
0469
efc0
050f
0683
fe0b
fdff
f99a
f334
f31e
1038
f5fa
0387
0c90
0f98
edd8
0a03
f960
02dd
0c8f
fb9c
ffe1
0774
f8c7
f7ce
0303
f3bf
066b
f84b
febe
0574
f68d
0dce
fd36
0269
0272
05e4
fab3
fce1
0892
13dd
fa18
001c
eaeb
ecc9
007d
0ea1
faf5
fe0d
ef51
ff9d
0592
f822
fb52
f3e9
f7c1
f300
fdb6
f821
ff04
02e0
0558
fa73
f4c2
00be
fad3
04f9
f954
fe19
0114
f5b0
0995
0111
ef0b
0316
07b2
09ba
00cd
eaae
131e
0e18
f926
ed5f
06e4
fb98
fc2d
07ae
ee5d
f130
f4e9
ee06
046a
14ab
ebfe
f9d2
11d2
07a4
ffe7
05b4
f4f9
0724
ff77
0918
fee4
e4a4
fa9a
08d0
fefe
0d0f
1595
014f
f647
f8ec
ffd0
0a87
eea3
f923
1199
045d
fa97
04f6
0c7f
ff0e
fc72
f362
13c4
f953
0a49
f181
ede0
063e
0cd0
1003
008a
f9c6
f1c9
1818
fae5
0613
f8be
ffb7
fe98
fa92
0a7d
ffed
ee21
010c
0c9d
f772
fd07
0bdc
f4ff
0408
03a8
0b1d
08d8
0861
fe14
f030
fb48
f583
f896
f542
fd26
0bca
06f2
07a5
02e4
fc40
f9ec
fbc9
f87b
02d7
ffc9
f686
fc05
02f3
03b5
fd25
fbc7
068e
fa99
fa79
f92d
f775
f902
f90d
f0e5
f73f
08cf
07f5
feb8
0763
014c
fd79
00f5
0821
0b3d
f6b3
0365
0082
eb1b
f37f
014d
0096
02ef
f6fa
1123
2a83
0862
ece3
e332
005f
1b13
1429
0aa4
142b
fd41
fbd0
0b13
0611
038b
0e23
0597
0ae4
fe03
139b
053a
1b81
f568
fa52
06c6
f986
0837
0ad3
052f
ff0b
0159
feed
e895
0b0c
0633
07d0
0e0c
e513
12a3
fbcb
15dc
03d7
01fa
040d
0b35
ebce
05aa
0bee
efd8
f871
0ce7
1e6e
0f45
1417
ec1d
f4ec
066d
00eb
f9c3
087b
ecc9
f65b
eedb
045f
0a54
028f
07b2
05b8
0e74
f5df
f95e
07f0
edd7
0427
f660
ed1e
fef0
f59c
fe2d
0e19
f689
0073
f6e6
01b5
f5d8
054d
fa2e
fd5e
f368
fc1b
0279
0e0c
005b
f0dc
f6c3
1538
ff2c
fdef
fbb2
05dc
f137
fd29
f388
f98a
f448
0e0c
f3ed
044d
024d
f3a0
f2f1
f9ee
1123
0a6a
f568
0748
f652
f8b9
0904
05a2
e506
0436
f6d3
fe72
023e
141a
0bbd
03e7
09ee
17a2
010f
0303
f0c1
ffd9
f17e
0c3a
f3ea
e37f
f572
f991
0cec
f204
ed17
04a6
09e6
0246
ebcd
f63b
1318
1ac1
07df
0b1b
fcf4
fd08
fd13
0753
0fa4
0469
fee3
048e
f983
fef2
fc5c
0fd0
ff10
fbaf
12c8
13d4
0282
02a0
0687
04fa
f07c
03e8
0365
fe92
019f
055c
f409
0501
1a30
0adb
ffb4
febd
fd1b
05cc
f105
025c
fe77
f353
049b
f2f8
0ea2
04a1
04e3
f394
fc67
f308
ec28
0fdd
fa5f
040c
ff4e
fc5c
0925
1a1c
fe9f
09d5
05c3
f3d7
fa5a
fa12
0050
12a5
03c0
ffe6
fbe7
f5a1
0c04
0ecb
fa8f
f352
0303
0879
0235
ebe8
0624
0d86
f448
fb12
0515
034d
07e3
fe20
fe97
01d2
e7e3
fd03
f31a
0b66
faa1
03c5
0b0c
0967
016a
ff45
f4ac
0374
0527
0427
fa2d
fb7b
0208
efac
fa50
de39
0901
f32c
ffcc
f4a4
ecc5
112e
fd8b
1005
0a20
f78d
e6cd
0397
03f8
16cf
01b2
ff0c
071d
f95b
fbf9
fb3f
f8ab
0d1a
149a
0547
fe03
ec34
fc94
12a1
00af
0d35
ec8a
0749
f614
edc7
104a
0455
0ba2
f677
165a
0d8d
fa02
fb74
f9b6
ee69
f656
f7d9
fe88
0d73
03fd
0db7
05f3
0a6f
190e
0979
f75e
026b
edd9
e173
02bb
fceb
f03a
f6ef
180d
0c8f
eff2
0bd3
fcf6
0eb2
fb3c
f9ec
fc2a
01d3
f3c4
045a
fa4a
fd1b
0251
1282
19eb
0035
f6c2
0102
fb24
fd34
fb10
0bec
048a
0a9d
0ec5
0e98
fbe2
0aa7
eee9
fde0
0643
0937
06ca
ea33
f05b
f3ee
1683
0ee5
074a
f637
fa0f
0c7c
fec1
f9e8
0387
099c
0542
fddd
0f2c
fb8c
00ee
ff20
fc99
0721
0a0b
063a
0a8c
eded
f90e
f406
10db
f9e1
0032
f4c7
0497
ed6c
fd8c
03a1
ff13
ef32
faf3
0f7a
eccf
fbdd
f706
eff9
039d
fc32
f57d
fef2
1443
12d9
f93d
08b6
f699
fccc
fb24
f99c
f681
ed59
ff7c
0803
ff96
0de9
fd6c
ed95
fb1d
f6ed
fc7a
0e48
f045
03ec
026b
05ee
f6c2
f6f1
164c
0d48
0003
ea29
0a7e
0a7b
020c
f7fe
0354
f4c1
0c26
1082
01b2
0b5d
ecae
0560
0e91
fdc9
ecee
fe13
00bf
f3a0
fa02
14e9
f761
fd88
f852
15d9
f7b0
fc93
febf
fe4b
dfa9
1698
01a2
10f7
fe3f
fdb2
0108
0a7c
fd35
f0dd
004d
0525
1ce2
0c8c
ff2e
ecdf
fa1f
0dfe
fb06
0bfa
fa0b
0173
f156
082b
0d66
070f
0b72
0060
f645
0b5f
f33d
f80d
0be0
ff7b
fda7
fb23
f3a2
fcaa
fd12
0ed4
0ecf
0946
f665
030d
079a
f15f
0336
024f
ec39
daca
fe00
00e4
ee85
094c
0d8e
ff93
04a9
138c
08a8
0d34
fa04
07ad
0259
16d5
0d22
ff83
f850
0003
fbec
0e91
0729
fd32
0579
f1ca
073a
1254
09c6
fd73
06d2
0078
0007
f629
08ca
0542
0d04
0819
02f2
18b6
0591
f8ef
068e
086c
f8fe
0053
fb32
fbdc
fbc3
036a
09da
0b68
ff2b
022f
feaf
fadd
0990
02ce
f749
1331
0e18
f801
fcfe
0445
0194
fe7b
0c4e
000b
f278
f533
0361
f3ee
fa89
0f87
0197
09fd
fe61
ed74
ff28
f565
fb8a
00eb
f3f6
011e
f74c
fee7
fcd0
0d07
061c
f2db
efed
fd40
006c
0157
07dc
017e
f911
fd24
06f2
074a
f919
f937
f780
12e9
fd4c
fb81
f9df
0102
f667
fc72
ec9d
f21d
f7a4
0923
fa27
fbaa
092b
0226
fc3c
060e
fa37
fd6e
038b
f039
fe2e
04c7
01ae
f50e
03ee
f9e2
fda3
066b
f069
fd99
fbdf
0408
f83b
f42b
09a1
fc05
ffe5
f981
ffab
fb08
fe8e
0265
f6b1
ffdf
018a
fb66
0607
fb7e
0a3a
fe1b
0429
024c
1050
ff66
f432
0922
0bc7
0d60
03e1
01db
fd99
0523
0013
00c4
e583
f9fd
06d2
f91f
f3b9
021e
fd50
06b3
0b4c
f190
02ad
f34e
f1a8
f50d
0131
f9fc
01a3
02de
f4ec
027d
019e
f913
ff06
ff1b
fd13
f074
0757
0d43
fcf9
078c
1358
f9f0
fca7
138c
04d8
08d4
fd4a
fc2b
fde7
f32a
0232
03d2
fc89
f3d1
fbb7
ffe8
f5ea
f950
07e8
0175
fdcb
ffc6
01d2
0e55
00b5
09bf
f619
fcbf
f913
fe49
fe21
f6ce
0d14
0ccc
f638
f632
03a3
0d57
ff5e
f960
f60b
f541
ead2
03f3
0578
195c
050e
02d2
0bab
124c
ff77
e735
0344
fbed
01bd
fb61
fb08
f674
12b5
eff6
f2a3
0a3a
fde9
044f
f63f
f3ca
fa20
03e2
f65b
0428
01f6
fb02
064e
ec49
fc9b
036a
01e0
0603
0a79
f90f
f9f6
028e
0d02
0223
ef49
f5e9
f409
0151
0b77
0604
f8b5
03ae
015f
f942
f6ae
f83c
ffde
fe1b
0d4b
fcea
095d
0069
0edd
f6a2
061a
042f
0bf9
f7a4
faf7
f6c9
ff3c
f208
0352
02b4
fb4f
1405
0d1f
fc14
ffee
f56a
0616
02f4
f53a
05f9
faa5
ed31
f6fa
f38d
fdd6
0cdd
0805
ff3b
fc0c
f238
05b4
fc6c
fb6b
07d4
f8f7
0407
fcd8
055c
ecda
01e5
fef8
fdf0
f8e9
f69b
01d8
fede
0a50
01c4
edd5
f421
0f30
fdfe
f879
fffe
0410
0983
f5f9
ec96
fdc6
09ba
fc5b
ec91
f83e
0521
f764
0bc9
f6e2
08b4
fc24
fa78
f19d
fdf7
fd2c
f93d
fe7b
ee2a
eb86
06f3
f696
fa58
f91c
fcf0
fd9f
fe07
0ab5
05a8
0896
0647
f920
02a3
fbb1
fccb
fe5d
05c4
f6cb
020e
0005
0944
03de
073c
11fc
fcec
07de
00ea
036b
030a
fb6e
fc2c
feaa
07ca
fb95
faa0
0722
0da8
0595
08ab
fd8c
02e4
010e
045c
fa36
0a65
f8f6
02c3
f69a
f85b
0eee
02fe
0759
04fa
fb8a
fc3b
f94c
1314
ff49
0a53
0922
0435
f12d
070c
06f7
0478
0b3f
0a5a
fcf0
f417
0063
01f2
026d
eef6
ff2d
fc49
0457
087e
17f8
ef16
efbf
1179
f2ab
08ae
0111
078b
009f
f44f
fc82
0fda
f8b9
0786
fef7
02e8
fd84
0b31
034a
f967
fa2f
f6d4
f8f3
f821
071b
fd9c
03d5
0168
0989
0331
feb3
f595
fa21
0295
0c5f
f934
fd88
0c12
1694
065a
0ccb
0a83
f951
f745
f72d
031a
fb3b
fbbd
f71c
fe62
fc1b
f9b6
02ff
0884
fc3d
09d2
fdc7
15f5
03fe
fedb
ef39
f43d
fde6
ff54
0058
060b
fd2d
fba9
05b0
0c57
16fc
0681
f771
01ff
fbfb
00a4
f27e
0909
f3da
f6f1
f9aa
e15f
0885
ff07
fe25
02f4
f234
edbd
fe86
0aed
fc60
0bc9
ff0f
0fb8
0427
f572
fae5
11c7
f404
ffa6
ed97
144f
fe1c
0710
0219
075f
f2bc
01d0
f48f
0089
02a6
009f
fdda
f85c
f441
0e0b
fd47
01f2
f94b
f7fc
f6a8
0e7b
07be
0db3
0760
0052
fafc
0039
fbe5
fdd1
0305
fbe3
0347
0adc
fbe9
fb7d
0c26
06d5
03f8
fd6c
0ca2
fc5e
022f
0194
0bcc
eb83
f72f
fc36
f8bb
fe44
0d69
11fe
fcb0
fc67
f669
eaaa
fa06
0053
fcc1
0459
0850
0124
f64e
fbbf
0698
027a
0402
f8bc
fe8f
fca6
efb8
1254
11d3
ff6c
ff9b
0010
0e3e
1088
01cc
f7d0
0c7e
068b
1630
066a
0175
0a0e
fa7f
fc07
fa96
003f
04c7
0dd0
0086
0760
0242
004a
fcdc
f129
fe99
fc3d
02a2
061f
eb07
ff90
017f
fac0
ee6a
f1e8
ffea
00f3
f2b4
02ea
fdcf
fa04
02cc
fd03
0919
0583
fe5d
0962
0653
0448
004a
fd0f
0d2a
ff34
02ea
fed1
f400
027f
059a
0261
0c3f
0001
fd9a
fc88
0381
02bd
fc91
0924
fe7a
0c33
f8d1
f82e
ffd2
fe93
06be
0642
fd55
f7d9
0666
f689
fef0
f8d1
0571
f10c
f4b7
06be
0c7e
f738
07da
f604
fb42
f8c4
02d6
04b2
fb17
f16d
02f3
fc28
fd00
f877
0560
fe44
f2a4
f9e8
0383
fd78
094f
0bea
fad5
061e
f96a
010f
ee99
0214
f751
0b2c
ff45
f0fc
08d2
0831
ffba
ff18
f3ae
06dd
000d
fd26
fa96
08dd
0781
f873
02cc
f550
fda6
fa74
0116
fc0b
04e9
fe22
0083
02b3
f5e6
07e0
02d7
0d26
f79b
084e
f845
07b8
0555
0697
fdfe
e818
ff78
f7f8
0541
1b4d
0ff9
e4dc
f555
fb81
fd22
05de
0124
fe9a
eda5
f8d0
fde2
f606
03ef
113a
f991
f557
01eb
01cb
fdae
fd02
fec4
ff16
fa38
f715
fc26
0194
0449
fa1d
e99c
09b6
f2ee
0ab8
fde2
0732
01f6
0e62
f622
ffb8
084a
ffa8
fb86
ff6e
f238
0737
04bd
03bd
fa8b
faca
0483
fb3d
0d3c
fd1a
0fb8
0094
fb63
0665
f924
0932
ff95
f305
0d27
0bcd
0a9a
05bd
0a4f
0859
0074
fe66
1cfe
fd62
0cab
fb12
017c
0264
fd7f
02dc
0135
02c2
0e25
08e4
f5b8
fbdc
02e3
0049
0014
0284
06c7
07d5
0330
05dc
0ac2
03bf
fc01
fb5b
0561
f85e
0a88
fe2d
fe27
0628
0811
f69e
061e
0279
029a
0704
048e
fc2b
fa00
fcf1
0b5e
0b90
0c7a
0029
01c7
f375
fa6d
ff31
027d
fbce
0216
fa95
fbdb
0413
fe70
f893
0556
f540
009b
0285
fa37
fd80
0554
fa48
01d5
f541
07c4
ff18
f7d6
fb67
fe98
f871
05e4
fd08
02ab
f678
f787
fec0
fe57
fb55
0520
f858
0782
ff77
062e
f9bc
ee37
fc8e
0074
00b8
fe58
0173
0292
f5f3
01b6
f4b9
08fe
019c
07ce
fba5
f184
f34c
fbe8
0932
0872
0943
03b4
fb6f
0680
ff5c
f4ab
0a17
f6df
021d
fa4e
0d17
0d05
f53f
ffc5
ff74
033f
0713
0ebc
fc72
f454
f6b4
04ba
fd3f
f9be
f1d7
022a
02d9
f079
0528
00c2
092f
0bab
01bc
f65a
f42a
046f
fb01
ee0d
fb3e
091d
0520
f13f
f58a
11ec
032f
fcef
0b0a
f4b3
ff72
088d
f569
0557
07ff
15a2
fc0a
0910
fd2d
feb7
fd9e
0e24
07ed
fc5c
f2ec
f6cb
f90d
0abd
ef6a
08c6
0290
0682
13ce
06de
0dca
05d3
0347
0670
edc9
12c1
011a
02a0
1238
faa4
05a2
fe6f
0865
0bf5
09ca
ffcb
1868
fba8
f28d
0bce
10f9
ea99
04b2
ff44
f4ad
0486
0862
0798
fbd0
01e7
fcea
0151
f855
0311
fc39
08e8
f2f0
fa32
04d7
194e
02c3
ff9b
fdb4
04be
f916
00c2
0ad4
f9a7
1003
fdd8
0102
feef
f899
0241
fd2b
0edb
eba3
0c88
07cc
fb2c
fe58
00f5
012e
eb97
0492
05ff
f842
f92b
006e
fe90
f640
0891
f705
fd35
02c0
0686
072e
029a
f42a
04f1
fc40
fb28
1295
fb0f
e35c
f637
f14e
008a
f853
119d
f9d3
094b
0458
fa67
0083
f809
015e
0580
f798
fe03
fe48
fdbd
04d5
ff7d
fb64
00da
0742
05de
03da
f616
0c11
0004
04ef
06c0
f82d
eee1
fc77
eaaa
fa40
14b8
069e
051d
f279
fe0f
045a
03ed
1156
0629
0ccc
fa93
0a0a
0829
0ef3
0b0a
0535
f824
ec55
0370
0135
1236
ffde
0885
fb81
05aa
0312
0177
0a0e
0158
02f3
f96a
10b1
0818
1172
0786
07ce
05dc
0b70
039d
fbb8
0530
02db
f8f2
f34b
067e
08dc
0edf
faf1
01a9
0530
003c
0245
f24b
02cc
fb55
fa35
f6c0
fc41
05b9
fb92
000a
0971
fca5
f68f
13a4
06e8
fa91
0379
13e0
1a27
fe00
02bc
fdcc
01f9
03db
054b
ff9b
f5b3
03ad
f90b
0233
f6f2
075a
fe87
fbb8
0846
f247
fabe
0f66
0b3e
fee9
09e2
010c
f682
f360
02e1
014a
f453
0cae
076f
0928
f40c
0b04
fcb2
018c
0349
0d78
05e8
fcd8
04a8
ff62
f302
0ebd
0ab1
0b7d
0825
f0d0
01fc
f403
0d67
09db
fda6
fd37
0268
f76a
02e4
f50e
11a0
009d
ff24
fc4d
f57e
09a4
093c
ef4b
e936
fd1b
04bf
f730
0a6e
f4d4
ecaa
0e4d
f8cf
01af
eebf
e359
fb62
f49e
0725
ef18
f73c
f81c
0045
f8af
ffbb
f1a5
fb26
f730
0441
e918
f2f4
fa30
fcef
e27d
0b63
f524
fbd4
fa40
f65d
eecd
045c
e8ab
fb33
ef25
088f
04d2
ea8f
f814
e9e8
f9c3
fc4b
f05a
fa8e
fde7
036e
fb98
ebe4
f617
01e5
ff45
ecf3
f40d
ff50
005b
fbd8
f89e
05a1
10ee
0e31
f70e
06ec
0573
01e5
ed07
0334
034f
ffc8
071e
014e
09b8
023b
0def
fd1d
09ef
f799
fdd8
02ca
fdc4
0473
0e9d
02c6
faef
0a47
0f3c
febd
0ea4
012d
f71c
fe89
02ff
fffd
0024
04a9
09d1
0478
0106
078e
0882
0929
fe37
021b
10c8
01c8
fc9d
0490
088d
0005
00f5
001e
01a3
0ee4
025d
04af
0620
00ef
0e4e
09d4
fcee
fc8a
06a9
f3ce
faf4
0219
0bbe
07dc
fe66
03c7
06fa
ff36
0ab4
0056
02e7
0396
fbd3
fbf9
fb42
0b38
006f
0863
0445
fc73
098d
0b5a
f4cf
f942
fb68
0142
00e0
f42b
01c4
f736
eeb4
0aaf
0885
07ff
0a8a
fa42
00f9
f23e
fbe9
0ecf
0083
efbf
fa8f
0242
07e5
f8e9
fc5d
f969
fc84
fa1f
fd8c
02ba
faa5
0d77
fc09
ff81
fa77
f65e
fd92
0c5d
013a
fe31
04da
08da
fe90
fb2a
00d8
0741
fb21
130d
0381
f15a
0365
fbe3
055d
fc10
07ba
0549
f674
f02c
f4da
ec3d
f96f
00e8
fc76
06ab
0001
ff58
004a
0769
ff93
052b
ff07
058f
fe6f
0a2e
fdb3
013c
0449
0cb3
080e
0055
fddb
0ad4
0613
02bc
f958
0a8a
0af4
0208
027c
fc04
0de9
0853
069b
fb30
0090
0347
0443
f15e
0677
f353
088c
0624
f10d
f395
fe12
fe07
1428
0380
048f
0406
f1ec
0840
0356
043c
0263
0774
0abe
f8b4
fbb3
f839
01e4
02cd
0e73
ecfe
f1b7
fd6d
0d80
fd50
0b9f
ff32
0088
058d
0edc
155b
ed1c
0630
ff89
fd3f
fa96
ed05
124e
0c94
00e2
0520
f48c
0792
14e8
f517
08b1
f956
0adb
fdfc
f614
00e4
0a15
08b8
03ea
07bc
f86b
0523
0cd3
0370
0dd9
fc4e
064e
0702
0cf2
0919
03af
f277
fad5
fe42
f451
fd31
ffd8
f700
f957
f792
fbc9
0589
0262
03e3
f970
f22f
ff61
fbf0
fb99
08f5
fb74
ee05
040e
fd49
09af
02f3
0718
084c
ee04
e69a
0c40
fda8
fa28
0abe
0d66
0219
ee45
fa37
f847
ff05
f97a
f908
fbaf
0933
0607
0783
fcda
0225
012a
02d3
ec9f
01fc
f839
01aa
f3cf
fb97
f3f7
fe62
05c8
037c
f94d
fdb2
02b0
06ab
107a
0023
05a0
06cb
f865
03d1
047e
fdc2
050d
efde
f984
fad3
fdd6
fa34
fe93
043f
0680
f854
f9be
f661
00ef
028f
016b
f6bc
09f4
06bf
fd09
fcb5
fd55
00d2
fb81
066a
ff00
f6f5
01d2
08ea
f9dd
0411
fddc
0142
fc20
089f
09e0
078c
046b
f382
fe1c
fbc0
fcad
050a
fa62
f7aa
018d
fc68
fe75
ff5f
fa13
ffa5
fca8
fbeb
0242
fc21
fd7d
097c
01fb
f47c
fbfd
fc3a
0b63
f81c
fe68
0553
0975
1406
fe1d
04bd
08de
02f1
10d6
f55f
ffce
fb06
071b
0241
fd85
fac9
ff97
f82e
03a8
ff84
fb63
07d4
f4ec
f6ca
02f2
f8a3
fcec
0516
1fec
f8c3
007f
03a4
ff90
05a1
f1e9
05a9
01f3
14eb
1411
ff4c
0dd3
f833
0259
0302
fb76
00b0
06ab
f48f
fa60
f6c9
fa00
f6b4
1267
0477
08a1
055b
f9ec
0d73
fdda
025b
0155
f4da
ffb2
fca1
069e
100f
fce0
039e
f4ba
f137
f1c7
efc5
0623
01fa
efcf
0b4c
ec7d
fea8
fae5
f68f
f680
f07c
fe67
f0bc
f45d
fb9a
fe59
f036
fd06
f5db
082e
133e
039e
0a47
fd7c
0adc
f760
f53b
0083
0de8
fcba
0978
f3e1
ff81
fae6
085c
00b2
f342
e458
f196
1557
ef72
f160
100e
e126
fa16
fb23
f31d
f582
f2ef
016e
fb30
eb25
0525
0f22
0378
f4e7
02f2
fde1
0f28
0393
fa9e
158a
10c3
f7f2
04ea
1034
0ee2
18c8
e476
12be
0eb4
04ba
1065
13b9
0361
fb3b
1163
fd5b
09c2
05f8
0a73
f8aa
1d54
07d3
f3ce
f61f
fffc
09d7
ff16
0d95
0617
f623
f980
1c8e
0442
0bbc
ff4f
ffec
fd39
f0bb
177b
071b
f99a
0b52
f115
fc5c
0638
11bb
1334
09d5
f803
05eb
0987
05e2
08d4
11ae
0f5c
0258
fd6a
fc09
ff6f
0c2a
ff8d
00c4
0174
fa15
fe40
ff81
0a68
ffc2
f7e0
fad5
f185
f6ed
f565
07b3
0827
fa18
f8f6
05dc
fe6f
ff30
0528
fb03
0ee7
f014
0613
0ce7
00ef
fea9
faff
03da
0b9f
f1ca
0ea0
0000
05d0
fe76
f710
07bf
fc84
fee6
020d
0c85
f055
0a3c
ff78
f319
fab5
fec1
0102
1420
0543
f684
0708
fc5e
09f5
0a05
0cc6
f49d
fc2f
138c
01a9
02aa
0615
00c0
0e06
0e11
0f23
0c48
0662
04da
068d
fc91
00dd
0ce8
0076
0442
1b29
0994
0cf4
fce0
f8fe
f835
f5ff
f901
fc35
fcea
0451
e4b4
0be8
fb37
075b
fcbb
04ed
0c24
0a4a
0898
0147
0058
06e3
00c6
10a9
015d
ea04
fad9
06b1
0c85
06d0
059d
0452
0a71
feca
040a
fbe2
fccd
0d9f
17f3
1376
fb93
06d8
15d6
f4dc
faf7
f879
0e3f
088a
12ab
0958
07ef
ff08
04ec
07f4
0c68
0d35
1b06
1542
f064
0966
0314
ed9d
0d86
02d2
1909
080e
f5bc
ed6a
101b
0a65
0e5e
12d0
02e5
fb31
15e8
0e26
073e
f979
055d
0c81
ff7f
09a4
0861
0f1f
f681
fb34
037f
0bd4
069b
0ee5
0845
047e
0406
0f83
01a0
00f3
fda4
10dd
fd65
f0a1
134e
04ec
0396
0257
ee35
f8cf
f958
118f
0b8c
fb3b
fc0f
f7cf
eed4
fc9d
e25a
06f8
f6e7
ff70
f110
ea01
fcfd
f12a
fe6b
03b8
02fa
eb2a
0357
edbc
ffd3
0411
01c9
ff2e
f316
e961
0934
ff3c
fb5e
0454
05aa
0361
fb0e
f700
fd89
09be
f466
fd30
f620
f649
04c9
faa4
f3d2
06eb
ffa0
02f6
f6bc
0370
0415
fca4
09ed
006d
f742
0c5c
f5da
f547
f5f9
ee3f
fa9f
ee04
0543
fd73
0326
f044
e8b9
06ab
f5c4
052b
113c
06cd
fbfb
0eb8
1123
0e4d
01c0
0291
0033
f147
fdb2
04ba
fecf
0ace
f202
0589
0618
f4d9
036f
0b8c
0d5c
0b22
f2a8
0db7
079a
f324
0571
fbde
0a72
0c99
00a9
0027
06be
f858
fd4f
fdf8
fefb
1657
00d6
09de
07b5
03a3
0742
0314
fe82
fe6c
0973
fb44
eff2
fd7d
04b4
0897
07b4
10da
f34e
0aa4
ef4f
12b4
fd6a
07f7
0abe
09ec
046f
f94b
0633
069b
04c8
0baf
041c
04cc
057e
ff65
02a2
ffbf
00f4
10c8
016d
d966
074c
0374
049a
0b71
01bb
050d
fe5b
00f3
f480
0de0
0400
14bb
f890
0cf9
0c73
eb5e
fcad
f86d
f52d
0b78
0a6c
0095
f9a9
027f
037a
03b5
0278
0160
0447
0443
042e
0a1d
0655
067d
07ec
00d1
e92f
fd04
023c
fafa
f698
f667
00cf
f7ee
fb91
f955
0059
152a
0b08
17a3
f9e2
0603
fc95
ecff
ff27
fc8b
0e63
0ca7
0ee5
070d
0070
f97e
0544
f555
178d
fac5
fda8
132e
15f7
0373
0a02
0cfa
0a2e
0712
0b11
0bb7
0d36
063f
f779
04a3
10a4
08d1
f44a
fb45
1293
ff4a
15fb
ed6e
1046
fbbd
f8e3
0646
0623
01a2
f9cc
1ad7
1388
03c2
ef12
faae
0677
11c6
139e
fdbf
014c
15d0
0a79
083d
0805
039f
0a81
f5a9
f0df
f413
105e
f25b
f5f5
113a
fc72
f773
fe2f
f340
fe25
ffa5
f1fc
f505
f2aa
1289
fc30
0147
12c2
fa5d
f2ef
03b4
00cc
0855
fc77
f496
ee1e
f6c7
f103
1428
f9a1
00c5
edd0
efe7
0852
f0c9
f7b2
fb32
0397
107f
f22f
06b8
0961
f463
fede
f909
fd00
f3d6
e6be
04ae
0663
f8a9
07f4
e9b8
fea7
f1ef
011e
fdfd
f578
fc0e
08de
f592
ea80
ec48
f53c
ffce
0afc
fe4c
00d2
f7be
01b1
f31b
094d
fca9
0650
feac
fc89
fb45
05ce
fe3e
02ea
fcdc
084e
008f
f37e
032e
fd76
0ab6
067f
0227
035c
fc2f
07b2
fa66
f417
01e4
0c42
1121
06d0
012c
fdc5
078e
01ce
f8bf
06c8
01d2
f701
fc28
08b3
f7de
f73f
fd52
f10a
fb7e
022f
0248
f7cc
02d9
0564
fe95
03bd
0406
ff24
f703
ec74
0107
05c6
0c39
fd18
080c
030b
fd79
fc9f
e411
ec84
ec6e
fc31
f78d
09f5
0544
f1db
f755
002a
0fd7
f2c1
f7b3
081d
1635
0c11
004f
00ae
095e
0320
ed71
fd0f
fb21
0ae9
0389
fae6
025b
072f
1055
f331
ed99
f426
fd9d
042e
f01e
027e
fbc7
0467
0b93
0894
0b2a
f743
f454
f502
03c8
e4ee
f742
fb9d
011d
031a
025c
e6c9
083d
014d
ff72
0228
0587
012e
0e33
1655
0d1d
fede
029e
10e5
f3ad
fed2
0859
14f8
07b8
00c2
ffc0
16cb
0853
1119
fd3d
0d67
f295
f7f7
11db
09e7
195f
089f
05b9
0ade
0024
1ab0
166a
0a1b
ff80
11b0
01ff
1d8c
fd6a
fa1f
00b7
0a62
f802
04b6
fef7
17bb
ed17
0b76
181f
1ad6
05cc
0573
06f7
1c80
0698
f7c9
0613
0238
1867
1ae7
0c74
f372
09d9
18ac
08a6
0bf0
0f54
0536
0216
efdf
f4d7
fca3
f600
e824
053c
060b
0066
fa69
fc47
f9af
0100
03ba
071d
eb17
01a4
f79a
04e9
04c9
fa6b
fba9
0001
f4b8
fd8b
fc44
0047
e96f
f3b3
ecfb
ffc5
097c
0525
f4ad
f7b6
fc0a
0092
f85e
0076
fd8f
fe39
f313
035c
0684
fa2c
fe9d
f386
0c9b
f26e
f110
0200
04d6
fc3b
ff45
ea90
f107
fee9
09b0
0326
fb6f
fb0f
fab2
f942
fe17
fcf2
0599
00c7
f88e
f535
0420
ff9e
fd38
fdd3
fbd9
0752
f853
0187
0628
04e0
0853
f8d3
ffd1
08bb
0361
0813
0179
fc01
04a1
02ce
f89c
ffa3
01c9
020d
fb42
fae0
fe49
fa3d
fc92
f7db
019b
04d3
fdd0
03a7
07e8
029b
0060
fe85
0483
ffe8
f917
09d5
0061
0639
fd03
0070
084e
f881
01cb
fdd8
ff69
fc16
0380
02a5
05d2
f279
fab0
fecd
fabd
0435
fb81
075b
fd36
0610
078d
f80d
f7f1
1143
079e
0112
0a27
024e
0698
06dd
ffab
064d
00a3
0898
fd5d
fca2
013b
0f18
00e1
fa26
09c7
f911
085b
06c7
04c1
f435
06dd
015c
fc62
ff78
fe52
fabe
f363
0423
0ae0
f728
0034
f8a4
05e5
f7d0
057c
0147
f5ec
0b2d
01db
fb8d
f4ec
fcb3
06ce
fe7d
f81a
04a2
eeee
fee5
06bb
ffaa
0631
0bbd
feb6
04b9
09ba
0fa9
006a
0473
f8a7
071a
f9fb
0866
048d
ff2a
fb7f
f193
18bc
017f
f4e4
e247
075e
f99a
034c
0365
07dc
0be6
fa5a
0435
00ad
05f5
13f9
0258
f676
f11c
160b
0c77
01ff
0513
0e8a
13bd
1077
ee82
0f05
0c95
f884
f8fa
080b
080f
ff3b
09d2
ff10
11cf
0b9d
fd60
06cd
f4f8
0a3d
09c1
f1b9
fa9b
00a1
f625
0757
111a
fddf
fa54
0f9a
0c4a
e9bb
e28e
0d38
f910
f3be
e655
f48b
fdb0
0780
ff61
f30e
eb42
ee41
05c1
e9a6
ffa7
f675
07a6
0cf3
059a
fec5
fafb
ee38
fc93
02ad
0937
f5f1
f943
fd7d
fe50
058b
0ad3
0ba5
0149
f5f1
065f
fd78
fd4c
f808
fe67
e985
fcac
07fc
013a
fc4e
0ae0
026f
041d
fc4c
0b7b
f4cf
f53c
fedc
e644
f281
f9d6
fa74
0a72
f7d0
ec0a
f46e
05d7
fddd
0343
f55a
0059
fdc3
046c
0a1b
f8e2
fe25
f2b2
1520
f935
04fd
0a0c
012f
05af
f150
00ba
057c
f826
fa23
f3ce
0238
038d
fe5a
fbfd
07f5
ff78
018e
0e9a
0844
fb32
0994
f053
0bd0
0b41
fd5d
f9bf
f9e1
f60f
0e33
fd59
017d
fe2e
f9af
00cd
ff70
fb37
065a
f88c
e703
0b88
021a
0037
f8d2
0074
0489
f606
00e1
f67d
faf1
fbc0
fab9
fa69
fdd5
f5cb
0969
0997
fab2
f3e4
0189
fc98
f3d0
0e9c
f4c9
0971
f294
f235
f88f
fe83
09b8
fbd9
0aac
05bb
fb58
fa39
12ae
0e5f
f678
f6bf
1150
f900
02dc
1852
fa5d
f7d8
fd98
0167
035c
066b
f9a0
06b1
f675
f528
0d47
06df
f60d
fe36
ffdd
fdef
f844
03fd
02d5
0ca9
1075
fa4f
fe4e
0371
028f
e171
041e
fd84
0a0f
f9e2
fb34
fb1b
0a3e
fa1a
f39b
f613
f34c
0533
0241
0e2a
0e96
065e
fe67
f9c2
0af8
109c
0032
1a8b
f47a
0f1b
0b87
0879
edc6
faa9
0e5d
037d
fb4c
0e19
058a
071e
0254
0ab6
0ad2
f4aa
10cc
06a8
0942
01d3
04a4
f4d1
feed
05f4
fa8e
1219
0345
0614
0232
02e9
18a0
0393
fa33
fccc
000e
ff43
f755
f6b5
07fa
0146
1c24
ffe8
068c
1adb
0063
f61c
0953
00f3
06d1
0ec0
0ef0
fcdf
f3ac
fe60
ee20
f640
ff2c
137d
f513
f4f9
f226
f825
ffb0
f95d
0336
f8f6
ea8b
0b19
040c
fa80
02c4
0f90
003f
02e5
faca
f381
f95d
f92e
0693
ffa9
0374
02e9
137c
fc23
f707
f87d
1755
0551
00b2
fce7
0c6a
118f
fb54
fae9
ffb4
f3e5
03fa
038a
06d7
f4c2
0313
ee69
18da
0bad
0e6e
0d70
f966
e9b3
feaa
10da
04c7
ff7c
0847
f31e
fe61
0f75
f71c
f0b2
fe09
fe45
f834
fa4a
0837
f753
04b7
fdf9
0531
fb02
0b63
fedc
022f
fdab
058e
0a3a
05a6
05c4
fb77
097a
04f5
01b4
050a
01f1
fab1
f2bf
0544
f4e2
0388
05eb
fa38
fa4f
fabb
fb13
007d
ede2
fd80
0693
f11e
0c9a
01ef
02a6
055e
0f1b
faf5
f8fc
f7c1
f2db
0834
fcda
059e
f506
ee80
068b
f2d9
fbe1
fe2d
fbaf
0b96
fe3a
01d7
fd67
fabe
0204
014a
f610
0832
fe8b
fd97
f7d2
02e4
ff89
07d6
006d
fda8
f2ab
eaea
fb83
05e9
ee21
fb1c
050b
f25b
04e3
00d2
fcb0
034a
107e
ff77
1254
032a
fdb7
fa21
ec1a
f9d1
fa0b
117c
037b
f14c
fed1
ee19
0535
fe14
f816
ff4f
015a
ff1f
f9cb
ff43
fbbe
0ff8
f0be
0bdf
035c
0e03
06dd
eed4
003d
f16d
f590
04ad
042a
f81b
ff7a
08e0
fff6
ff19
f410
011d
ec91
06d1
f7ca
0455
1590
0cf5
0328
1a27
01a3
0b02
04a5
0ac8
f62d
0786
11c7
0a50
fb20
febb
139c
fde9
f62c
08d5
f1ad
fb78
eef2
06fe
069d
f862
0e53
0a3b
0ee6
f740
0f3b
1ed0
032b
fec9
f12c
0889
055f
fe64
0ac7
02b4
0781
0d42
ff3f
0408
fe4b
f754
07ad
fcb1
0e6e
0e71
091e
02cb
05fa
f6b1
07bd
fee3
031c
1067
0b87
f9dd
f1ad
f85c
f2e1
fc44
13d2
eb42
ff9e
0548
ed38
f530
eeaf
f29a
02ab
f2c4
00c3
0499
03a7
09f7
08f1
faa7
0bef
ffd3
f65b
f874
eec0
ffd7
f372
fc29
00a3
fb03
fde8
f13e
f917
01ff
fd54
fa09
fa3a
0624
0141
f725
0097
1078
f1be
fd17
f614
ef7a
e88f
f830
03c7
06bf
f5df
0377
ee78
f811
f4b0
0637
050f
f168
f24d
0349
ec55
fab1
edae
efba
0049
f282
fb48
0559
fc72
f5b3
f7fc
0d89
fd88
01ac
03c0
ff38
fbb3
021a
fc72
fbe7
005f
fcab
0100
fd8a
f61b
f23e
0277
1392
fd43
0153
feee
0315
0893
f4d7
f3e3
07b2
03de
088a
06f9
05e2
f76e
025f
03e3
09ea
0511
f671
018e
0bf4
f802
0416
fd71
fab4
0fe9
09f9
077f
0e30
f6e1
053b
0628
f77e
fbfe
02a9
fe98
fdf7
e954
ff71
fe0b
0046
fff5
0ad1
fea6
f3d3
ff5f
01b3
1255
f8a9
fc06
fc47
fe40
f3f7
fe2c
0749
f370
f9b6
0630
fd54
0964
04de
ff7d
050c
0474
fcef
f7cb
02ec
0325
fce3
0cad
f5d2
ff4a
f8ef
09b9
fd25
03d8
f96b
115b
0de0
f1e4
0d1c
0824
fa43
07eb
facb
fde0
0491
fa44
ff32
08f6
fb5f
01d5
0132
ee5b
0a94
0754
fa00
e748
f0e3
fc69
11ff
f5d8
f47e
01dd
14a1
158f
fb6e
065c
034f
fca4
0296
031a
fea6
09cc
f6f0
0855
f827
0561
14a1
fbf8
044a
f86d
045c
0a71
1334
132c
ffda
0ce4
fd24
f718
0db5
094e
fd1c
10b4
ffeb
f4d0
023e
f915
0559
037f
04c3
0271
f839
04af
16e7
0127
081c
0495
0239
f93d
f6f8
0070
0a58
0c60
f7fa
0e0b
fa7a
1268
079d
f762
01c9
0b21
099c
0572
0695
fc32
fb30
f1da
ef89
f2f2
f4e1
f3bd
0214
04d6
fafc
ff00
f385
f665
f9b2
fba9
0007
f684
f87e
059b
f478
0513
ffab
ee28
015b
06ae
fc4e
fa29
022b
f7a9
f488
ec47
fa27
f9a4
f6ff
fa9f
0ae7
fd7b
f8ad
fd69
fa55
f78b
f8b3
f843
faa5
02d6
fc55
0814
0050
f362
01a0
ed16
e974
079c
054a
fdc5
0102
f2e9
f341
f74f
0412
f055
e6c5
fdd0
fa2c
01fc
fa26
00d4
002c
02ab
fe38
04f1
fb62
fc56
0433
0628
00b1
00a9
f660
fb8d
052b
ff71
0c0f
051a
000d
0e26
07dd
0544
ffd5
0286
f7bd
0208
fd14
fb21
0358
025b
e6f1
f6ab
fb74
f46a
f7f3
febc
f46b
fe6a
fb00
fafd
01b8
00f0
041e
0895
034a
fff0
fa5a
0b0c
fb13
fd17
f96c
ff08
0ac5
f4b0
05fd
00af
0178
0847
f957
0d80
f80b
f689
fa2a
0805
02da
f9fd
f528
06f9
f7e9
0525
0926
f259
f63c
fd02
0030
f42b
06d7
0612
f8c4
fb00
080c
fb32
0153
119f
05d9
f96e
f825
ed3d
ff84
fa2a
0ee2
f6de
edce
faa7
feef
f76d
0583
f0b8
0898
fe97
fd72
f14e
f159
ffdb
f295
f568
f9fc
019e
1172
fb7a
fa51
0a59
05b9
0c06
02b8
0777
f8aa
fc9d
fc70
fbb5
efcb
fa9b
f87b
0d32
fbb4
fe47
03bf
08fb
000c
f9ce
fc61
0e48
f43a
f4d1
fd1f
f6ef
f26f
076b
08a3
fc86
04bb
e7cc
00ad
0a67
066e
02e4
0346
ff6f
f4a1
0353
0e45
0b97
f65b
fa66
fbab
e4f2
01b8
0b59
f987
f034
fec9
fe40
ff98
03f9
0793
03e4
10c7
f5c7
effa
025b
1355
f58b
0215
02c6
07d2
0019
fe13
fb1a
004f
eed7
05f3
f2c3
01f0
1298
0f46
f7d4
fc29
f3b0
137f
ff84
ee8f
fca3
fae1
057d
f765
f535
0b24
00c4
181b
fd42
f533
091e
f863
fcbd
0757
0b95
fb5f
fb7c
0bc6
f301
fa6e
04ad
f8b7
0303
ff63
04bc
fb78
0607
fe0a
01c7
0c82
f6f5
1dc3
ff95
ff6f
0057
07dc
0802
fe9f
08fb
060c
0152
f5d1
fe98
0974
fae2
f475
10a7
00ff
05d0
f6ff
f472
f9c0
098c
faea
075c
fa0f
fc72
fe67
0d4b
0920
fe94
eeb7
012a
fda2
0297
1715
058d
fc45
fed5
fff7
0545
f5af
01f9
0071
fe10
efc4
0387
fc04
04d2
0451
058e
0870
f546
f8f6
ff35
ff81
fdef
fc61
ff09
0954
0294
f5e2
fd27
fb6c
10d9
fe30
06c8
f6b9
016f
093f
0b5d
0342
0a16
f7cc
0512
004f
006e
1ad6
fba5
0487
fd74
f6b8
f600
f60b
0216
fda7
0d79
fbe7
0017
eee9
0275
1054
09b1
0825
f225
f8f5
fb4a
f32d
00ea
ff72
f616
ff78
f8d0
f845
f92e
02ec
e59e
e848
ff0b
f1f6
fdd5
fc08
f10e
f39d
f6ee
074d
0490
f6df
0934
ffbf
f8f8
fd6f
04e5
ffda
ffc8
0132
f546
0108
e8cd
0cf1
f9ee
01f6
fe5b
093a
02e1
05b2
f1d3
03e5
01db
fcdc
f77e
f27f
0629
107a
00f4
fbcc
feea
eca5
fada
037a
0383
007c
ff39
fac4
fdc0
fbfd
0054
fe7c
fe82
f844
0231
f44c
f5dc
078d
efac
fe64
fd01
f33b
faa3
05b9
0709
0cd9
08ac
ed43
0cd4
0faa
1829
08dc
07dd
0c56
ef9a
0538
080c
fe3c
0a08
02b2
fdf4
091f
021b
07b0
0e7d
0944
ff0c
f3b5
f59e
f3cf
e885
10e2
0d2b
0c80
0546
fc08
f575
fe44
141b
030b
0070
f99e
1884
03b3
03a1
fbb8
f21c
f8a9
04e3
ff28
0648
ff30
1251
fcfe
0f98
0a17
1039
0f16
09e4
f8f6
fca9
fb73
f7ef
f48d
ed7f
040f
fec2
06d6
0de1
07a7
03b4
fcb1
f4b0
fde7
fe34
fafe
febf
fb5d
033d
fede
09e7
0109
fbb2
ff90
0328
fb58
f80a
1200
fd79
025d
f198
ea6e
fcec
fa5a
0536
fcbc
ffd9
f3c5
fc4c
0b7a
f8b5
f912
f7de
fee7
f489
0759
0981
f34f
ff02
f95d
f53b
ece9
0639
fc84
fe17
0118
f55d
fd46
f619
07dd
0ca0
f61b
f995
fe64
f839
0288
fe58
f7fd
ff48
f86a
038b
0730
fffb
f50c
0779
fa58
078b
010a
ff56
f538
03cd
fa62
0202
fb38
f99c
072b
f49f
fc38
ea87
1750
0d75
f77d
f9b7
f52b
0ba6
f0b0
1893
fa77
f4dd
f79e
fa83
fb8b
064f
fcde
081b
0b50
ff23
002e
05aa
03ae
ff27
089e
fc1d
039d
fda3
f4c3
f3b0
fc63
0319
015c
fa03
0031
003b
01d7
05ab
f988
f9c1
fe65
fec5
0b8b
0bc1
00ec
012d
f631
fd6b
09fd
128f
0cb2
069d
f484
00be
f2f8
f73b
fe49
00c4
00ba
f22d
03ae
0d98
fde5
0833
00b5
04a6
f434
f878
fb06
ff9d
f4b7
0447
fbc8
069a
0e56
f48b
f5d7
fb6f
14f2
0ec7
0130
fe3a
fafb
00e0
fee0
f7d0
0013
078a
f44d
026b
fc08
eee9
f6ad
f6e7
f785
f63c
0118
f5ab
0561
077b
1130
fa46
f233
f1ac
0442
fccd
ea76
f5b9
0773
0c75
f4b7
1214
0501
f39b
0348
0f00
0ce0
00f3
0279
0a5b
fe7b
14f8
08ff
0467
019c
119d
1586
1443
021e
11e6
fad0
005f
f7c6
f931
fbfc
0de1
f827
effc
f945
0683
103d
fcdc
f942
0adb
07d8
f76a
fbe4
fd05
1303
04e3
faf3
0349
0021
fb51
08ed
1843
00db
03a8
ed78
f628
04ca
faf5
04b8
08c0
fd33
f524
008d
f92b
fcca
011e
0162
03ff
0393
ee43
0614
fc5c
0061
015c
0170
0221
0f49
f4b1
fe2c
fb35
04f0
fabb
0356
fbf8
e722
0826
fadf
041f
f73b
06fb
f9cd
0a9a
f7d1
08e4
fc09
fb37
f1be
126b
1009
089a
02b2
017d
008e
0e31
09bb
f772
efe2
03e6
fde6
fb75
0576
115f
08e9
0202
04a8
f770
f8c1
009a
fecb
fc50
f60e
fac1
fdff
fd7d
f9f4
eb9f
e6f5
02d2
f4f0
f090
07d9
05ca
030b
fcc2
0b6c
0e25
016f
fbbf
f1ba
fc52
f34c
0b1b
e8b0
f68a
f047
019b
08eb
0545
f5f4
f4ce
0eae
fa2a
efc0
0741
1a36
0f17
122f
f644
fd82
fde3
fcd8
13d5
ff6f
0bcf
f1d3
f5e0
079b
0810
efd2
07df
097f
0280
062a
f659
0884
eebe
eb86
0cd8
fe09
0cfb
f458
07bd
faf7
0475
06e0
fe1b
11c2
1c97
f046
0b06
f455
06d8
0227
0af6
0540
034e
0b05
f7cf
fe80
1615
f482
f65b
f3c1
0981
0ba7
0d01
f67d
03b6
fbe4
0251
0605
f6f4
0485
0bf6
085a
01ea
fe7c
067d
0a66
0814
fc16
00cf
f7cf
045e
f708
05d3
0aa7
061e
fee9
f75d
0146
0b87
0b0e
0fd4
ef83
e813
fe19
0b8d
0721
f914
f497
0778
f6e6
012b
f1a8
0160
e1fa
0ba4
09c0
ec0f
05bc
fd45
eece
f6c6
fa92
ea79
05e0
0414
fcac
0260
0188
0e65
0402
1437
f809
0d77
0fd3
0010
0e89
0dfd
1a9f
13cc
fb45
fb69
fe79
fcb7
0236
f51d
f4c5
fd62
02b8
0703
081c
0aa3
16f6
07a2
0198
f797
f7cf
0493
fcac
f91e
01fa
056f
0e2d
0c72
04a8
0327
f9d3
fdd0
015b
0707
03a9
f6e9
ffaa
f8cd
f276
fa26
014d
0914
f992
0246
fd19
087c
04d8
1c3f
041f
f602
05e5
fe09
073f
1055
081d
fc42
f1ec
f55d
edae
09be
f80b
06fc
eecb
10b8
f42a
e7f7
f7d2
f00f
fec3
fa82
e7b8
f5db
fefe
f6c9
f8f9
f68a
09da
fa7f
f889
f41b
0267
f270
08ae
033d
0b6d
fcb2
fab0
006f
0b86
f23d
f272
0136
ff7f
fde5
03c7
fc9e
f40b
096e
f40b
00e8
035e
0308
0726
f4bc
ffad
0111
fb8f
0384
fd7a
0910
f6b1
f960
ffda
00e7
fde3
f055
0135
fd23
f445
f2dc
fa76
1316
0b6e
ffae
040a
ff80
07c3
01d3
fe43
ff64
f9ee
f38a
f52d
050b
0c57
f3aa
ff9e
01e2
fb93
02ea
0029
fb4c
fc4c
0740
fa99
014e
fc54
00dc
1a3f
f2e4
01af
f798
0996
0279
0c58
f8c8
02ea
f280
fb9b
122c
0952
10ec
ff06
ff06
ff9c
050e
f78e
0736
04b1
f4bc
f06f
fac5
fff6
0376
0be6
ff8b
efdc
fdab
fd2d
00fc
fd2c
f1d8
fff6
0c39
f3ea
0193
fcef
0600
f4da
081f
041f
02cb
fe65
09f6
0367
fc8d
0775
fe52
05a1
f226
f9ec
fb22
03c6
fe4c
0422
f9ba
ff51
fdd4
051f
fe14
0065
f0de
0264
f834
0027
0d3a
fc81
fff7
f800
0428
0616
01a8
f878
0ff4
fbce
09c8
f741
046e
0f2b
fdba
eff4
ffdc
166c
0772
fb19
0efc
0b8e
fc9d
fe9f
ee78
fd4a
0852
f648
0308
f0bc
01e3
fb30
0148
edf5
ff67
03ec
06bd
ea99
0000
fe17
ed38
041b
f402
ead2
f8ba
f915
0c7a
f4ea
faf2
05f6
f1ed
fa09
ff41
0200
f9c6
f1f1
f1c1
f558
fcb1
fad1
f9db
e86e
f84e
02c2
f811
efa5
06e1
fb84
f034
f598
eef1
ff45
08cd
f15d
fb6e
05fb
fd97
ff6d
f908
01c4
f729
f92b
fddb
005e
efa5
04a6
f538
ff31
eb6d
fff4
f709
0939
ff31
06fb
e450
ebe3
f25c
0d81
f492
0a70
0a35
14f9
00e4
0021
12f4
03b6
07ed
097e
0e77
0639
0335
160e
0044
0bac
f87b
ff8a
0945
f660
0b94
064d
02e2
04ae
03d5
0b37
fd97
0a0c
fd6e
033c
0226
13d9
066e
06c0
0a36
120c
0129
0667
085c
1303
029f
02a4
0ec8
0f1b
0209
02f9
09b1
0cb3
0729
f935
0297
fab8
0bcc
11be
0472
f930
03cf
fc33
14ba
0a20
0771
0559
0545
fc88
03e3
08ec
061a
0087
fb32
0322
10a4
fb04
ff5e
0b2a
073b
0109
0818
fa40
068f
07e7
fcf5
04c4
f6e0
fc34
fdd0
fc22
0206
ffe5
0b4c
fd50
fa3a
fca5
fd9a
01e2
0f37
0d50
ff18
1191
feff
01c0
f4ac
022d
0925
f798
f2b0
fd83
fc1d
f229
fe64
f3d2
fe49
f9c7
0211
ff43
020d
f3a3
f3f8
fc3d
fd5e
09a4
f97c
014b
03a2
0894
0825
f2bf
0923
fe4f
f9c0
0430
fafd
ff43
fe06
f965
e692
0251
0497
00ad
fa51
06f4
0b0e
ff5d
009b
f075
02e0
046d
ff88
02c2
0c09
08bd
f067
0a22
f7e8
fb49
01c9
058e
0059
00ce
f884
fc16
026f
fa3c
f9d3
fbcc
fba0
07cd
01e0
073f
05ef
084f
0496
00b9
f713
fdb5
fe7c
017a
ffe9
fa88
fa52
ff42
fb4f
05ee
fc24
05ea
08a2
f7ed
06dd
039f
ffe5
067b
fbae
fc08
192a
0840
0ad7
0855
07c7
fa40
f5f6
09e4
ec17
023d
112e
08cb
02d8
0cec
f340
0454
0e95
06fc
f465
efa1
fb7e
feaa
110e
0a78
fe47
f237
f4d6
005a
003f
f88b
fd62
f978
f6c7
fddb
fecc
eacc
0610
fdbd
0084
07da
0081
fe24
ffd4
f7ae
f897
0d0e
fd41
e1f5
02eb
fa9d
0be9
f3c8
fcaf
faac
0db0
0730
f3a5
f7c9
f9a0
0636
028e
0c64
0f10
0c57
1148
0209
f932
0428
05f9
0a48
fe92
0db4
0049
099e
fdde
115e
161b
20e2
fdac
fb26
ff5a
06e1
0405
1190
0f14
fc29
14c4
f1f6
0d77
0757
f636
fd20
090c
f5ab
f3d9
f812
f8d6
044a
fb46
053c
0229
02be
f6d1
1813
1194
fc9f
02ba
0940
fdaa
096f
10c9
e66e
0738
fbf8
0421
08eb
fe4a
18f0
05cf
05a7
08f0
0b70
0d3c
09ed
067f
11a1
0d30
ee3a
03d4
fc39
ef30
059d
14ae
0201
05c5
f8ae
0781
f106
fe2c
fdb7
09fd
fffb
14ef
01e5
0d4a
0ede
f760
eebe
f448
0b5d
ff57
018e
0dfd
21a3
fd03
f4bd
fe58
facf
057e
17f8
05bf
08e9
fca8
0977
ff3a
f32a
006b
0447
f74e
03ea
0880
f8d4
f675
05ac
fa27
191e
0062
006a
f5e6
0294
f913
0845
07c2
ebd1
ff99
06ba
0a22
f6c8
02e6
0411
ef81
1721
f51d
fd66
07a3
f4b9
1818
125d
f704
0e8e
1971
091b
0e4e
06de
079e
0765
0a74
e9f5
fdf4
03ee
ebcc
f6ce
f5ef
018d
0c4e
027f
110d
0558
fca5
fa2c
0bd4
f363
061c
f757
f8c1
01f5
fea1
0d55
11b5
fa37
053e
ff05
0fa0
e0bd
ff56
02e4
0629
fe52
f95d
ecdd
fb69
fb2c
1597
fbf3
ec21
07ab
fb3f
ff54
e380
f5c6
fd07
080e
04c8
07f2
f18d
08e8
fffd
f81d
f7b2
0894
f62d
fe11
ff09
f1be
0b92
f63a
03da
0bb1
0373
0c15
f0c9
1b31
ef6a
0403
f7bc
0737
f996
f58d
0821
fc81
e8ed
12f6
05e8
0493
0a8d
f158
0035
f1fd
e13b
0899
03b9
0406
1158
ffc7
fc26
0c9f
fb0c
0129
f658
fd05
eff3
ec37
f207
0718
06c0
fb83
fb5c
f329
fc7a
11d3
05fe
ef5c
0d5c
064a
1708
03b3
09ee
e8bd
f842
f847
0491
0eb3
0636
017b
ffb6
1777
0443
fb45
1196
0c91
1233
0032
0edf
0ed4
f61a
01e3
0a05
0684
020e
ef96
fbfe
06d4
0b05
037b
02c7
f6f4
f23c
fb71
f888
f402
fd09
0757
fc98
03e9
fc4c
0f19
0b51
fb5d
fa57
04f5
05d1
0098
04e9
fd0c
0de7
0237
06d5
01ef
02be
0652
01ab
03e0
0439
04ff
1410
05a6
f235
f50d
0cb3
fb26
0062
102d
0777
151e
fe1a
f349
fff3
ff49
0195
f4ec
0186
e0f6
fdd7
eedc
00f9
fa2c
0380
024f
fe12
fbc0
0a0c
fe94
f501
1776
fce1
04ad
fa5a
fd16
ec34
fac2
03b7
f541
f379
efc6
f776
0031
fd49
fc30
fdae
0d49
0008
f265
ffaa
052f
0385
0e46
0b9e
e2be
0bf0
0650
097f
08da
10cd
f206
0118
fc3d
0a02
00ff
fea8
0701
f713
025d
fadb
0a15
1151
00b8
f693
0123
04d4
0356
0bd2
f2b6
08d7
18dd
f73d
fec3
09d9
0bc6
142c
0a3a
04d9
04a1
02b3
03f6
088a
06b2
f6e8
e968
fbd4
0293
fb97
0087
05f9
ffb4
f1de
0e78
f797
092c
0f26
022a
f5bc
0eae
f57e
f46d
0b67
0f26
08df
016b
fc2a
1197
fc1b
04ff
0e11
fcc8
ee37
f90e
fa66
08ee
ecff
f6b7
107e
f778
0c3a
ff1f
fafb
fb8c
128d
f00a
08cc
feac
0766
eb35
1089
f41b
0db1
f79a
051c
fe2a
f189
f22b
fa21
f23d
f86e
ef1a
15be
e9a9
fcd2
12c1
f256
058b
1a8a
0e9a
fad4
04df
f4e0
ed62
1102
f1e6
f6c4
ef3a
002b
0cfc
f7f8
ffc4
f5c5
0e0e
0a01
f02c
ecd1
0d5f
0ee6
dba4
000a
03d1
f0eb
e176
f17a
00dd
0273
ed61
0282
0aa6
f4f9
03e5
e6a8
e7b2
e485
1695
ee05
ff16
ecb8
fba6
fa77
0f09
0682
039f
0368
0b29
0726
06af
01a1
01ff
f60f
f9be
e47c
ffb6
f398
0296
ff8c
fca4
f8b3
fec8
fdb5
f723
0171
f92b
f7c7
ff7a
0199
11d7
fe80
0a7b
019e
1dd1
ffdf
074f
0276
0703
00d8
ffa6
fe1a
f942
f339
0cca
036d
fcb3
06d5
f187
0aa5
f76b
00e9
10ab
05db
0c7d
e77c
030a
eeac
0bab
0140
f5a1
eb2d
ef34
e73a
0316
fe68
feee
0730
01a4
fa6b
0474
0c56
fd95
1272
ffc1
e8bc
028b
0726
f92b
04cf
f418
fb1c
046c
0a5e
0233
ff84
0a28
ff40
faa5
f9da
fd4c
05fd
08d0
060d
0aaf
19b9
01ad
19fd
ff8f
074a
f28b
0aac
f812
f849
0aa6
211d
eb8f
fdec
0d8d
005d
02d8
f303
078e
01b8
f220
0b5e
08b3
0c43
f7ea
ff8d
0836
ff8c
0e62
05ad
0558
1883
055c
050d
f986
f819
fb8e
0a3c
1496
082d
0a5f
fd5e
035a
07bf
015f
0b48
0187
df2a
f646
ee8a
f529
fe36
0657
ff1b
fcd0
08d5
041f
faed
f3d8
f743
0561
fe32
0253
f7b5
068b
10fc
f5c1
f8b7
0757
0b63
1d23
f37d
03e2
f3a1
1186
06fa
f1a1
ffd4
fe49
1088
0012
07bf
016a
f798
f85f
05e9
0648
08fc
f227
071c
0731
e5ca
05fd
ebca
f8ba
f827
0fba
02fe
029f
f293
ef71
09eb
1009
f051
f3cc
f5b0
040d
eda5
fa17
ed62
f179
081e
ef07
e666
f487
dea7
fa04
f976
eb4a
ff11
04a4
02d8
fef7
f0b6
f475
f7b8
ed86
e0d2
0716
f4e8
fe71
fbfa
e4ba
f5cf
01a3
08cf
f80c
0085
f6f5
0a79
06e5
f2a0
0769
06fd
fbd5
04f8
f536
f281
fa52
fb87
f1d6
f76b
0389
fc21
f9ed
e5d7
ecf3
fc9e
fcec
f3c8
fd80
0e54
ef18
f72b
fba2
f989
fce1
f9e1
0916
ffa2
0b40
015f
0c66
03af
0d24
fb0f
1f51
0e65
fc27
0883
f336
fdd9
0de9
0223
06bd
eb31
fceb
0b13
0b08
0111
0511
1f56
0671
0d18
f996
ef39
fb74
0b67
0c99
f8db
fe9b
0c75
0448
0967
f828
f9c8
f4b1
0c53
0eac
042c
0abc
f979
0b61
0378
f389
fb6f
fb08
0a3c
fa40
f81b
07be
ff0f
04a7
058b
f027
ef96
13a0
fbe1
075e
fdc1
f717
ec88
fc5d
f1c1
fdff
032b
011f
00db
fea5
f222
03f5
06b2
f44a
0313
f832
f4db
fa3e
0105
f343
04e0
05ac
042e
fbae
0962
fde5
f494
092c
f909
f7da
ed67
f793
04ea
f9c9
f3f7
fd32
f9de
0112
fb4c
f6d8
0b1b
f89b
062c
056b
eeb6
fc47
0a53
0d7a
08a2
ffdb
edb4
04e6
0f26
f9e0
0d96
fbdf
06da
0c87
0bec
fafe
fbf8
fc3b
1058
0584
f6a6
ff7d
07d2
0473
0d6e
034a
0ab3
01f0
f594
ed30
fe6c
09ee
014f
fb08
01e2
ff6e
fa97
fde8
fdc3
f279
fd1c
007c
03ee
0655
004b
0ca5
0192
f86b
edea
fa60
f886
fabe
1397
0427
fc0e
fb70
fdee
ff10
0144
0fa8
0548
09b8
ebea
029c
0551
0cd2
f8bb
0217
f8a8
fcf1
fffc
f1f4
015e
f532
f407
0241
f138
063f
04e9
f163
ec1c
fbe0
eb65
fd38
febe
fa7d
ff68
e448
0571
f4c8
f223
13c9
09ee
fe22
04fd
ee38
f125
fa8d
0097
0a30
f95b
f885
fb33
fc91
f736
ebeb
f294
00c8
f56a
fcb8
f396
014e
fd03
fb07
f644
0108
ed60
0daf
0b02
0194
0323
ff79
052a
ff20
f5d6
f12d
fa6b
f280
000f
eb78
03e3
fedb
0804
127e
0604
e058
f847
fdf4
f272
fd4a
0a0d
f601
fb85
fb7f
0a89
e943
fc94
068e
eed7
fb61
02e2
00a1
fa65
0e76
ff99
f3d8
061c
f989
faa4
0f1c
0bac
09c0
0934
0aa8
05bd
089b
f3f5
1163
f29e
03bf
015c
f9fc
02cb
00e3
1133
ffad
010d
12b0
07bc
f623
0c81
0c81
035a
fbb2
0007
fdb6
07dc
0d4c
07af
fefc
fda9
082f
06dc
fdf2
fb38
0c9b
f784
0860
fa08
f8ca
fc98
f9b3
0025
fd4e
131a
12fd
145e
f8f9
f85d
f9ea
0938
0730
0547
0c5a
0c00
f690
08a7
f9d1
f4ba
e69d
00da
fdaf
fe07
04f5
f929
fbf8
ff82
0247
07b5
f6db
00d5
03ea
0345
f9bd
faa7
ff29
fb3d
0a32
0935
03d6
0381
0787
050f
fd49
0395
0355
01cb
f8eb
08ec
0208
0a7d
f7fd
0325
f2de
f545
f95d
f2d1
02ef
0361
faa6
f3ea
13e0
f9d0
f2ea
0315
fccf
054b
07d5
0e68
047a
fb37
fcb4
f38f
fe02
fb6d
0bad
fa77
0166
f872
fbe7
14fb
f4ec
0caf
ed1a
0edc
fb8f
f63c
0038
fe2a
f4c1
0a22
feff
0179
112b
eb11
0439
ff4d
01a4
f06d
08f0
1944
fb51
087c
07a8
e777
0dba
0510
faa7
03cc
053e
071d
fa8c
0233
f8e8
1158
f0ab
00a8
fa90
f7d3
fee5
00a8
ea08
02bf
f244
1572
0e6b
0375
0a5b
07c4
fccb
f39a
05f9
0e3a
117e
ff01
f549
1bbd
ee42
0a7d
1388
ef10
0aa3
ff50
f987
0d0e
001a
075b
0f3b
0489
0021
e83a
04ce
f760
01b1
0b3e
eab3
0285
fd10
ef78
f0e8
163e
081d
e7c4
f142
0642
00fe
e440
f082
fd23
e7d8
fd91
0216
faa4
fdaf
0b34
fa9b
f7d6
03f5
f48e
ea1b
04fb
f2a9
fdc1
f737
1dca
0b79
fe3b
f716
0a5e
0724
00e3
f9af
0906
0fec
e976
fe6c
f25a
ed9d
12c6
eed2
f90c
fc71
f476
ed0b
ffa7
17c8
fec7
0df1
10cb
f48e
0177
0601
fca6
fc74
009a
0292
08eb
09f0
00c7
0101
0b69
0d90
e15f
0bc4
0329
084d
004b
fccc
f65f
1818
fe05
f6f5
00e3
149c
0a96
faf0
0473
101d
0115
0b04
fccb
0f34
0ab7
1316
112c
100f
0d33
0d9f
06cc
0126
fe87
05c4
0afe
02d7
f599
07c6
0d47
ff3c
0a82
0705
09fc
16ac
13a6
0787
0235
0d9a
067b
0500
055b
07bb
11f4
0d0c
052c
fc86
092b
0bc4
0cff
fe11
0733
0045
f5b5
ff1d
fa28
fc47
08af
fd1d
02a1
0113
089c
0024
fca0
07db
fd45
fb6c
f56d
f9cf
fbc8
018c
0004
0345
f413
f2d3
01f6
feac
f1fe
02d9
fec9
fcf4
eff1
f3e8
0e89
0503
fc38
fa78
fcce
0b47
f383
034a
0517
10e5
0379
f0fd
0241
03d3
0224
0241
fb55
febf
01c9
fbe3
0ce2
006b
fa3b
fd34
fb67
f9db
0a9d
ff88
ebb9
ebbb
f935
0710
e9bc
0fd0
0716
fc36
f6b3
f54a
04af
09f5
ebd2
fd26
f384
0a64
f2ac
0150
0847
08c3
f408
fe9d
006f
f5cf
f5a8
f47d
0175
f4a5
103d
f90f
fee7
1363
0695
f812
0d83
03f0
094d
f4f9
0f27
fa69
faf0
0530
10b1
006a
ff9f
ff09
01fa
0692
f77c
02d3
030e
fd07
fa35
0f1d
fbcc
fef6
00e5
f8f5
f45f
06ec
f7e3
efd6
fb67
103c
0616
f03b
0747
0f83
f9f2
f5fd
0674
1130
12fc
fd4d
f954
0201
fbba
10b4
f74b
08bd
f63a
ff4b
ec62
f204
12a8
f963
fffe
f9b4
f071
0d90
06bb
fa6f
f894
fad7
058d
0240
007e
0892
01f5
fe54
f624
05d6
0a4c
f7f4
f8ad
f579
098c
f893
0771
030c
0b1b
01af
f5c7
0747
f262
09c2
0174
134b
fec0
fad1
e9e7
e862
00b7
fe7e
f9ec
f744
00e3
f83e
fcba
0105
0ba8
00fc
0406
0547
f8d3
fcc8
f7ac
ff00
fb7f
02d7
f9fe
0162
fe6b
f8ae
1732
028c
10c8
fb92
0472
eae7
0a57
076b
f2a1
ff78
01b0
f6f5
f665
0223
0e9a
0055
f835
fcf3
f174
ff90
ff41
fca7
f980
06d4
fc03
00e9
12d4
fab4
f9e3
0158
01a6
f8b5
fb3f
fda4
ffc2
04a7
0325
fe72
fc7b
fef8
04dc
00fb
f4d8
012b
056a
f483
ec0b
0f3f
0737
008d
0634
09d2
0d6d
f72c
0924
ede5
f1c5
f066
e760
045b
fdf3
f5df
04d2
0928
fe79
00fa
0d07
06fa
09e1
062b
020e
efd7
ee3a
05c4
0d17
fc81
0e3e
0c56
0035
ea30
ec59
fb1a
02c9
ea3e
02c1
0247
07ad
f494
09c3
067a
ffe9
fc0c
fc08
0027
f9a2
0510
f013
f581
0349
0982
0c1a
f61d
fb77
f51c
1990
fe31
01c7
0bc0
f8ed
f86b
024e
158a
0492
0131
0f86
1aa7
ed69
026f
0a53
01db
0005
01f3
060d
f49d
0144
fdb2
03d8
07aa
0383
0459
058d
02af
02d6
f66e
04e9
fab5
f0c0
0418
01f3
0893
f8e2
f0e3
04a3
07b2
fb8c
fb42
0c8f
04f4
0337
fad7
08f7
058a
ff9f
0c27
03c0
00af
fcb1
f4c2
0a61
fab0
f52a
018d
fd1b
032f
03b9
1288
00bd
faa5
ef55
f06f
f2ef
03d6
0950
0667
121a
f4bd
021e
07cc
0641
059f
f336
058d
0442
f43e
f3bd
fc99
1359
05c5
08ba
f79f
ff40
f6f1
0bc4
fc31
fb35
034e
f8e3
f1e6
f13b
02cc
0ea0
01e1
f873
f822
fe08
ffa8
f74c
0edd
f51f
fa87
fa54
0104
0ba7
01d1
ff10
069e
f5fb
0f3b
021e
057e
0857
085b
e977
faef
f86c
f8f7
f589
f9a8
f213
04a4
003f
0c9f
fb7b
f83c
faf0
031f
06cd
f69a
f9e8
0094
0343
02cc
fd3f
e9ad
101c
00c5
0054
12cf
ff0c
0136
0165
156f
f409
f895
0296
04cf
f4db
f517
0dea
019f
fd5a
0251
fc7b
f53c
02d4
0f48
f972
01b3
0346
021c
0285
0252
0513
0930
fd33
fff8
fee4
0b3b
099b
0f45
08be
0837
05e4
0a8a
ff7d
fee4
fe29
04ec
fe80
02f9
05ee
0060
0a42
0890
fbdc
f9dd
095a
fc6f
0774
0a74
0b1e
08f4
100b
f91f
fd53
f50b
050f
ff1c
0211
fd96
f36f
0791
0b4d
0cc2
0d6b
f57d
ffee
0acb
f9b5
fb81
f039
0026
fba4
068a
fa5e
f671
00f1
0bb8
0c8d
fd97
0789
0083
05c7
f9cf
fbbd
0c27
f00b
03fc
f8c0
05a4
0486
fdf6
f793
0cdd
0a1d
e184
f609
fca3
043d
fa59
0065
014b
002c
04e1
fd56
ee0e
f02f
002c
fafb
0463
fc9b
0c79
0a0c
09d7
0043
fca3
fe81
fda1
0c9c
fefc
0636
fa09
0407
0c03
fecc
08dd
07da
063f
fb69
0334
ffe8
03ea
0ccd
0cde
fc3c
feae
0dc2
0594
f36a
fb31
f350
f857
076e
0364
f285
0a84
fed1
0aa4
011c
0524
011b
fe63
0656
0a7d
0dbc
049c
002e
10a2
01bf
072a
0376
fd8c
0701
fe05
0bcd
008d
f475
fc89
fb3c
fbbc
ff03
02d1
03cb
f563
061f
0477
0ccb
0269
063c
00ea
fd02
ffc9
056f
fd8b
02dc
ff2d
0bcf
1044
0a39
05b7
051d
fc55
fb41
037f
f94a
feae
04a5
0548
137d
f190
06b1
0145
fb1e
fe4a
05c4
0819
ec97
0272
04c7
fe94
1b16
0ce3
09b8
fa65
fcfb
fd81
0b7f
080e
f77e
f8f6
0d1b
ff0a
0456
fc84
0ed5
15de
f8d7
fe1e
e9e3
056f
0b29
1128
ffc9
fb45
0ce5
fd66
0068
fbf1
152c
1084
0323
01ed
0463
0021
05db
024e
fb07
fed6
0801
015a
0a97
f33f
faff
fb39
f530
fefc
f8b1
fcf4
0489
0ab7
069b
02a7
0412
fb24
02b0
fc0a
f336
fac6
0099
021a
1233
f701
0838
fadb
02a2
ea6d
feed
00cb
0e1b
fdf8
fe10
038a
01ba
0088
0073
0a94
fe3b
0d67
f85f
14ee
0609
fe3d
0234
0725
0678
076f
0001
f83a
eaaf
01f5
07ce
fc4d
0e86
042d
f51a
f794
00c5
eb3a
0520
0930
fd73
072e
03c8
0444
0b92
1552
0355
080f
fa7e
ff01
fafb
f4a3
03d5
027f
fc8c
f9bd
fccf
fd33
08f7
f586
02ec
fd31
03e5
006a
f129
fc9b
f5c6
0a6f
11ba
fe89
fd7e
fcd0
f7d1
fd13
f176
0302
0998
f978
fd45
f872
faad
1615
f643
efc6
e58a
fe5b
f5aa
07a1
f875
f009
f827
06d7
fc86
fb6f
01cc
ffe4
0345
f6f7
ee96
fd3c
05c5
0803
f813
07ac
f809
f4b0
fcf7
fcb7
0bbc
f1bb
f5c4
04f1
07b1
0682
0b24
01a4
f5c3
00c3
fd30
06ad
0080
fc34
018a
f1f8
0bfe
07fa
0db7
fda7
0ef4
03a5
12c5
f46a
fdd4
f82e
03fe
ed53
ff12
094f
faf8
0cd3
fc72
1170
fe1d
ed7d
0865
049f
fb24
13e6
073c
0ac3
052a
058c
0931
0fea
0137
07fd
fc87
fb90
0419
f764
048d
192d
f2ee
08e6
09ed
0ef0
02ef
00e9
04ea
0e0e
f053
0121
01aa
066a
0b7a
0a25
0a49
07c3
0477
1479
f022
10f8
f939
fd48
06ec
0c6c
0ebe
0786
0cc5
fc85
0038
1e42
0e10
0641
19de
0cef
f816
0149
fb18
fb0a
09a2
0c33
fb71
117b
feb7
0d17
f9b4
f8d1
12ae
128c
02b8
0313
08ee
19da
02d7
f808
1631
03f7
087d
081e
019d
fcc7
02e6
092e
0779
01e0
08b9
fd48
fe39
e42a
f0c1
fd7e
fd1e
fcd3
05c6
09fa
fa27
01b4
0171
049b
1084
f62b
fa2b
f0db
0508
fe47
fc6e
00bc
0270
f8eb
f9dc
fc39
f7bf
0001
0757
e1e8
f214
f90a
0a2c
ffec
003d
01b0
0134
faa2
f530
f870
01f5
0099
fb68
ef18
fbb4
ff56
03b9
f9f7
003f
097d
eea2
eef2
05f3
0712
0406
ff79
f3dc
ec37
fa4d
03ac
fddb
efe8
fbb3
fa83
02c3
f97d
0281
06fa
ffbe
fae3
ff6f
f9da
fb06
fe3b
0268
f7e7
0b36
f8cb
fc0c
04f8
0737
0c9d
fbd2
04b8
094d
03f9
fdb4
fd95
075e
09d5
05be
fa79
0196
038c
ffd4
fd77
04c3
035e
fcc3
ec82
0249
fe62
0839
05ab
0389
0376
fc3d
ff59
06b9
0d2f
f503
fe31
0c80
0158
054c
fb54
002a
01cc
f9d0
f363
fc5b
0091
0560
0014
fff3
fea9
f3ed
fbf1
0df8
fbd3
06c8
fe61
fd7c
0623
0575
0e28
e865
f7a8
fdb3
f48d
03b9
1141
1370
ff43
ff62
08a8
07e0
fa78
07a7
040b
0a45
fc47
f8dd
fe88
fd5e
0568
f970
f45d
0050
0957
0006
02a4
f137
0e64
0525
f26b
f9fa
f353
fc04
09f2
ef8d
f904
063a
0b04
0906
fee6
05d8
03f6
02ce
fc08
0aca
f120
0387
f7ca
ff27
f738
0491
f53e
00f0
0309
006d
0378
0885
0247
f436
0bd0
0c16
f6f9
1138
fe54
106e
08ba
f6db
15aa
1296
0e37
06c0
fee8
10b7
1932
fde9
14f7
04c5
0c87
20a6
f02f
f5d0
1ddc
16d6
00d4
07bb
14a0
018a
0567
f179
f8b0
f151
09fc
0b9b
046a
01fa
079d
1294
09d6
f281
116b
fc39
0dea
0616
0dd8
0da0
ff78
f9c4
03c0
0696
0015
157f
0440
00fa
0bcd
1831
0963
ee34
0b11
094c
065a
ffe8
130f
f92e
f34e
f68e
eeb8
f533
f724
f633
f430
15f8
f217
e33e
0594
f6b8
037a
0c57
044e
07c7
f3d5
0678
fdb7
fdf6
e669
0932
f9db
eec9
0422
0e1c
03dc
fe32
0081
fa09
0254
0266
f73f
08bd
fbd8
022d
001f
f96d
0063
0672
f65a
0450
fa93
feff
0182
06f7
11cb
f439
f0af
044e
11d6
00e3
fd68
06f6
f420
fe15
f37c
02c5
fabd
11a4
01a3
e584
0de8
0677
fffc
1513
0d92
028d
f882
0640
0a02
0a43
fd37
fc35
0169
f402
fd84
14d5
fefd
f49f
0a92
fe9b
fbfe
f51e
042a
f9f0
00e0
0664
f2df
04a4
012e
0b44
05d1
0f43
080f
0a8f
fd92
fb77
0a14
f9c8
080d
f581
f89d
0c05
f92b
fbfa
fb29
064f
fd74
f446
01d5
1b43
f3a8
f5af
ffda
0251
fb74
f90b
fb21
fd3b
fd2c
fa48
0bfd
078d
ff66
0163
0ffe
18be
0456
fdb4
028a
fea3
02fb
0599
050b
0270
f694
e7d1
0a5a
f8a7
1803
0c2d
f90f
fe48
fb66
00da
0569
06e2
f777
ff3b
033c
f98e
feb0
1e8f
f96a
0422
05dc
f6fe
1007
f74e
0355
0794
04e5
0c60
ff03
ff15
0b53
0c01
fa5b
f832
0c9c
1896
0c54
0208
f772
0591
00bc
0996
147d
0294
09b2
0756
f0a3
f7ec
f833
fd08
ffa0
0fdf
fc12
01c2
0028
f322
fd41
f3fa
1b74
fedb
f20d
eba5
03bb
005b
020e
09d0
0843
feea
f815
f774
0116
ffd7
071a
fcb5
001e
f987
0531
e725
f940
09be
02aa
ffd3
fdfc
f11a
f64c
05a3
e65a
f7e5
eac7
f8c7
ec6e
f909
0156
02b2
fc8a
f60a
04a0
064f
f555
f65a
efa8
fa2f
fbb2
f432
fec0
0967
f923
fc35
fcc1
ee5c
08d8
fe2f
f7af
0972
fcda
f3cb
e882
fbfb
ffba
03ff
fbcd
ff58
fc12
ffb0
05f9
fe53
0661
fc1d
0986
01bf
f33e
fe91
fb3c
f296
03ab
f550
08d2
000c
f199
09f9
01b3
02da
03ad
f96f
fbf6
066b
061d
ffe5
0d87
0ff5
fc1d
f7a5
05f8
12dc
02b4
064f
f6dc
fca1
05aa
0479
f9af
0da5
0943
09a4
08af
0321
f4db
085a
13b6
00a6
0118
fc53
008f
01ef
f3b1
0522
039b
046f
00fe
0425
fe83
005c
09e7
02f7
f9ee
f0d6
0b03
03e8
ff13
0038
0e30
fada
fef4
089f
fd4d
fb45
ee5d
f142
0733
0c91
e349
0437
0b9c
ff69
f96c
00cc
ff29
0d66
070f
05ec
f463
e9f7
ff0e
0a43
ff75
0924
022a
fbdb
ff2a
f591
f468
0a64
eeaa
efad
09c8
0130
fb05
088c
0648
02ba
0381
f32f
0e32
f359
0436
f8ab
f31e
fbe2
1075
0aff
f884
fb21
fad7
1792
fce2
04c8
0375
fdb6
0a50
f48e
fa40
fd98
fad0
fd46
00d4
020a
09d4
0790
fabc
0070
018b
02e7
0422
f8ce
fddf
ffb8
fc93
0798
f94a
f259
fe83
f079
f320
fc2d
f7b2
fbfc
090f
063d
fe1b
02ab
fd43
ff8f
f850
0add
0dc2
fe89
fa5e
fd5e
fad6
0bab
fb99
0860
02de
fcd9
f264
023b
fc1c
035f
0186
fbb8
062b
fd62
027c
f22d
0bad
ee3b
009f
f537
ebed
fd5f
ff75
08e7
0223
006a
0022
0648
ee55
080d
f4e1
f02d
f8fe
f860
ef25
f7a0
feca
0250
e09d
faaa
01cc
fad7
fab3
f229
09ae
fd70
e8b3
f5d2
ff4e
fd76
05ad
0a69
f281
fc27
ff1d
f997
ef9e
f280
053b
ff01
016e
f0a7
012a
064a
eeb1
fc1c
0284
edbb
f82e
f7e9
052b
f743
fca3
061d
0631
011a
0193
09b1
feb2
df3d
0e70
010d
0408
fee2
f284
ea84
f452
04cb
ff7a
f82b
0305
feed
1bef
fa81
ffe2
0507
05b7
025f
fccb
0d60
ff8a
0109
0118
00b8
f3de
04a8
fb7b
02c8
0795
074f
fd64
fca3
02c5
0d59
f9c0
f0bb
12d4
ff65
0e69
1143
153b
fc3e
fcb1
0338
f722
e882
fe86
0816
fa90
f7aa
fea9
008b
001e
0d64
04f8
02a8
fb35
044d
0573
0492
0bb6
fee8
f9d7
fdcd
ff4c
04e1
ee5d
07aa
f938
fc3b
118e
f8c3
06f1
03b9
01c1
0236
0277
fb6c
07eb
f9f9
06e5
0414
0659
0343
046a
0149
06a6
faa7
fdc1
fc06
f591
0bb2
fc36
036f
0402
fc34
fcb1
00a9
fb2f
07ed
004a
f68b
04f1
fd97
0287
fd93
ffdf
fa45
fb78
003f
0916
0227
094f
f833
05fa
fce0
0088
fe74
05bd
fbdc
f3a7
ff07
049a
012f
fb1a
fce2
0860
018e
0a22
fd73
0607
f9a9
0315
0f3f
0299
f9f2
fc70
fd8b
07c4
fe9a
ffe4
000d
0175
fad5
fd83
093a
fb9a
f8f4
0430
f2c7
017c
0d97
f647
0203
ff8f
fef3
0b92
faa0
0201
f5c4
0516
feca
e80e
ef6d
0258
04e4
0146
ff65
0a20
0096
fd65
0287
feab
0221
f5e6
fd8a
f99e
0153
10d2
009d
0849
0102
fdcd
f8b2
f57c
feed
0888
012e
07bf
f967
f496
fc1b
13f0
01ff
fe28
f87e
f97e
02d9
fe56
056c
0735
fb35
0468
f9ac
fd66
00d5
0297
0bc6
01a9
02f8
0455
f5f3
0eb8
feb3
04d7
1080
07ba
f313
003a
f2b3
0d99
f73a
09b7
0158
008e
0786
09d3
012f
0b21
fe88
0c23
0ba2
0236
f181
0937
1259
0483
fa21
f641
ff63
0a90
f269
fed5
fb4a
0928
fe38
0654
0065
0394
e99c
ffd6
010d
f897
09d1
0026
fafe
f822
f131
f170
1026
0039
f9d7
edf7
025f
f158
0a21
04aa
0f5d
f996
ecd5
0ee8
fcce
0589
feb8
019f
0e23
f3ce
0b03
02ff
0e50
f1da
0aa8
f518
f17c
ff36
fa45
f8dc
0fb9
f0eb
fb99
0600
fb0a
14fd
0b59
fa87
fd94
0490
fe3f
f98c
f67e
f52f
0e05
fafa
e330
fe84
0862
f8ed
02b2
fead
060c
0cd6
036e
0975
f92c
f377
01bb
f632
fbf8
f41a
1248
f846
0164
e4e9
f7b1
0162
0281
fab0
0646
0ab0
0736
f14f
06b5
0766
fbae
ed48
f3ed
eda7
f9d4
000a
fac1
03ec
082e
01b1
ff48
f3c9
fc68
fea1
0875
f83c
f425
0056
fe29
fe42
fae6
fd8e
0a7a
055a
016c
01b3
01c8
0800
fa18
f97a
06d1
fc5e
f464
03a3
fb56
10cf
f043
0927
f731
f8f2
fd86
07b5
071e
0887
f953
082a
f4ba
0300
0ced
0df8
fe83
0c53
fcd7
ffb7
f773
0a9d
0a10
ffc3
0452
04e3
fdf5
07ab
0124
feea
fa34
ff1a
0dba
0c03
ff80
0de6
106e
f123
fb69
064c
2142
05d6
0993
0948
f509
fdcb
f511
09ce
0957
ec5e
06d2
0b5b
04cf
0d35
f590
e782
1117
0e1a
0354
ffab
fc3a
0686
075d
ee9b
0887
fb7c
058b
0da9
f99f
06b4
009d
f459
fc3a
f799
f478
0c12
1477
fb0e
fe01
fe46
016d
fcf1
05a3
0248
0ea4
ff0a
0870
fa7b
03be
13fe
09bf
fdcb
fa2a
0850
ee89
e6a7
fad4
f9ff
f7c0
fa46
faee
00e7
11d0
0195
0820
06d4
fd21
0234
1d40
f6c7
0559
12b9
048e
077f
001c
07ba
0f0e
0e94
138e
0d50
fa7b
0b90
0ac0
f64c
eebd
0111
00bb
07f3
fe2d
13e1
f9ac
042a
1486
1167
04db
fabc
f60d
08e6
ea8b
f4c4
15f5
0c20
1e38
085e
f44e
e9f8
16a9
1e1c
fd88
0acc
0d8c
1158
f9f3
ffb3
f72a
00b3
0389
e0da
068d
1051
f764
f677
fcc3
f64e
fed3
0ee5
05c9
f9f5
eda8
ee57
fc3f
08b6
ee85
f545
f679
f689
fd16
f526
f8cf
f06a
fdb9
f37f
0091
1368
0a61
fa9c
0016
05a9
0cc8
fa16
00ea
0930
1198
fc25
0ed6
fc61
0689
f9fe
eb8b
03c5
f77b
f590
03ee
1956
fa86
02eb
f68a
e9e8
f84f
0922
eeb7
0475
1496
0669
013a
f6e1
08a3
02af
f62d
f996
f2ff
f860
ff35
02cf
0bf9
fd9a
02b4
02c4
07ef
05f2
0116
0601
037d
fed5
0357
07e9
f79d
f8dd
f46b
f564
0267
f72a
fe49
04e0
fbd7
f0b6
fb06
fe55
fea5
f48f
f573
f68d
0ad5
f96d
0478
0de8
0909
fcb0
f91f
f7cf
fc15
fdc6
fbd8
07a1
0b0f
0990
0964
0bc1
fd56
0822
f449
0436
fcad
f335
16bf
0591
f7ee
fbf2
0e7d
055d
f15a
0d9a
048a
0d1b
0c61
01de
e3cc
e1b6
0334
0a9b
efd2
1155
0853
088d
06e2
0090
0530
faf1
0557
fa6d
0000
efb0
ff80
003d
f69c
0ea6
f6d3
0327
0649
fae8
eb6c
0dae
07e5
f882
fef9
f16b
ebea
f76e
01fc
fc1f
f4d4
0ae9
fa11
ed6e
fbd4
0179
0426
fd37
11e1
040e
f543
fc23
1136
0471
0a0b
029c
f7e9
e0f9
0a53
fdcb
05c0
0d9f
084f
fad7
15f1
04bb
0e8d
ef75
082e
1340
f480
efc3
fb43
05e4
f500
f4ed
0dca
ffa3
0248
07ac
fda0
fcda
ff76
0026
f65d
0136
f8ac
fcd3
e7f9
1a4d
fa73
11f1
0da4
1528
04b5
1558
0ad6
0ce9
118a
f271
efb5
0032
f4df
10a8
0051
0063
0f90
f4ae
1554
1f1b
0b5d
f60a
0802
0891
f7db
fd44
e773
fe9a
1b5f
f5f1
f7d3
f844
07ee
0967
0051
1071
0f9d
f9d5
ffee
0319
0709
130d
0db3
0621
1a7f
172a
047b
107f
0ba6
fc5f
06fd
fd36
087e
02fc
095f
07f3
f110
1397
01a2
05b1
fc7a
00bf
0c6b
1e66
fd5e
f1b8
ffa9
fb98
1010
0bd9
fd4c
f2f2
08e4
11e7
fc45
013a
04f9
157d
14d6
0915
f34e
026d
032d
035d
eea2
f46f
fb49
fe90
0837
0bca
04f2
ff2b
f655
0da1
0331
0171
008a
f8c9
0eac
0324
08b5
f0c9
fc5e
0543
fd70
0a53
0400
0776
fd4e
044f
0210
0059
111e
ffa8
1332
0b82
f730
fb12
f7dc
06dc
063a
0472
fbf1
f65a
02b3
038c
f456
03f0
0810
01cd
0c29
f683
f040
ef8d
010a
f5c2
f10f
038e
0408
0392
0753
069e
f729
f1be
00f3
ff01
07d6
02a7
0a73
00e9
00fa
020b
000c
eec8
ff3e
0e72
f7e5
0312
f99d
f624
08e3
01bf
f22b
f4fb
0ef5
0159
011b
04e0
0fec
06ca
1e6e
0687
f7d9
fc3a
f919
0b1a
0eac
07b0
035b
f5cc
0cda
04d1
0519
f9fc
ef32
05fe
ff73
ff87
ff3b
f767
0258
1a48
e3ae
0a01
0fb4
fcbd
0057
fcc5
0956
f1b5
140e
03fd
f1e6
f9d4
f887
0992
ea4a
09ba
ff9b
f5a4
00c7
04c9
0356
0142
f961
02b1
00a1
f479
f39d
068b
07d8
0647
0698
e3c6
08a3
0470
fad1
1420
0f20
07c6
fc17
f96b
f867
08ef
f8d0
18a4
02ce
00ee
0d2f
066e
0721
0a39
0cec
07ba
06c9
04a0
ef6a
f38b
fc11
fb1b
f591
f08f
f6fc
0a50
0dd5
063c
f91d
fb97
f463
0231
fd77
fd62
13c2
1399
0604
00e0
fc9f
087c
08f7
03ea
fa7f
fb93
142e
fe86
099d
02ff
0b12
f9e4
01ea
ff55
0760
fc21
fc45
f9ee
fc3f
f926
19dd
f5d7
12bf
f100
071d
00a5
0b2f
15bc
09d2
ff9b
036b
060e
ee64
f5d4
0562
f797
0428
fdd5
040a
f276
eef4
ff24
03e0
fafe
fcb8
0c3b
06ef
fa85
1297
fdbf
f2e2
f839
f675
02c4
fbb1
0d04
16a6
f617
0e0b
fa0d
f627
e38d
009f
f92e
01ba
0894
08a3
0107
05d6
fc37
fbaa
0831
f688
0a2b
e987
fc90
03a0
0505
0f3a
f02f
f984
0518
07b3
056f
f4b1
0279
0889
0bcd
fc73
fd9b
0470
f4ea
074f
f3cc
fd50
f8a6
fea8
fee0
00bb
0110
037e
001f
f7fd
fba6
ef2b
ff57
04c5
f918
fcf6
04f7
054b
0a9b
0024
0505
fdac
fb77
094d
fce3
0054
0379
ff74
0a90
00eb
f935
02d1
08d6
02d9
05fb
f6ac
0738
ffe2
fc80
03ef
f763
0433
00ca
fccc
05b7
fdac
fe0b
f341
075f
0020
f2df
fdce
035a
0f73
fef2
04b6
053e
fa2b
fe16
06db
f3ee
f5d4
013e
f3e2
03b4
fe35
0ac3
f447
ee52
0517
f9ce
ff74
00c2
f1d6
ee44
f93a
fea0
040f
fcee
f512
02bf
f761
0462
042b
f9a2
0215
fc91
f5f5
0a27
f884
128d
0973
fdc4
0089
f694
fda3
efbf
0adc
ebbb
07b3
0e8a
0221
08c0
0383
fda3
fe38
f58b
feb6
ff7f
05c1
fb5b
0d2f
0903
042d
fc30
ff43
fd14
0dda
0871
f47e
f502
1004
f4ac
02ce
fe3d
f91c
0aea
fe60
0da9
0eca
0038
0099
eae8
fc48
0e1c
f099
fe20
057d
fb32
ff46
0960
f728
0203
0006
09d8
07aa
0244
0d25
094e
16ff
0b8d
0b47
ffbb
0680
126b
13ee
fc0d
020b
07dc
fd91
02fe
0869
0ccf
0026
0a45
0128
0930
fee5
0c17
ff2e
0cbf
0cf9
0c79
fe91
08ef
0139
09d3
0406
f237
08a7
0051
05fb
fb3c
0373
fc8f
0303
0570
07fe
084d
1a6d
f325
fa2b
e74f
eb6f
0041
f0f4
f7c5
fc26
fcb3
ff7e
eeb5
f9aa
f908
f82d
f6ff
f867
fdf2
ff33
f7fb
118f
f8ac
f6d1
f452
ef7d
fc94
f723
f4f9
01e8
f8b2
f45a
012c
eb43
fa77
1062
0555
fd23
f73f
fc8d
ee76
f133
fa8d
f268
f345
f5ed
004c
0e7a
0434
107b
0b0c
01a0
dfd6
0519
0244
ff45
fbd2
0192
f333
ffc7
f0cb
f425
f855
f446
f411
e2cd
ea40
ed78
053f
023c
fc57
05a7
12e5
0533
fe31
f21c
00a8
faf3
0006
fe2d
0d76
0181
016a
f75f
0143
0899
f496
056b
095c
11ac
029d
02e9
fbcc
fbf9
1d30
f6d0
09d1
feee
fc86
f510
0be0
0b78
014f
021d
0705
fc82
008a
f7b9
ffcf
05de
021c
f4aa
0401
049c
01fc
ffeb
f9aa
0dbc
09df
ff7e
fff8
f9f1
fed1
04a9
01e9
0a7e
04d0
f48e
fd94
0927
fce6
04b3
fec2
06d5
0571
fc4e
fd8f
f8e0
01e5
f977
f947
fd0b
0b29
03cd
0396
fcda
0a1a
01c0
fb9c
14bf
fcdd
04f0
f77c
12e3
00f1
0234
0271
0027
f502
0999
106c
f73e
02b0
06e0
fcc9
040d
0705
ef0f
fd62
010c
f9dd
0061
068e
f503
1da9
0e77
133e
029a
fd0b
1215
e4df
f630
f7f5
fc14
00de
f9b1
fb3d
0c38
ef60
ed21
097a
fdc3
0133
f92b
fa4d
ef0e
e8c7
f025
05f5
02c6
f8a7
0b3c
0d7f
f2ef
ec11
f45a
f31c
f9f8
ea21
0584
f207
ef3d
ff58
f5be
0931
f6ef
f1f5
f3ad
f31f
f6dc
f999
1259
ec7a
fa6f
01ee
08f6
0971
fc6d
f63e
f4ef
0588
f899
f1ec
0a13
f700
0333
ead3
08b7
f29b
e6d1
e344
fc2f
fff7
01da
f6c2
0078
086f
fb3e
f903
e673
f464
f71e
ff9e
09ec
ed53
f371
0430
f749
025b
fe32
16ae
0bc9
05c5
fe5e
0c68
f5c4
0737
f75c
021f
05ff
005b
03bd
1430
10ee
fc68
f838
1289
f8b8
04e6
040f
f86d
0c5c
035f
0df3
03a9
f48e
110b
0cab
0868
035b
081a
fe73
0b00
fe12
f703
05df
0f48
fd2e
05d4
f8f3
08e0
fbdb
fe65
fce5
06aa
0be0
fbf1
00e3
156f
f9e3
f928
f463
fca9
2010
1208
0065
f26f
f41b
187e
0ee4
f6a1
ff66
05bd
fe30
fc2b
047c
fb59
0c22
f4bc
0413
04d2
fa47
fd52
f272
0478
fb36
011c
0f1e
f57c
0068
0630
0f75
ef10
f192
0982
03f8
0164
f430
fcb4
011a
00db
0221
00f8
fb6e
061d
0537
fe55
fa9c
00df
ff39
0d8f
fa42
03e5
fc07
f65a
0135
0672
0b89
ff00
f915
0108
ff34
fb94
faf7
0a7b
0c2c
097c
0c99
fb93
01d0
0121
ffc2
00ce
090f
0949
fdfa
fe4b
f6b6
01c3
069f
014c
faae
fa9f
0da2
1d01
e440
fed1
fee0
fea0
08e1
0912
005e
fc55
ef25
0dc5
f912
fe98
fc4d
ecfc
0e14
089f
051a
065a
029d
0499
fd95
fbf6
fcba
112b
07ac
f668
ec16
fce4
fdea
fc66
ff77
fd03
0988
0404
0b18
fd7f
fd2a
fc05
f509
0589
f25a
fa0b
07ee
1881
f847
f6d1
04fc
06e8
fdff
fda6
06a3
0543
0fca
f604
f5bc
0928
07c4
0a9d
fd01
039b
fc45
0115
0287
0d90
fec4
fe61
084b
ff39
ef35
ff7b
0c45
fcbe
f955
0245
0427
05ff
0891
f34a
f755
ffa9
f56c
010d
08ec
081e
070d
e04e
09c2
e836
128b
e8e0
fdac
17f9
f564
f49b
0b97
fb78
0286
ffab
f5e4
0d03
0213
f2c7
03db
fd0f
00f2
0425
02ea
07e5
10d0
ff54
0a2a
08f7
fd38
fcdd
f7fb
02af
0742
085c
fb04
f76b
0241
ffac
f6a5
01dd
ffaf
0a71
f17e
f683
fc3b
0031
fb8a
f591
f563
04a2
0c59
052f
f20e
fa32
077d
fc4f
fda0
10ee
ffed
0912
fe5f
f76e
fb58
fd29
06c2
1494
00cd
f07c
0010
0b84
f7b3
f7c6
febd
02e8
fa5c
0743
ea80
06b4
f8fd
f245
fbf7
fe21
1b1c
0548
078a
030f
0104
f964
0429
02f0
0195
0b93
f58b
fb5a
0123
f915
0704
f3a5
fdd8
1700
ff48
0734
fcae
fd99
0113
fbfd
06b2
f38e
0542
f64e
0453
0566
0392
fece
06c1
fe1b
03cd
0064
0339
fb64
f7ad
0859
01b9
f335
f757
f83b
f5a4
fc83
fc1e
11da
ff5f
03ad
0815
00d1
ff16
0a39
0223
0326
fdd6
f607
0686
039e
0499
01c5
f92b
fa64
0415
02a8
f8ac
ff2d
f830
0363
f46d
ff45
fca6
0702
fbe4
fef1
fe44
fe4e
06b5
0379
0198
05c5
fc71
0778
006e
ff97
0324
09a5
fca8
034c
fc75
fc5b
fdb0
ff41
fd7b
0422
048b
fc78
07e1
f330
0cd2
06e3
0d8c
fbf5
025d
fddf
f727
fa42
fe33
ec84
0081
148b
01ff
fdae
0a94
1653
fb67
098a
f3e2
075f
0917
fa3a
0c93
0479
0829
03ff
ff9a
00dd
1793
ef44
05db
f105
fbe8
0689
0438
fd89
f0d9
0771
f032
0519
fee4
f248
08cf
f712
fd6f
fee7
0219
e4e4
f99c
f3c0
f2a0
020c
f99d
f7bc
0f43
089f
ed65
041a
efb7
fc64
faa2
f753
1804
fc34
f8a6
f4ae
002f
f395
0533
0cd5
fe3f
06e5
0ffd
084e
f914
fcc4
fd52
02c6
0858
1782
f8d0
04de
07b3
f986
fdd1
ff9c
00a6
ee9e
f660
f5e5
f444
006e
fce1
07f9
0910
150c
f9ca
f215
0632
064e
00c8
f186
fc22
0541
0499
f91e
f5eb
007c
07b8
04b1
0c34
e98e
0811
fa4e
0a76
f6d3
f428
0428
fd71
0af3
fdb0
fe8e
06df
0066
0754
f60f
06bf
fc8b
edc2
f446
f815
0934
ed64
ff18
0291
feba
0d5b
0b2e
05be
f6a4
fb63
fbe5
149c
0edb
ff74
07c2
f2e5
faf7
f92f
0353
040f
f3ad
fddb
0241
f744
faa4
e9b0
00f9
0474
0b77
fd6e
fc61
03f7
005b
05ac
fd09
058b
fef2
f6eb
03ee
f6f1
0c82
09a2
eca2
fd55
0ab8
00cf
044c
ff28
09ca
f8cf
fdd5
feea
f911
036b
fe0d
fda9
023f
00ea
0c16
e80e
ff02
0b73
0b05
f999
f1b0
f673
f986
01ca
0290
fb56
0dc3
f8a7
1ace
fa6b
0242
fd6f
0064
ffbd
f984
0171
fccf
0847
01c1
fa5c
06a5
09ec
196b
0089
fdbd
09e5
09d2
fc27
0dde
ff81
0b08
fffc
05e9
081d
082d
fa96
fcbe
02ee
1154
f7bb
fd88
ffff
fe7b
100d
f53b
0307
0556
0724
f666
fb6e
fd96
0ae1
0885
fbab
12cd
0e00
f2d9
f2a6
13dc
1379
02a8
f200
ff46
fb76
048b
f589
0a4f
07d7
fecb
08d9
0adc
fe51
f871
f6c4
f98f
0b53
f8f5
fcb6
07de
feaa
006a
fb08
017b
fbab
ff7d
fe05
0a60
ef8a
0284
f5b0
00af
f9df
f79e
0537
f556
1369
0935
f907
fbd8
fc4e
fbce
fb75
0be4
02e5
0675
0a18
f775
0015
f88f
f187
fe6a
02b4
f4d9
0b30
00ba
fe5e
05ae
d712
ec5d
f97d
0c25
fa23
e314
fd74
0a65
09b3
fbd8
009f
e0c2
ff90
e98e
db14
0830
0276
015d
0216
08ca
0743
e80a
f1dd
f9a9
f7d2
0da6
fa08
e917
f9be
0a3a
0dbf
e6f1
0110
fdff
0585
063c
02de
0905
fcb3
0498
ff60
0f1f
f433
f8de
f34c
f219
e4e8
0aff
0f0d
f2db
ec87
e166
ee75
186f
04ea
0d29
fdaa
fbfe
fdae
047d
ed7b
f52b
086e
0665
fa13
ff94
f4e4
f6a4
05a0
0bac
0034
fc0e
ff45
faa6
106f
feb1
fe36
0d2c
fb27
061d
016e
0b34
fbda
f111
0051
0256
f6d3
00d1
014c
fbb1
19a2
1586
fef9
f268
0587
13d0
f878
07d2
02e1
003f
fae4
f924
01b2
01c8
f91f
fa0f
0239
0219
161b
090f
f7e3
ea02
fa7e
131d
f26a
fa46
ee3f
06fc
f6a4
fd5d
f7ea
ef06
fac3
feb0
ff4e
0573
0431
05d9
ff8d
fdcf
1097
0030
fa41
01d3
1620
fbf7
0a1c
f909
f9ca
028e
090a
f634
f43a
1077
fc7a
03a8
023c
0658
f145
0331
ffb3
fec4
fa34
0389
0767
06ed
fe3c
ed7a
04f0
fb47
0369
f76d
fedd
fd84
f2ce
0876
ff5a
003b
f3ca
04d6
0156
fada
01ba
f8bf
019d
011f
fa96
05d0
f7a2
1276
f858
0456
fbc5
ef66
05ea
f817
f46f
05d9
0d5f
ffe7
f366
f8bd
f6bb
f98a
0366
0a43
045d
ff98
f9c5
0517
ed7c
f880
008a
ff21
089c
09d6
04ca
01c6
fee0
0dcb
f39d
eba8
102d
0c7b
f7a3
0562
fca3
04f1
1899
06ea
02aa
0d0b
060f
0318
0204
fefe
0896
052a
f893
14db
f0cf
fdc9
035c
0311
f582
1077
0e2e
0eea
fb4f
f602
ec18
0aa7
003c
f760
fe71
fa00
0e2e
0544
046c
ed74
f548
0735
0841
ee8f
fa65
ff67
fa31
fbf5
e89a
05f1
fdb7
fa1b
f4c8
09af
087c
f43b
0d59
f709
1007
0c94
f99c
f906
f3ea
0350
0467
f29a
0fb8
fe06
0507
ff48
fcd9
125f
fc71
f86e
f97f
fefd
fc01
07bc
e4ed
0f7a
fdea
feeb
017a
f940
03c7
0837
f574
00e5
fe0a
04f7
0b70
0094
fc2f
fd55
efdf
0d59
1021
0a82
066c
f3c2
0c52
f383
fe5b
fa6b
028a
f165
f3d1
e7ba
f7d5
e3ba
f085
0835
096f
0182
0683
f1dc
f3d8
f284
0799
0976
eaf0
eca0
0158
ff91
f41e
f2cf
f8c0
f4ef
0338
0427
e09a
fd3b
164c
04bc
fb26
feae
f95a
f5a4
ed9b
046e
f2a8
f7bc
facc
fad9
f1cb
02c5
084a
0d66
fd2f
f96f
f21a
0259
f7ba
0f41
0344
f4e5
0299
f963
0ccc
04bc
fa05
fcd5
0362
f1e2
e7ea
06f9
08ff
f88d
f521
0a36
fafd
fa37
ff55
0399
f956
1982
0418
1119
12fc
faf6
fd1c
0d1c
ee10
ee36
034f
057b
078f
f956
f5ed
ef64
f83f
092e
0898
0124
0179
05c0
f7a6
f600
1240
01b7
06d4
fdea
f6dd
0aff
fe58
f807
fcb3
0214
f962
0970
fa65
0513
021a
eaf2
f854
edf5
0b3a
0646
fc93
f76a
f070
0599
001c
0c4d
efcb
038f
fc98
f965
0875
0919
07b5
f9a4
0352
03bf
fdb0
f792
0041
f008
f324
1482
fde3
0d19
f96c
fce7
0713
018e
02d3
0d56
0402
fca6
03f2
064d
fc33
f8cb
05b5
0112
0ad1
0870
01ef
fe4f
04e5
0aa7
02b8
16eb
ff2c
fc8f
0468
0b01
003e
10c7
f22f
08bd
ffda
0d6d
ffde
0540
09a2
f615
eed6
0737
071a
0573
f78a
f5c6
fd88
f8c3
094c
07c6
08a4
0d99
0381
f59d
00f4
fbea
0aeb
f411
0ebe
fea3
0d9c
fbae
e30b
06ac
fe41
fecb
fac0
0686
f832
f5eb
1982
f13f
0e86
0051
f40e
f474
f784
ff13
e9cc
ff8d
f81f
fdd9
f794
00df
13bd
fe71
fdc6
e04d
ea3c
0575
e640
ec3d
1734
f77d
fa61
e559
fb84
ff15
f06c
f3e3
f87b
fa25
f411
f62e
f297
0165
ff2a
fb47
f79b
f0d4
03e3
f80a
fd42
fb13
0002
f357
0276
0bc3
f9b5
0123
0665
f3f0
01de
f72c
ee32
f7d4
0290
f20f
fb9b
08f1
ff92
f828
f9e8
fd30
0810
0aae
fa3a
0270
ed85
fdb6
03c5
0f5c
f4ad
0489
f04e
06ab
f7c0
06fa
059a
fc23
f702
ed82
ed03
f919
fc5b
fc44
0e25
02ee
0ec5
011f
f076
f44b
eec1
0455
fed9
f9ca
0491
f97a
fa05
f5aa
0294
fd2b
1b46
f9b4
0676
f7ac
0b2c
1a22
01f1
fc79
f904
fc24
ece7
030c
0990
001b
08f0
f30c
0a66
0440
0e81
06b3
f80a
0ceb
f859
02ba
0b1b
f5f4
fc04
00d8
01c5
f5be
ff3d
08ff
0712
ff81
ecd6
ff1a
ffb1
06d6
ff5c
09d0
edf1
fced
fec2
026a
fb94
071e
f707
0f8b
fb75
044d
0c9b
fd1f
0842
f91a
13c4
05ce
0015
036d
070c
fde6
ff81
039b
f0c5
09e7
fe8b
f407
f768
04af
0259
0854
f9aa
fcdb
fd1e
f8b6
fdaa
fdb4
0573
e64f
f743
fcaf
09c1
0020
f80e
f633
0589
fc91
eca0
0a85
0170
f715
0874
fb3f
eaf8
fd18
f54e
fbf9
00ef
0746
fb12
073e
f5e5
0446
0466
029e
0db5
fe9d
055f
0181
f185
131d
fac4
f3b1
fea6
fd12
05f7
fd71
f312
0550
13b3
fd56
016d
f634
07ac
f6b4
f08d
072b
02d0
ff9e
03c3
102d
e84c
ed57
ee94
12ab
16b9
ed00
0a7e
0f03
fa4a
eefb
f22b
f714
feaf
fcb5
0cc4
fe5d
fa96
f4e7
07e3
0672
f9e0
ec65
f54d
ef35
1968
ffac
02cc
13a2
008e
f3e6
f78a
09bc
f64a
05ca
1c29
e2a4
ef60
ff2d
0638
f6a8
0724
060a
fb96
0de9
fabc
f627
0c11
e9f2
f83b
f15d
fcb3
0480
f831
fc9b
0126
0a6c
f246
eceb
0561
0b3e
fb03
003f
ee6c
f8ae
107f
1add
fda4
fa66
0703
0d9c
07c3
f9d5
f5e5
1d2b
14a4
052e
04b2
0396
f472
fa41
fdb8
044b
fb29
0046
fbd7
0c31
0985
ffec
0095
0bd7
0819
00be
f3bf
fccc
0308
fe6b
01b6
0c0a
fa1e
07e5
0401
02c6
03c0
ff2b
fcfd
fbfd
fe2f
f28d
fb0f
0766
0691
fbac
fa9c
1284
0032
fb34
fa21
0472
fa26
edd4
fd2c
11df
fa24
f916
f665
fef4
0b4b
f5e9
f630
ee88
0169
118c
0946
fe5b
024e
fb3f
f5ea
fc9a
056d
fcfe
0417
0301
fab3
0221
f53b
0555
f928
02da
fedb
ffd5
03f4
0713
fb44
0b34
ff30
f03d
016f
07cf
f7a5
ff66
fbfc
0913
ffa8
fd62
fbb1
037b
03dd
fb8c
fc6b
0377
f13e
07f7
fc84
0731
fb5a
fcda
fd22
f5ca
0003
f843
ecbf
07cb
07a9
fd3a
fe21
fe2d
fb06
023d
fad2
fbef
005f
0114
0359
fc85
065a
fe6e
07b3
01ef
fed4
0d2c
0906
fea0
fd3b
1192
ff11
037f
2cc8
1df9
fd8b
ffb6
035f
0073
f136
fc9e
0b18
fe14
06db
0223
fd7c
0559
fdfe
fc7a
ef27
0e1b
0a9c
fd43
197b
0950
04fa
0469
0a87
0fad
0519
020b
04c2
1015
0ee9
f8b7
0f32
fecc
1712
06ab
ff13
0279
0a8c
fe10
0182
2114
f24c
1792
0b50
1903
edcc
0973
0bc9
061d
fef5
0a24
0d30
fe8e
02c1
0495
ff32
f4bb
0367
0763
08c8
ff12
feb5
0f6b
f396
f7ea
03ad
0eb9
03bd
fbf6
f924
fc81
02d0
ffd6
2798
fb77
f069
ec14
02b7
f988
0eaa
0a67
f5ab
041c
0c99
080d
0343
fd76
0e4c
137d
f89a
fd84
fe63
fac9
05df
fc8e
fe8f
ffe7
076f
f9af
0149
fe60
0327
0780
fcaa
fae5
0e19
fee1
fbed
f9ca
033a
fb26
0316
fa04
019a
02b1
1493
01a1
f0d2
f508
090e
0e2d
01bc
f4b3
fba0
f685
ff06
ff43
103b
128a
f6b0
0706
0402
fed2
1134
fff6
fe44
fd07
0d20
00ef
f26b
f947
fb84
f0d6
0129
fc48
0691
08a0
0639
031b
0056
fd24
0384
03f2
0089
ff6c
0474
0947
f656
f8d6
fd14
02dd
05af
fe8a
ff99
0041
fcb0
fc6a
f714
f9c5
f9db
ff97
fe9b
0ee7
05fc
fed8
fec6
fbf9
ffe2
fe97
fb0c
f9ff
02d6
faf5
0f31
f67d
0461
0565
f959
04d0
fdeb
ea60
fdeb
0188
fc79
0c3f
00c7
fae5
00eb
11db
fce3
06f0
f450
f6b0
0cba
06fc
fd3e
015e
0625
06cd
0630
fa8f
fbd0
ff2c
06bf
f87f
fad0
0276
04f4
0146
00f6
f690
117f
f848
0c66
ffd9
f9e8
0536
fa6b
0e21
0394
fe8b
034f
f6fc
01a3
00af
f84d
0e70
0a53
fee9
f85b
0459
ff35
08c3
07a2
046f
f86b
0568
ffe6
04de
09e5
f3d8
09a0
09b0
05c3
fe70
f2b3
f06e
f863
056e
f96a
0067
12f4
06da
f79c
fed2
0fae
fbb8
ff75
fd3d
16fb
f312
fdec
fc89
0483
fb9b
eafc
fb60
f4ef
03a6
01c7
050c
090e
0007
ff6b
01d3
f2d3
f3b6
053c
04ba
fba8
fcbd
12a6
0990
f662
fa0c
033e
0931
013f
f6a0
f3f9
f7fa
fde9
f9d7
023e
edbb
fc48
f689
1deb
0626
fdfc
fe14
0dcc
0d3e
ffd4
eddf
05b9
f114
fb96
ef27
fc15
fd11
f9df
fd87
e85b
f188
fe07
0be0
fbca
f7a0
fd76
07da
ed74
eabf
0382
02f1
f928
e0b5
f334
fe3b
f43c
f336
ff11
0034
f668
f904
f704
e898
f2e5
ffe9
f74e
fac2
ec0c
072d
07c1
f601
0927
e9c9
ef44
f375
fd4b
f6a7
04ab
f6b2
08d2
06f0
00e2
fd0d
0269
fa51
e7a5
1148
fcbe
047d
f561
f661
ed62
f842
f35e
0901
ff56
047b
0c59
1a4c
0006
083c
0606
1477
0a89
0746
11dd
08f8
06d4
07a2
0197
fbd4
fc6c
f833
0ed4
0231
0590
fff5
0c84
0057
1091
02ca
f515
0c54
f885
fe50
faae
0b85
fef7
020c
f88c
0689
fcea
06bc
ff6a
04ed
125c
f752
0d52
ff70
10b5
fd4b
090f
0b2a
05bb
0084
034f
09c4
0066
0268
12b1
0d24
fc0e
ef6c
0b22
02a3
0a07
0a6b
fbef
fe1b
0322
02f3
fe0e
fb32
f546
f4bd
fe3f
fb85
0836
fae9
0522
fa49
fdf4
fd3e
fe0d
fc12
0127
00c7
fe3c
fbfb
f7c1
fe85
fb36
008a
fb65
f817
0eab
fd40
0d85
f929
fbed
0bd4
012d
fd83
0b2f
f794
0b0c
049e
f7d5
ffa9
00ea
04de
06fb
f231
e707
068d
fd94
f826
0919
fc90
fc7b
fb60
fea0
ff17
f5f3
0cd1
016d
04b0
fd5d
fcb7
005b
ff0c
f912
f505
0013
f85d
fffc
0199
0351
00ea
fbae
0777
0449
f720
02fa
08f7
fb68
ff7b
07fe
f95b
04fa
fe23
0d70
06d5
043e
ff2b
fa9b
fdc5
f437
f7a2
f4e7
096c
0b64
0b61
0026
fce7
fdd9
fbad
fc75
f9c2
ffa6
0955
ff8a
f1e2
11ee
002f
0196
feb0
01f6
f562
ee77
038e
ffeb
00ad
f806
fe04
0699
0329
f849
1772
0672
f142
0bae
fe3c
01ba
0450
fc99
0137
0eb4
01c7
0815
f54d
0615
f592
0a7d
f7d2
f270
fa16
eba4
093c
0d1c
fc24
0758
05ec
ff5c
006a
fdf9
11a6
128a
f164
f3d2
f9fd
00bb
feb0
0a2f
fc5c
f22a
02fe
0643
f602
f89f
07df
0de7
056e
ef00
006e
fcfd
0fd9
f702
0414
030a
0426
f282
0223
f8a5
00a2
fa69
039b
015d
fadf
0678
0628
f7bb
0fe4
028c
0db8
0857
f8c3
f549
fe3d
f5fb
0964
fe12
fb32
0a98
05f9
0420
010e
0788
fd82
f0a6
00e6
0d53
fb31
00e9
01d0
fc63
ec40
fc16
f08f
03bc
f71c
f985
0232
0399
0bbe
0178
0039
e797
03f5
fddb
020e
063f
0e6d
022e
f6b6
f798
fe18
fea1
fc02
034e
fd28
0375
fbfd
0916
faab
0d00
f8bc
f4f9
f11f
07bb
0b5e
06b8
f658
f4ff
ed2b
0ec5
050c
00b3
f3c1
fb7c
f9eb
020a
05c7
0706
0543
fac3
f86b
0854
0105
f833
fb1f
f7f0
fc7e
038f
0236
0854
fcf3
09f1
0e83
fe49
fa2b
00c0
04a7
07fb
02ff
0a28
085f
0486
f7ce
0899
0176
0e4a
00e6
03f9
f6f7
fe31
0505
07c3
01c5
029f
f87f
02bb
008a
0362
18f1
03b7
f8dc
f679
fe4a
04f1
fe65
0578
fc7e
0839
0072
fffc
fbe7
00ed
1371
060b
004a
fde1
f587
fb31
03e2
fb4c
fa8a
07de
057d
04ae
ff7e
ff3a
fc79
f737
eda9
0aa8
f943
fcc4
02a2
ffff
fe48
f323
03db
10a0
fa09
fc8c
007a
ffdc
f569
0645
0854
0207
f83c
fb50
025e
f1c8
0263
fcd8
fae5
0833
fb4a
fb84
07da
f233
0591
0427
023e
f7ee
fc3f
05dc
0378
f755
fef8
07d7
f6fd
f3b1
f9cd
0240
fb83
1892
f27b
f1b0
ed3d
017b
0551
feca
0e91
fd74
04e6
fedf
fae3
0207
fee5
08e9
efec
f431
faba
fce1
e8ab
f610
febb
f76a
f074
f110
014a
031c
f676
f533
f81f
08bc
efda
0e2c
f8a0
0a4b
fff2
f5dd
fa56
f49a
ffaa
1185
f638
fa97
0035
ff80
0739
f769
1077
f4e6
f98f
f65b
0212
1139
f6c6
fb03
fd31
fa90
03cc
01b7
00c9
05b3
fd14
fdd7
ffa8
f9bb
fca2
fdfd
f373
f6ff
f5eb
fca2
05b9
fd8e
0d8e
fc34
fbd7
0c5e
fb68
fa1a
14b9
fa4f
0b16
f08c
f472
0b73
fb78
07e7
0392
04c1
0131
f87f
053e
f41f
0100
097b
0bd5
fe3a
04f8
0769
fdf3
f91b
0007
0033
fcc6
faa4
068f
0356
04ed
13ec
06b9
f6b2
0066
0ac9
0c5d
0534
060f
fa3d
0197
ff1f
fdb4
02d6
0558
0cb0
05a3
089d
fe57
0c6c
06ca
fb89
0531
f958
0904
0763
02bc
0474
f9b0
0145
fbd1
0981
073d
f715
0a5e
1497
fb78
009b
02e5
0b2d
05c3
0e12
0a2f
ef54
0e4c
096f
144f
0f81
f143
024b
1230
fb60
f3f2
ff21
151f
ff62
01b1
f115
f921
0354
ffe0
0ced
09ce
ef69
015d
ff02
ffbe
0896
0938
ff6b
148b
f6f6
05b2
08e8
feb5
f415
08da
0462
f7ea
f57a
065c
fc3c
f746
0cc3
f4f9
03b1
0398
042e
e4c2
f30c
edef
f6c8
1265
ef2d
057e
fa22
01ce
f46b
f99b
fc49
fb75
fc21
0d75
f332
eb08
0627
f944
fc9d
0358
f210
1155
f9bc
041b
efcc
0393
f8c1
08c4
03b9
061d
0ed0
f979
fb8f
097e
fb50
f2d6
fa3f
0da9
0adc
ffd7
f8eb
1206
fc59
f981
119c
0413
f6d2
051b
f149
0095
ed4d
f930
101e
0726
0313
1045
087a
0364
ff11
fdd0
f15e
0456
ff42
fbf7
fc5b
02b1
02ec
0266
fe9b
0101
049b
0091
1f80
08b1
1682
086b
1124
02f2
0b6b
083b
062f
1167
061a
15f0
fb03
feeb
07dc
12f5
f3ea
017e
098f
fe33
270c
09df
0a64
00a5
10fd
1564
f847
0bf3
0d78
f9f7
09f3
f0f8
08c2
1f08
00ed
087f
04be
0f80
ffb8
1389
f339
0e99
0853
0b04
1567
080d
0bb4
02f2
0f52
1faa
0f40
0819
14db
0b63
1463
13b1
0c50
0676
e2cf
0567
0a77
0390
01fd
1dd8
ff60
ecd6
edc3
fa57
00e0
ec96
f860
f08d
fb5e
f026
fbdb
ee8b
ef53
e317
ff54
f50f
119e
f2bf
0777
015b
f4a6
fc59
fa6d
f420
eb67
fe56
0ac1
fdc5
f694
e627
fd8a
eb14
fa32
fe65
0141
f2c4
ec26
ea49
022d
f905
01b7
e68e
083f
0433
fe02
f5f0
06a3
000d
fa34
f982
0b21
01b2
ff8d
0450
ec41
dd3d
f6af
089b
117e
eb75
dd3d
fb3b
ffdd
f692
f85d
f38f
0c94
f74a
020f
fac0
121c
0164
04ab
0115
fbcf
02ab
f7c3
f998
0e51
074b
00e8
fd67
f91e
f746
1d0a
f90e
0b17
eb04
05e3
f6f2
f5b6
ff8d
0556
0cc7
f91e
fdd9
0309
00a0
11fe
059c
0a40
081c
fa37
f762
1174
01a0
08e7
f090
f533
1509
e69b
f08f
ff58
f9b3
0709
0474
e678
f6f7
f91b
02d8
05fa
0a75
efa5
07ad
0163
f4cf
ed6d
03f2
021a
f44a
f92f
06d4
f9ba
11c9
0800
f7c0
03cc
06e7
f12f
0bfa
f961
0b3f
01fe
0344
1ee1
03a3
e552
f55b
00b6
101b
e405
fd52
fe74
0477
1301
0aae
ff85
0fbc
0642
fe0f
eda2
196a
fa67
e4c6
f55f
fbb6
fccc
03b7
05ca
01ff
f7de
020d
221d
0419
eff0
f34a
096f
151e
fe2e
0c0b
10bc
0938
fb9f
0235
0490
0999
073b
f63e
fd32
fd72
07ea
fbaf
0fb1
f78d
028e
0222
0ae6
f93f
0e8f
0284
ef0c
0882
0947
f393
02d3
e961
06ec
ed3d
0766
fee5
fd4d
0beb
0e18
0ba9
f69c
f6ac
0b3e
0561
0c06
fbc2
0056
fe61
f4ab
0f6f
f5ed
ed39
0655
1297
fa85
04ba
f73f
f9d1
14a6
f12a
0271
0f47
f1b6
f379
01f9
0bcc
ecb5
008c
06d8
09c1
0f4d
0459
ff1b
00c8
fd35
0eef
f54f
0114
ffe2
fe9d
eac0
0076
00c2
02cd
fb2f
fa0a
0008
07a6
0057
ee97
136c
fe59
feef
06ea
02fb
05b7
05ea
08ce
1303
fcb1
0090
ffb7
085d
fa06
fdc1
fbb4
fa64
ef9c
0af7
0360
f2d4
0106
fea6
0a86
147a
092b
0172
fb65
033b
0475
ea44
0bcf
007e
fad7
fa71
fcdb
127c
f496
1524
0176
08c3
feab
f76e
f89c
fba1
0255
fc4d
fb5d
0313
f30e
0987
fcb6
031d
f35f
fbce
fb68
00e8
0f5e
066c
0b31
0821
0260
00ea
0456
0fcd
004c
fae4
fdb9
f60c
eeba
0173
05b8
fb35
08f6
03fd
fab5
fedc
fc31
018c
0d1d
017e
0d6e
074f
f4ba
06fc
00dc
fa53
07f5
0ed3
efc6
f76b
0d68
f871
fc8f
028c
f4cc
05b6
f9e0
0016
f4c5
f67d
082e
0984
f620
f98e
f66f
eedb
fa2b
02be
01de
f359
fae1
0174
f9f5
0269
03bd
0215
06a5
0bdc
f78e
fe99
fe21
f8cf
019e
0133
0999
15fd
0f5e
fd8e
02de
0b6a
00b7
ef6f
0c21
0938
ffe8
0924
0153
09d2
0795
fc9b
033d
f03b
0aa7
ee9e
fc19
0fa6
f8ee
f975
03b9
fb59
0b46
f4cc
1831
0c6e
0bbd
0c18
0429
04a1
fac8
0c72
f930
0235
15ec
047c
0f78
02d2
0002
f790
e7a6
fd0c
0e6f
ef00
01be
ffa5
ef2d
f94e
10f9
0756
10fd
fad1
0210
041c
0628
f9e6
f152
e5a2
06dc
ee23
040d
03c6
f844
0901
ee34
f97f
02ef
f52e
0007
f96e
f990
00a7
f0d6
0256
0b14
e10c
faf5
f000
ef3d
f626
00be
0ef5
f2a2
ebb6
e92b
0615
f816
1ced
fe65
ff30
fa1c
0917
fea5
05b8
f439
0733
fe50
05f0
ed73
04c0
fad3
f8bb
ebb8
fbdd
f082
0463
08f8
0306
f506
f69c
ff10
0724
fc6e
03e0
eea6
0975
0897
fe43
ffe8
03d4
1669
082c
0b33
071e
fc7c
0793
0119
f961
095e
0c68
f7fa
f76d
fa60
0ce0
fa19
fb15
22f2
fd02
ffd3
0ac7
1151
f607
01a1
12f0
0395
f7cb
0b26
ffc2
fb1a
1918
feef
04b4
07dc
ffbf
fd86
0935
05e6
08bd
0769
06e5
05bd
0b54
fed6
effd
0f62
f7ee
e39c
0524
0867
fe7a
f73d
01fe
0652
0618
115c
f8dd
0e3e
01b9
0fd7
fcc5
fffa
069e
fe0a
f325
eb2e
efed
0245
03bf
0c54
f766
fbc2
fd4d
08af
033c
fc61
07c9
f49e
0cd6
f927
0ed7
fd39
02dc
fcf4
02c9
0477
fe6d
fe1e
f36e
03b2
fdd4
03a9
f11d
fbad
fcfd
fd7d
fb33
0206
04d4
fcea
fa40
0a10
0299
f3f1
fc7d
f92f
f9c4
ff67
07bd
0b0a
0402
0294
ef8e
0e4f
094d
fba2
0240
0c98
01f6
00f7
0912
0272
01da
f30f
0068
0266
f40d
fe16
0590
fe83
0dfb
f7b4
0676
fa9a
02cf
0878
fe9a
f793
05a5
0445
04f2
f456
02ff
f8c0
f53c
0d28
069f
f847
f96a
0714
f60a
f2cf
101b
f91c
0096
0b1d
090c
f646
1040
04cd
0e43
f2aa
f3d3
ffa6
067b
0d5d
f75d
08f6
fc7c
0388
0cda
ec09
f34b
0433
fb63
ffee
fb0d
0666
fc3f
f968
014b
0104
03b8
0ed2
0af7
0874
ed9e
f9d6
fbed
f791
fa51
fa7a
f2c0
e41f
f4fd
faca
fe4f
f71b
15de
fdb6
fff8
f72e
f674
f5a1
061c
0213
fc56
f283
fe00
f71f
06e4
fcde
038d
eb99
fc18
0665
f40a
f2cc
fbce
f45b
ed05
f9dc
07d9
f68a
0250
f30a
e8ed
01e8
ec2e
f012
0260
fe3c
0440
f22f
f51b
f9de
f9dc
03d8
e82d
074a
f508
e845
fdf1
0897
f63f
058c
f246
f385
fefe
0a6e
ff1b
f352
f56f
fc2d
f530
f58d
0b19
19da
0cee
f85e
0439
09e8
ee66
fd52
f48d
f7bb
00f6
09c3
0807
054e
01ec
0b81
04f1
0c28
f3f9
03cf
fb08
f6ca
059c
0ad7
fc1a
095f
fe6b
172d
102c
16ab
ff63
0767
f8a9
f9fe
fbde
0787
0dde
158e
0b69
ffb7
f7d1
0d8a
fad7
f23a
0547
14b9
0086
f330
0606
11bd
f3be
f723
01cb
ffff
183b
07ce
048f
ed7b
fe8e
1381
05ce
091d
fbbe
0bcf
111c
fbfa
f9d9
f7ef
0430
03cf
fa9e
fdd6
10fa
0544
f4ba
071d
0268
03de
06ba
f433
08b2
00fa
fb2e
e902
fb2f
01d1
fd4f
fa0a
fec0
fb70
013c
fb2d
ff70
ffe5
f7ac
0d6e
0705
f72e
f1d9
01c3
f932
0a0e
f3a7
f8b7
03d9
ee62
fd2f
fd8a
f290
fe8e
0938
0408
fe5e
fdf5
020b
0d6a
f993
0690
f573
f48a
f8b4
00b8
f717
fde7
fd66
0661
fb19
fbe1
0218
0b22
f8f1
0070
0332
febb
04d8
101f
f7b9
f755
f960
fbea
0855
0569
f6b9
f7fe
fff3
0d19
00ce
fb1a
fa25
f399
092c
0403
01a8
0644
08ef
0114
0883
fbe7
118a
f9e8
fffd
00f8
ff78
0a27
0a76
016d
fb01
ff33
06cc
06c9
fd73
fab6
fc92
02cf
f9ba
0b2e
fb70
fcdc
0bb7
0d64
f769
fda1
0a79
fff2
fc2c
05fe
09a6
02f8
0cf5
03fc
f791
028c
07d1
0ab1
f8c4
fa1d
f501
f11c
f541
f083
f08e
fd33
f0c0
0153
e3b6
fca5
f3d1
f332
0042
02fc
f768
05f7
0cbc
05dc
0f4f
f16b
eca7
0143
0244
07d6
13ea
f851
0115
f40f
fd41
f661
f572
fd44
f41e
f1df
fa47
0760
fbff
0749
ef3c
0444
01dd
0979
fc30
ef00
f7b0
0558
f490
08dc
f498
ee91
0230
0cd8
ee03
059c
f8aa
0918
0320
0791
f7c9
f31a
f0ff
f761
f759
11d8
f993
05bf
fbf0
fd3d
01b5
fc4b
f554
052e
1225
fb6b
fc82
03e2
fe11
ed74
02b0
f7b1
f44c
f27b
fc3f
0720
0643
fa8d
0fb3
f2e4
f228
1b84
fd0a
f166
fd98
0a81
001c
fa46
f373
f057
fbb4
fc78
f88a
fd9e
033b
fc34
01de
00b3
0c23
fe68
ff8d
ef29
19cd
0047
fd68
02eb
f05d
f5e0
0311
fe7c
f69f
f641
f456
ffce
05b2
f9b5
03f0
06d9
0280
07f1
f418
f7ee
fa1e
088e
fb07
03f7
0b90
0736
0866
f69e
fc48
058b
fc47
fead
0c36
0851
ffc6
00b7
0266
02db
f397
f0fe
efc9
0314
fc71
f684
028d
f3ed
08d3
01cb
f830
053e
0673
f7e7
050b
fe29
0915
084d
ff9b
03c9
f9b1
0789
05d2
ff35
ff20
fbd2
0023
fd62
04e0
f28a
025d
052c
09be
fcf1
1113
ff8f
fbf9
ef16
055c
eb59
045e
027c
fb80
0b0f
fd63
08dc
ee03
f560
f2d1
fbc3
fdf5
06d4
06c7
f95c
ff13
0642
1c38
fc79
03aa
f656
0445
f4c6
f761
0694
f7e7
f10e
ed80
f5c3
fbe4
0f8a
fa74
fc07
02ce
1261
0116
ffb6
f324
f1e6
007a
fa66
f4fa
0862
f14f
16de
1519
0954
fa56
f44f
03dd
ee68
ffc2
0117
fbca
03ba
fa51
03af
0dc2
02d1
f26d
ff00
060c
fe82
036d
fd9a
04f8
0499
f7a5
079d
0a66
0386
034e
1813
0c07
03f8
0af7
05b1
0a38
f939
0704
078d
0efa
0205
ff21
f759
10b9
0bc3
062d
f8fb
0996
f4a8
0be0
0891
0229
06e1
1051
d9ad
eecb
fcb7
f5b5
0943
05f2
0edc
fedf
f05c
ff2f
0d2f
f991
04c7
032a
fd45
eee6
fc87
e981
056b
03c4
0450
10cd
0a18
f4c2
039e
0919
028e
0860
0d03
0e40
0ad9
fe4c
fc97
f9a6
ea5f
fdb6
f83e
1085
135b
0425
f91a
fe32
0098
f201
00ec
056f
0980
0228
0819
0074
f330
02e1
fbfd
f35b
0126
10ad
071b
fc4e
05e3
fd6f
0353
ed54
1352
0641
f561
025b
f850
fca8
013a
f7da
0339
f639
faa1
0167
ff50
fc6c
fd33
0d36
fb4b
0024
fe0d
0a1f
f884
f7fe
09fd
14bb
f8ff
ff63
eac7
fdd7
091e
0f2a
f314
0677
fefd
0517
0cb1
07eb
064c
f784
03bc
04e6
efb8
fe94
038e
f814
fb77
1350
f94e
ffb2
f625
01bd
0c8d
1191
f8e4
ff22
0557
02e2
0238
f907
004c
141d
0557
0167
fd9c
0bb4
fc7b
012b
0121
07a9
02cb
f945
fa0d
fbe0
006d
050a
f8c4
fe17
0c84
fc6d
f96c
10f6
fb00
0786
ecc5
1b65
011c
017d
00dc
01b1
fa42
03bb
0432
0aa0
06d4
efc4
0aed
058a
fc2d
023b
f96c
0458
fa3c
059d
0490
f8a5
0540
0801
fc28
2017
f36c
fce2
0740
f7c8
00fb
04e5
f1dc
f929
fc33
fa78
100d
0002
f612
0bc6
f762
00e4
02f3
088f
f438
f8ec
04e2
fa22
067a
04a9
15ee
f62a
0edf
0278
f8f1
07de
0752
0897
fa92
09a0
fc9f
1188
f7bc
077e
f05f
0ea9
fe40
06c5
07ba
0942
030f
0a98
ed84
ed05
029d
141b
fc9e
0464
fca0
03cb
04c4
f40b
d5a1
daea
e69e
e207
d28c
1bd9
e80c
ff47
e10d
cefe
dfd9
d4df
d9be
0368
c0a7
0ad1
d183
1328
1962
e20a
fee2
d43a
df75
d75b
e923
e8db
b658
d7e3
aa3a
e4cc
dea0
0840
ccec
f998
0478
f13b
d9e2
ed88
ede1
06e2
d0ce
e376
f1dd
dee9
e930
df45
108c
dbf1
c224
f919
10e1
eb66
f48e
d8ed
c3e3
cbe7
1639
d1d5
dc31
eadd
0bf2
d7c0
d10a
44a0
673e
60f6
3d57
5f18
65be
23e9
316f
2f2d
4bd2
4ab0
4a26
4f95
49c7
4d5e
5cfe
39dd
4e81
4257
503d
46b0
3e0a
3f2b
56b4
465f
525e
3baa
671f
5c06
6957
3a88
27d9
2ef6
5e3d
50a9
35d2
3a8a
3e10
4bf9
3c74
2ff5
6143
2f3c
3fe9
5ee0
52eb
5775
2e75
4ed1
625e
3802
1daf
3566
3d86
5016
5cad
5369
2716
38ce
5053
44ec
54d3
5a1a
4606
15f4
0f9a
0b80
0299
1112
08ac
fd3b
f911
01f7
faf5
f6bb
0e70
0c75
f883
1e7f
f24b
0b2f
eee8
ef2d
e1e5
0797
eadf
fd45
e9ea
fe48
f5fc
02db
f746
1a00
0389
f76c
0c8f
0d24
027d
189e
f80b
057e
00da
e947
f6d6
01e3
0b87
0a18
e461
f0de
fa29
f0cd
0e39
0fbe
0045
07d0
0a71
0fd5
0702
f45b
1235
fcfc
08b7
f413
079e
0a3b
00d9
f65b
fa54
0830
0e6d
faef
f165
fd5d
06a4
23be
09d0
fd82
e9d5
f688
f5fc
f171
0177
0a25
f7b8
ffce
0547
0ef1
1a0a
fd93
0450
fc7b
0ab2
f7c0
f586
fb1a
fe92
0e01
0351
068c
ec77
059d
0bb7
06e3
1060
1154
fb94
093c
fb5b
12d3
055f
ef20
f977
1031
f7cb
0358
1738
f54a
fb03
0322
1d5e
0163
fd9a
f4c6
0c8d
f234
3150
fd1e
f598
0630
114b
f2d8
f5af
f958
0100
03ae
fa61
000a
ff97
2b52
f93b
f7ed
e4c2
f441
efbf
f626
fc96
f422
0d8c
e2c2
df98
0504
02de
e18f
29ce
ff55
0214
ffae
0033
e459
f4b7
fd69
e078
f326
fa0b
f316
fcd3
0d50
0cf2
1393
0c17
1799
ffd8
054d
005a
f9ac
0637
e74e
e720
1102
216f
06d4
fbe2
1faa
fde2
e970
08ec
09d8
0402
19bf
0a4d
170f
0d46
1e44
0ff7
02a2
057b
0243
f50b
f661
f8b6
0c58
f4ce
fb80
eeee
0572
2693
fdbc
0083
18f4
068f
1827
0d18
fa64
1474
e7a2
0858
2227
06c2
0019
fd78
02b8
00ac
117f
1007
f3ee
ffec
0c35
0ed6
f883
11ea
ef5d
f713
242b
f5bf
137c
f4f4
1ae6
100c
1025
1a59
2643
0214
03bc
070f
dfda
0a8a
fe27
ee62
0016
facc
f77c
f229
f426
15ae
0c1a
e809
1e36
299d
eb9b
d6c6
eee7
1448
0066
fd62
0306
0524
f6c9
05b5
ddac
0006
f372
fb91
e867
faa1
fbc8
f185
1173
07bc
f0dd
f8a1
0576
fcf7
e484
1dad
19a2
011e
fbdb
20b6
0dbe
fd97
03e0
fd8f
05e9
f534
0123
0647
e27b
fe29
025b
fc9a
fb8a
032a
f632
dbf4
e428
fdb2
f477
0ad9
0492
1344
fcd9
0c3d
0bc2
124d
06f5
f9a7
095c
f080
ff6e
feb8
fbe9
f165
04c1
f357
03d5
cff7
0265
f8f6
e0c4
ffca
f764
0fb8
02b3
efa3
0425
06be
0c1c
f507
fb6a
2006
fc2e
002c
0036
03e0
1d07
f907
0226
fd42
eb73
ec4f
0f14
f137
fdd2
fadb
fd5a
e8e7
f7f0
fc76
002e
fd4a
055f
04c3
1232
0291
0c8f
158c
006a
07c8
fa86
f87b
0f68
f98e
f498
17ed
067b
01d7
152f
df84
1a41
1bdb
f1ad
1208
25b9
f7bc
f382
15c5
f6bd
03e2
1043
ebd1
07b0
fe60
fee1
00e6
f44d
0db8
f43e
023c
06ff
eb88
0c0c
f0ee
210c
1256
f16f
12e7
fc57
0e8a
0d1e
eda8
f89e
01b2
fee3
f112
f9ff
f82f
e44c
0e38
1685
fdd2
ffd9
f524
16cf
0990
1ab8
0b4e
eb91
06ae
f1c5
eca2
030c
04ec
0559
f4fb
13e3
f9a0
f98b
0bd1
f3e2
fcd8
1225
eb8d
fadf
12bc
06f1
0d33
0c24
01d5
fb5b
f352
25a5
1174
f9ce
f589
f68e
0c06
fabc
0a3a
f850
0df4
f079
ed4e
f1dc
e5bc
df63
ec45
f8ec
ee51
0cb7
dc62
0988
f00b
e47b
f572
0c01
0b35
ff8d
f715
f079
ff7f
eb00
dbf4
ef03
f387
fe6f
e81e
e6d2
071f
f6ce
0396
ec04
03e0
071f
013d
fb20
e6f5
10e6
df54
017e
edd7
00f5
e968
0197
1e28
039f
08d4
0486
f789
0bda
faa8
107f
f5e0
e75f
f912
0726
f2cd
0d06
fa2b
f063
f4fd
0162
fb24
faea
f9b0
072f
1ab6
0dca
0fba
e820
2890
fd3f
fd77
fdf6
f3a9
0396
feb8
0a69
f934
f16c
fe6d
f567
0368
0536
1340
0820
11e9
ea4f
edee
f2a7
ec48
0440
0d12
faff
02a2
0f4f
f844
f322
e354
eeb9
f613
f5b3
f0ac
dffd
f2dc
03df
c0dd
0de4
e953
d605
dd51
1345
1ade
0008
db0a
15b7
fc1b
dd65
f1e8
1548
36ee
f468
fcec
dbbe
0ac4
05d5
036a
e0be
00a9
d668
ed80
f97b
e968
fa87
ec93
fd50
0907
f446
f6f6
fcf5
00d0
f64e
fbed
1daa
e394
1394
fe1a
e22d
e6a2
b603
eb8b
128d
f614
fa05
e2e9
0768
0698
ef73
039e
09d6
0186
f572
0910
f777
eaa5
e936
f93c
004c
0aad
dd5c
f742
064c
01ba
fe05
e919
f61f
f3cd
10d6
f46c
0835
1238
ef08
fe99
1033
1502
0279
faee
062b
0406
ef3b
0fb5
0b88
1b08
0fbd
ef98
ffca
ea87
eb68
d51c
0e9b
f758
fe28
dbe4
14d2
fbac
ed37
0896
087a
0d21
f2b1
1826
0c7f
dd29
ebd9
d123
fd0f
e9dd
08dc
028a
0927
02fc
0939
f804
fb7f
efc1
0fbb
06f3
11eb
1440
1b15
0d6d
0671
1649
f60a
032e
f222
03e6
ff31
db3f
1a23
00b8
ef9a
0686
f81a
20c7
e62d
0b59
1379
0c30
0047
09f5
067f
fb95
ee89
fcd5
0c64
fac7
f7a0
fd50
09d1
14be
0d19
0198
f501
ef8a
dedd
047c
018b
f9eb
efc0
08e3
0345
f86a
f7dc
1759
fdea
fe56
ff5d
f523
0e48
fca8
080c
017f
06ee
f596
02d1
f431
1726
f1e3
07a8
074f
08d1
1099
f77b
fe5a
0c0b
08e3
0c6b
0785
fed0
11cf
0032
077b
f080
f1d5
e9ef
08a4
f87a
fcbd
f3d6
fbeb
ed46
009a
ea3b
0b6d
eeb5
04d1
ffd9
0462
fe7e
010b
eb68
0049
ffcc
ff96
0b28
0cdc
e5ce
e51a
e696
f4d0
f6bc
fe2f
e6bf
0f99
055d
edf1
f08c
f84d
e9be
0e5b
ce49
e448
0e6f
02e1
ff6c
f64b
fffb
fafe
ecc3
04ed
f650
03f6
f91f
fec7
fe1c
fe93
0aaf
f381
f24c
edbf
ed9a
f1ef
0c50
f70e
e6d2
fa22
ff6b
e833
fbfa
db3b
f5d7
e839
f377
f894
122e
fc33
eba5
f754
ea31
0657
e77d
0dc1
05b7
0810
fb01
ff1f
f067
ebf8
0e89
f997
f623
01db
e42c
fb46
f7e0
e145
0454
2386
1011
0b8a
fe9a
f689
0d8d
11a6
f996
ed2f
1396
f3d5
f7e7
fec0
03a3
0876
0fb8
0b99
f2d7
0c87
fcbf
0ab6
fa96
f698
07a1
ff67
034e
f3d5
e190
10cf
f943
fa8c
fd31
e223
ff8c
f5df
f602
fd83
f378
f772
f4af
0da8
0c1b
e70b
09c0
0014
131e
ff4d
02de
00f5
0bbe
020b
1525
03c4
015b
15da
e38c
ebdc
0da3
14f5
08a1
fd6f
0c3c
f61e
f03d
f11d
0a90
0aa4
1a5e
0c5f
07e7
d87d
0c58
f611
f501
f803
f605
0e53
012e
0493
fdeb
03f2
0502
022d
0473
119b
ff03
e97b
ed36
122b
f985
ddc0
0089
f7bf
1bf1
f0c3
086a
f4e3
0a48
0428
01ac
f81e
ea2a
fbd9
1197
e8a4
f04a
fc0d
fbef
03aa
078d
f941
f570
f72c
fca1
fee7
ea09
07e8
f22c
d74f
ee48
0242
e1ce
0a4d
0e66
d9e6
0349
f79e
e83d
0b2d
f9c5
ff16
e546
df3e
e436
042d
015e
e8d6
e07c
04d4
fe14
01ad
f331
f5da
0054
ef78
efab
f375
1518
14b9
12c5
316e
ff23
00fe
f6a0
13e7
eecf
093e
f2b1
084b
0a2a
f97a
ff6a
f1f7
02d0
1ffd
2525
f537
0a7e
20b7
20a7
d330
f552
f882
fbfd
fdd3
02a8
0035
0774
f47c
f8bd
ee94
fe82
db15
0bce
ff77
fb87
0e1a
fa7a
fb6e
eab6
26f9
0bdd
0c15
f86d
0500
ee7d
18cd
ef05
2089
f5a1
0523
0fc4
f427
fd29
f4df
1b25
08b4
e913
0b93
1b15
14bd
f415
ed3f
0316
1715
ec73
1065
00e3
fcd9
0b01
f731
1066
0e06
0f6b
ead5
1310
0f38
03a6
fbe5
038d
f137
e35b
0093
1191
f1b5
029a
f88d
f6da
fd80
e668
067b
f011
0d02
fa38
0a67
f86a
0034
0adf
0fe7
0813
ecdb
f769
fa3d
fbc3
fcbb
fdaa
10fb
f9dd
d4e3
01be
0cdf
11ea
fa80
0048
03cb
17aa
1106
011e
fc09
f734
fbf0
f818
0196
f0b8
018b
fc17
eb88
f48f
e7b8
0dfa
f432
0e99
2fb5
f4f5
e670
fa99
129a
f6ec
00e8
feb5
0a50
0cc4
0c00
fe93
05bc
fe02
0b15
0b52
fdc9
0548
0d6c
f331
fd91
10ca
0184
f2a0
ff4f
04e8
1053
025c
1623
fb3b
0d1d
034d
e1e9
eeca
0157
f918
f982
f4ba
0114
1523
eef3
f2d4
00da
e734
0945
009e
e0f7
10b1
f9b4
f2ee
0150
03dc
fe5a
1ddc
0088
015f
0237
dcea
15bf
04e5
008d
facc
10e6
ec68
f975
f303
0878
f06b
04be
e651
f473
f184
e64e
0d91
0f45
ef06
109f
04fc
16d4
feee
07cd
fe56
0d58
fc70
ffcc
10fe
f602
f9a5
fa13
0798
2525
fc4a
0c7f
2c20
1c83
fd79
fb96
08ed
13c7
fddf
0920
f9b9
e93a
035b
128d
ffae
0fa3
0440
116e
01be
1230
1068
055b
0398
ffc0
f195
fb88
026c
fd0d
f92d
fe23
0ca2
02a0
fed5
fcfa
1371
09af
f9cc
f9dc
eb25
f315
fda8
f38b
0b88
055d
09b0
041f
0c72
f8c3
fcbd
f6b4
0ffb
03f8
23df
0538
0a35
fac8
f99f
f604
0a3a
f218
e07f
f36c
08b2
fa2a
0581
21b0
0c8a
fb12
fd1b
2130
0b8e
01f2
ef44
f9dc
04bc
0769
f3f7
fca7
01a9
1b9a
06e2
09b0
159c
f1a8
0031
f034
0587
f9a7
f848
0bf8
f687
041f
f43e
0161
fec5
f936
0cb5
01c1
081f
0179
eea2
f439
ec05
ff03
fc27
fd47
f757
076b
fde1
f9a6
0216
f92f
fdf2
feb6
fe9e
fe2a
f6cf
06f3
0581
0cf2
18b1
f4d5
045a
f8ef
055c
f597
f975
13a8
10f5
16b6
ffb8
fd30
ff24
09b1
fe2d
0db0
0353
1118
04fa
1457
fc3d
05fd
10cf
0e9b
0154
fe2f
17d3
1091
1faf
04a9
18eb
0968
0853
fd83
f618
fb48
01c5
fa64
09ec
f88a
000a
f197
f4ee
f5a7
1000
0b6d
011c
e3d8
fa38
ffeb
f8df
d8cf
f47e
e44c
f750
f896
035b
1119
1a77
ee6e
f576
fb74
1890
fe65
fd78
fc47
0723
fa19
0af5
f71d
1346
ef4a
10f3
18e9
0cdf
08e0
07bf
dbfe
1499
ff0d
086a
112d
053f
f043
07d9
0ca2
f951
0810
0730
feb1
15e8
ef8d
f076
028c
05f4
dc69
1814
048e
e038
fbf7
0612
0080
f650
0111
f5b2
ebe2
efdd
f2e3
090d
eb97
0b4e
093f
0f31
ff6c
026b
f8af
0d2c
00fc
1354
e64c
fe1a
efef
f8cc
ea91
eca4
0866
fc98
01b2
018c
ff77
0690
072c
ed0f
0170
f9d0
fbba
09f7
0e28
0e60
0e57
f138
eeb5
fc12
fbfd
fa91
fa3d
fa53
fde6
0164
0a77
efc7
fb6e
00f6
f726
02ad
024c
014e
fc5b
fc7f
e585
fe5c
ff1b
fc63
fc2b
fb89
f4c6
0ea5
f597
f89a
0176
0f74
f714
f1f8
f4ba
085d
0407
f3f7
0554
26d0
1d30
05ba
0432
07d6
ede5
08ee
0caa
035a
fbc4
fef0
0723
f88a
fabf
ff94
01be
096a
0278
fcc3
fdd3
1524
fdce
040d
f771
0711
0ced
fa71
de7b
0210
05fa
fadc
0910
fefc
05e9
0931
ffd6
0385
0978
fe3f
0b9b
fcfd
076b
07b4
fa75
f974
f89a
ec91
0373
0a1c
0cd4
fb62
0ab3
f348
ff96
ecbd
f205
fe4c
f13c
074f
03dc
1a57
024b
fba5
f12d
0196
f843
f707
109f
f264
f14f
f202
eec3
f40c
03ac
d0a6
e60c
fd1c
fae6
f65f
0548
fbf0
fb8e
113a
ef4d
0462
fa5a
00b5
f54c
0b66
0aac
f8c9
0a45
fdc5
fc5b
f79e
08f6
01e5
2423
0ac9
f6dc
058a
ee42
fbe2
1f08
0ac6
14cf
fcdb
0480
01d2
0448
0c59
f644
0dbc
f5da
16ab
fa54
0655
eb73
054f
1758
da39
fb83
1855
05e9
f0f3
20f1
032e
0663
2124
fba7
fcca
fed3
f4d8
fec0
13a7
f6cf
0d3e
1429
0327
ebca
0128
fc30
fe83
0398
0954
fda8
01bf
f7c9
0b5b
e86a
0059
fd20
05b1
fde7
0155
f524
ffda
ffdb
f6fc
0c89
03e8
12fd
f518
fa43
1432
f31e
05c3
efea
ec7f
192c
01ba
fb03
0338
fe31
f8ed
03f5
015a
f525
ea29
f793
16bc
1455
184e
1c1e
1b25
fdb9
062f
0239
ef4a
05fa
fe49
04f4
f96e
f765
2094
ec28
0754
1d74
f9c0
1101
0c9b
13a9
0f62
1deb
013e
f585
f475
044e
209c
04c2
0436
03ae
0188
1d80
f186
04ab
0dfd
0020
165c
e699
fdb2
f32a
fafd
0722
f992
07a6
ff02
f58b
0ca3
0243
e97f
0f36
eb2c
f8f4
03dc
fa1e
fa37
fb28
f3ae
01fa
0262
fb02
f765
f607
f873
0160
00ab
1694
167b
fa89
fd02
0ac5
f5d7
ec49
ff4a
fe80
e7e3
fe9e
0ff2
061c
f616
116f
13f1
1763
0c50
f6fd
0c54
fdec
f82b
086c
f074
f53b
065b
ef89
012a
eca4
fa0b
1792
f9a2
f854
068d
0b02
f00e
001f
e957
eccb
f6a4
010f
08fb
0d9d
fe0c
05ec
0a6f
fc2e
eddb
0a40
f825
f920
fd0d
e5d7
f5d4
01a5
ee8c
03ff
134b
05f1
06d2
fdab
0870
0164
0327
ed8d
fd21
f50a
f637
f457
e1fe
ee5d
0322
09e7
eb99
04b3
0cf7
eae6
ea91
03f0
02a0
0939
fd0b
faa7
eae3
0289
056c
12c3
12dd
045b
2118
0390
fd64
fd52
f31e
0df9
0305
f976
0477
0c08
fd1e
c917
fe64
0ae5
13a5
ff81
ec37
08b1
f8c1
0959
0ede
e4e3
fdb5
fd98
003a
fd3e
00d3
fe3d
fbef
f6e4
0bb3
03d0
f05c
fca4
e0f0
04a5
078f
dc94
0208
fb33
f068
f506
ffe8
005a
1586
f66b
fb06
f8a1
0157
04b6
0f22
03de
fbea
037e
f7aa
fbb1
109a
0a7f
08cc
10ac
03c6
fa05
105a
10af
ccf7
0f2f
f983
0baa
fce8
f77d
f469
eebb
dec3
09b4
ecfb
ecd1
041d
0d76
0cc8
f285
ff59
e4fe
0112
078c
fd14
eacb
07d5
0380
1244
f19e
f066
1bf8
017e
0880
f3f1
f811
0142
f98d
fc5c
ff12
0034
0cfb
0ba0
00c8
fc94
00ba
f7ad
0592
0420
0cb0
00df
0258
efb4
0242
0e3e
1bc7
fb2f
0479
0991
0965
ecb6
ffd5
0535
0268
0ba2
2156
fddd
039e
d948
0070
fb6a
038b
1413
1b32
eb24
c946
0300
ee4c
15e8
ef22
03a9
ed0d
10f7
09f9
e5cf
0300
092d
033a
f1c4
df1d
125e
f2a5
ede8
ea5d
f5a3
1b52
fd6d
e7da
0ef2
0ff5
ee58
0901
108f
094a
f820
d84a
f7f0
e775
02ec
e469
ed78
fa3d
f97c
013b
080c
0907
0e97
fe65
0617
0b63
0063
f668
0956
df43
ec14
fb6c
01de
e424
01d1
0de4
0126
f8a8
0d2e
f66a
f267
fad3
11e8
0573
0407
0d49
1435
fa31
199e
fac8
134d
fbd7
01df
ffd2
ff31
f688
fbd2
2212
fb84
09ab
effd
14e8
1709
02a4
f219
0202
0c19
080f
0488
fec2
0798
fa6f
02c5
f9fe
fc83
09c2
fdae
0d6c
00b2
0797
1569
ec00
014a
f4a6
fb43
00cd
ef72
ea9a
19a8
f75b
1659
f44d
0433
1211
23c9
f936
0063
fed6
fd6c
09eb
053e
04fb
04ef
0f4e
134c
089d
f5c8
ff6e
fd4e
0090
01d5
fa4f
f3e3
08db
e292
1f5d
0ea8
fe54
f514
1786
105f
ffeb
fe2f
02c7
0690
f81c
fbae
0168
09b4
0989
fb8d
ff7e
1b73
0b88
0b94
07ee
fd7c
0e5d
fa78
fe5a
f54b
db5c
eece
e000
fb50
0343
f52b
011a
1069
fc77
f51e
f8bd
064d
e2c1
00fa
0944
f9b2
ed27
f952
ea63
0bfe
0c2b
2a0c
01cd
0722
f811
fc39
ef35
025e
f25d
21de
fbe0
0fd8
0d8d
21c2
f84d
1be1
df2f
ffcd
046a
ff4f
144b
def6
0472
06b0
1338
0d78
ef5c
e0b1
f49a
03a2
1776
12a2
e907
1207
03e0
e2cc
e7e6
00b5
e319
f2d7
e426
03b8
f5a5
11b0
f6bd
ef1d
089f
fc11
f405
f7ed
0586
e9fc
0673
0548
de67
fc64
ea00
f900
0488
fd80
0113
e2c5
006e
dee3
ee46
15b9
142e
e602
e2b7
0851
e727
e5b3
e88f
0720
128c
22a5
0964
0561
03bf
f7a4
01dd
00f3
02be
e681
0d2b
05b2
f86f
fa1a
ea20
e38e
0939
1505
f2a7
04c4
075a
f5f1
0ce9
f4a0
00ef
e537
f29c
f7b4
f259
f28d
00aa
f7e9
0301
0fbb
f36c
1316
f4f3
e1b5
fb81
09cd
0335
eabe
0a0e
0b67
056a
0992
ed70
f41c
f225
f4b0
d43d
ed43
fdbb
fa16
08b3
224d
13a6
f6f8
eb2b
fb62
f240
f87f
f66d
fa08
0887
24c1
057c
0f6a
09b7
fffa
e5f3
f7c0
06ad
f097
115e
f394
ce01
fa53
e7ef
e4fb
fe88
fcbd
f74c
f9c2
f1de
f533
077d
054a
00bd
e46c
12a2
18d4
0f97
e916
0d0b
ecb1
e48b
f909
f189
1614
08e5
f493
fb46
0131
fe7c
024a
ec36
fd20
f09c
ffd1
096e
1659
18f5
f2ce
1f3f
ff6c
edca
f690
cd37
f79e
0840
0ebc
06a0
1282
057e
016e
03d8
f2f1
0a96
00f8
026f
fd55
1296
e731
f863
f8f9
005b
03d1
f661
f6d9
ef06
04bb
0cf7
f834
252d
f6f9
0d18
fdf2
104f
0a2f
01a2
f277
077d
0260
f98a
0ca0
fd67
028e
fdee
1bc5
1300
0901
0edc
f899
102e
ee1d
0c74
1162
0ed1
fe33
037d
f9bc
05c5
0263
1026
0423
1522
f9d4
2522
0132
1ac2
eedf
fc4a
ecd8
144b
0ab8
fb77
1a64
fd74
ff1a
0174
0fd9
14dd
05aa
00b9
fe1f
172e
f18b
dfc0
051e
15dc
0724
e54f
e480
075a
0501
19d7
f2d0
07ff
e369
01f2
f7cc
e2e5
06b7
e3bb
e481
f1e8
edc9
14f2
03a0
1d86
071f
0f89
f8fe
0dcf
ef7f
f807
d91e
0177
f90e
0886
dc1c
fde4
0a01
f8da
271a
f85c
0e5b
e2aa
0383
f541
f91b
0a6d
fe01
ff67
f6a9
f40b
1cbe
10f2
f82a
f961
0b5b
f562
026c
f2b2
1aed
09ab
2644
0e69
0ed6
0599
1a8f
ff76
fd34
fbfa
0003
0d6f
d0ab
1107
0f9f
f852
0808
0c2b
0afd
e588
fcc7
0102
fda1
fd70
ee36
0722
fe97
0ee8
f73c
0f54
0024
123a
014c
13d4
e015
f53a
039e
084f
0ea1
01d3
f448
ec8b
04c9
df52
03bb
fcd0
ea3c
e02a
f4bb
f59c
12d2
f0db
ffe1
0014
0274
f44b
da59
e139
ed6a
01fd
e1af
fcc9
e3c1
f459
e9ff
0c52
dc0e
d7b6
e713
e5eb
e496
e249
e8c5
d29c
f94a
e053
1658
f781
db7c
dffd
ed8e
dbb6
eaa1
f9fd
eb7d
d5a1
f12c
e95e
19e2
01aa
f1a7
f336
f9ce
f3ff
f7c2
f056
06b1
0d6f
163f
f933
fe6f
1793
f164
ee47
ec61
fd9c
0198
16c1
212d
efbe
fed8
d7cc
ed9e
f8f8
1d84
00a6
f659
f390
1133
17de
0752
057d
f342
04db
08a3
0bb8
fc41
09a7
fb1e
fd15
05d8
fba4
ff8c
016f
021b
f58c
ff7c
04fb
0584
fc34
f310
0789
fb3e
f7cf
0755
fd21
fb0e
f6b0
e8cb
ecf2
09c1
f91e
25c4
100a
0afb
ed57
0484
f451
fe71
f57f
fb64
0af3
13b5
12ea
0c9d
0aa0
2ff1
0bb3
e2a9
0dfb
fdeb
1487
05ef
fa1d
f304
f5ab
0000
0d32
21e8
fa89
036f
0895
f41a
0d0a
03d9
ee4d
0082
f801
fc7c
0b11
020d
1115
03b7
00c7
01a1
f28e
e899
05c5
18b2
ff84
f64f
f1ad
f758
04df
151f
e6af
d850
e8d3
eaa1
0fcd
1044
f706
13a1
fa52
07ee
f443
ff17
fd0f
19d5
1e3f
218c
1b06
23bc
1a2a
f095
0e4b
e7a7
08a4
0e6c
2777
016f
e76d
ecf0
07f3
1b4a
f386
1c70
12df
111d
fcc2
003e
0d06
1082
1cb8
0fca
0a42
12f5
ec2f
ef5b
09d3
f5b3
00d9
ffe4
f6ca
fe22
f533
0677
fc29
f4f7
126e
2a19
fa91
0c01
0355
fae1
0dee
fc53
f8b5
0379
0b1c
1055
f2cc
0243
f77c
031c
ecc2
0449
161c
07cd
1a53
06d0
ffdb
06e9
ff5d
f95e
f509
091b
f04d
fe60
f9d2
fb69
06aa
0430
f6fa
2e4d
fb48
0370
01cb
f5d8
1134
096c
14ea
f423
fba5
054b
0489
2408
ff5a
0a3c
f952
fd41
fc8e
fa13
0535
0f46
114d
1312
14a7
122d
17ca
e42e
eaec
fddc
16e0
fcea
1102
1403
1b5e
f5af
0871
0311
f509
26c9
f850
215d
f0b0
0db0
178e
01a8
f94d
01f4
ee2d
2726
0962
f021
f8e6
08af
09ad
09fd
0c41
ffd6
0688
1579
14ed
ef35
fad2
fa89
02cc
0d41
0641
051b
1825
0978
fabb
0701
fcbb
0a28
f72c
0072
f56c
0df4
125f
0c38
fe69
0828
164a
d9f1
0226
17ec
244e
18b2
123e
23f7
09b6
0b77
fe06
da62
f682
fb3f
072d
e513
0499
e406
f4f0
009c
ea34
ed35
0bda
05ee
f2ec
022f
fbb0
dc07
f4c9
e3d6
015e
164b
fbdd
1404
1705
0fd4
f2da
1164
f5fd
0cef
f10a
192e
3373
0ea2
fb21
fe12
0b29
0725
298c
fffa
1f7a
fe39
1d14
1268
0bf9
0f4e
1f80
021c
0545
11b4
09b8
17b7
169e
0614
24f7
09b2
30b6
e5c4
e078
f479
e8a4
f367
eb02
0954
026b
2dd7
26e6
f8b7
1e47
e968
0a73
0ede
2178
e0fe
fa3c
f08b
03bb
feaa
0268
f3f2
1f20
2680
e802
f36b
fb85
f240
050e
0374
fb66
fb68
f806
1016
f754
faea
f218
1223
18c7
ede6
0881
ff3e
facd
1d37
0b0c
ff52
08a1
ed1c
0c29
16a9
fa62
f9f0
1a29
f5c1
ffdf
faa3
19d7
0f62
0f9c
f51d
f1bd
0c87
1558
03f7
f89f
f2b5
fd51
f951
fa3f
eff6
0cda
0567
0f62
fd52
21e4
e835
0a8c
f040
12d7
f1f9
26bd
159e
fc43
fea8
1430
0391
1536
1587
ed11
0b06
04c5
0722
fd64
f4a9
1537
f9ac
ede0
13a7
efc7
db82
f286
f4af
fe16
0c38
f057
f8bc
1453
f2aa
1138
35cb
1c09
f51b
f532
1562
09ac
f082
1a39
fd7d
0353
13e2
ff99
e337
ff25
f8d9
10eb
f861
fd4e
c4a0
e351
d709
e9b3
da6a
ea59
f414
ea44
0b95
f6c8
e032
f8c4
da0b
f624
fc94
f9ec
dcc8
fe7f
f3d8
fa3d
fede
e93d
e40c
f5dc
e0d2
e0a2
d86a
f5af
ed96
f528
030a
08a7
2b15
f694
f4cc
fd72
136d
fed2
0a2a
e414
ff18
f4b5
ea20
0e3f
f09a
1af7
e310
0187
f8cc
f4cd
0f09
f1ac
c6b3
fd81
dcea
0ab5
fda9
0205
c855
fc1b
ee98
f6d9
0596
f51d
f750
fb2e
12e2
f06e
05b6
f2e1
fb2a
05d4
fccb
0ee1
f7c2
e796
21bc
07ab
fcac
fd19
0813
fcb2
ed26
0281
00b0
1138
0289
ff27
0381
0482
fea0
0c9a
f44d
06d1
2660
fdef
f740
e3c8
c909
dfdf
05be
f1c5
057b
22d2
0b3f
e676
06f6
08d8
e580
2675
eddd
13c6
f8c3
1b4e
2d44
fda4
057a
ce9d
fbcf
daac
1584
f81d
feda
0955
efd1
2aa2
f7e7
09e8
ef4f
fe7c
f08a
0761
ff09
02a9
ed31
f201
0871
0228
0658
f42a
0228
fdd2
f169
ffb4
03ef
0711
f6d7
f935
042b
e7a2
12a3
0255
ffc6
f244
0305
0227
054e
fee0
f737
14b7
fce8
f796
e5a9
07d8
f832
09eb
089f
05b7
0d1e
fb46
07ad
0578
f2bd
faa3
1bc1
0ea1
f3aa
ffdf
ef35
0191
0410
0d38
fcb5
027f
2cf9
e9e4
1ece
1067
0058
ee0b
fa60
fe09
f6e9
0f5e
f153
132c
01e4
1319
f3d5
f5f5
fa07
fa74
1111
fdd7
0792
1bee
00c9
fc8b
0e7e
f9a6
f059
04c9
0841
f254
0312
ffbf
f9d8
f520
0446
2b8c
144c
e34d
e59a
1f22
fd33
ff5c
0f2b
f32d
0c4c
f5a7
0dbb
1286
f50a
e850
f520
2e4d
e048
fb8f
fbbd
0ff1
039b
06f0
19aa
022a
0dec
ffba
eff6
fc1d
0509
3be2
fc3f
0546
f5b4
1056
23ae
059c
fe49
d60c
e391
e394
020d
e350
07d3
0ff9
0cc8
f20b
1297
0735
0b81
f7db
db0e
e988
e323
203b
05ea
06ea
0232
ec44
f5c2
e63f
0c17
0acd
0392
f435
1976
f0da
e1ac
fa1b
f8f1
15cb
1287
1b88
f93a
156d
09bd
0a7b
e426
f62a
2921
18c3
e263
02ce
1fec
0aeb
1606
d73e
166b
0344
1522
0dae
1470
14bf
d6fd
04f9
01b4
f643
06f4
ed3d
0cef
057f
1568
fdf6
1389
f6e1
11db
f9ab
032b
1677
07c8
0ae7
1056
08d2
0691
044e
0ab6
1656
0031
0691
0831
fb2c
15f2
15a4
0834
11cc
048d
1cd6
ff11
0e19
0577
1512
025f
fbe4
13c3
f2a0
006b
f2fc
febf
f77e
fae6
07a3
031c
f77f
f950
0dea
ec00
f08c
022a
fcc1
efdd
fd07
0b3d
0f9c
0c33
f826
fc67
ef6b
013f
0823
0007
10e2
ff19
0bfc
058e
1587
07e8
fecc
03ee
0171
038f
03ce
02b3
132a
09d0
0728
f673
1228
f10a
e9bf
0027
0a97
f5da
0879
0191
fdbd
fa65
174b
ffc3
1809
fee0
113e
04e7
1153
05fb
e9d0
0f4b
0a74
f446
e463
0337
e229
f6c1
e753
f9be
02a8
1d1b
0a79
ec48
0986
f7c1
01d9
065c
09b6
f000
047f
07f3
f981
f697
f986
efb6
038d
f459
020c
f910
0e31
fda2
0b00
fd6d
f67a
058b
0172
fdfd
fe56
07d4
0196
f433
0e42
04be
0b1c
0ea6
fea3
07a4
0401
f4d6
12ba
1192
ee53
0fb5
f1bf
fd3c
f96c
01e3
1494
1f3b
0b67
f6b7
ee4b
03be
e898
1bee
0527
0941
00e3
f7c4
f82a
0072
eb78
132a
ffbb
0125
1858
fc22
1657
0050
f1a6
0f4f
f82a
f504
1585
13e1
1d9b
f600
f572
0538
00ab
1a9e
f9bd
f354
0c77
00ce
fb17
e759
05e1
2d9d
0923
edf5
0570
2dea
0236
32a6
f7d5
f275
eb31
1412
f6b1
eb60
11a9
0a59
fb2c
f7b0
fddd
11e6
0634
ebfa
ef23
0706
e389
e843
05ef
e9da
e440
fe20
10c3
e1b7
f6b7
fe0f
1812
ff27
2159
0ab0
256c
f4b4
14da
ddbb
096f
111c
0312
102f
0560
07a7
ef7f
0a71
f1a0
0e19
2471
19b8
f068
047a
f32c
2d4e
03db
fe5b
147c
2281
08a5
0ca9
1268
1585
02fe
20d6
f9a5
194b
f0c1
188c
f63b
f961
03f7
1823
026f
116b
1aa6
ec87
152f
0178
0f77
faaf
fa72
19f9
044b
0843
0459
f676
fca2
0b15
099a
1066
1520
ff44
f74c
083e
0650
de94
0896
036f
0ab9
eb79
efb3
0833
f44b
00ad
106c
d0fd
0750
096f
02e4
0eb4
0f8a
1168
03aa
f915
11fe
034b
f9b7
ede1
0ad7
f55a
09b4
ff15
e9c9
13cf
0dcc
1280
e1be
f6a4
e519
2d9b
e21e
f6db
0b7f
1a94
ff56
fa17
11ea
0b2f
f6c2
0597
eba5
e95a
049e
ea28
0a93
083d
1c60
0c39
0fe5
fa3c
03bb
f9aa
f872
19bf
1468
f84b
1583
f08e
ee6e
013e
f1e0
f569
ef4b
f98c
ef9a
07f1
fc8e
099b
fe38
fc0a
08b7
fc9d
03f6
f5a1
fefc
fc50
e09b
dfe8
e9d5
fbd7
04dc
05dd
0312
ee3e
03f9
dd5c
e0d4
fc6e
0955
fdb1
ff8b
fa19
0103
fbea
fa2a
f8d6
f17a
ffdb
fe36
09a4
e089
08b9
fbaa
ffa1
0386
004f
0728
ec42
192a
02d0
fd0c
07e9
ec8e
fb50
0295
05f5
edb1
f20c
0a95
248c
f004
006a
f99c
04af
f99e
f621
f658
f0ce
e3cd
0626
0a85
083f
dc86
27a5
0cca
e6d6
f91b
18d7
ff79
1124
0124
fd2c
fcd6
0295
f76c
0a60
efa4
fef6
f551
090a
ff3e
0cbf
f741
14e1
f915
fc7c
f964
04ce
fb44
fc9d
f2a2
f53c
e8c9
0b1e
0ac5
f2b4
ef67
f87a
f7e0
0985
f0c9
ec04
0e6b
0c33
094e
015e
f2ad
ebf5
10ca
11a8
e968
0a6d
0f07
eb50
0018
fd32
09cd
f5cd
0b36
021d
08d1
1c54
0142
ea6a
ffe6
d4c6
16f2
ea90
0a26
f827
fc0f
148d
053b
14e7
f341
fc93
fe64
fa82
f6cf
f29c
12ef
0b3c
149a
d3bd
0679
1d2e
1156
f55c
dc93
102d
e281
f186
de8d
0d60
0450
2396
0357
f829
f891
032f
ff30
f64f
fe03
e844
2806
06f5
f9a5
ea27
eb8d
efdb
08b0
1968
ef85
135c
0ece
f47b
12cb
0d39
02b5
caa5
c907
e0ed
c559
d472
d0f3
e38a
dcc7
1e6e
f9b2
d503
f17e
ebc6
f573
f1e7
d583
c344
0e45
d6c4
e9b0
cab5
cee0
d764
e91a
ee5b
d1c7
ea30
fa64
e01f
f276
113c
0d0f
1178
f50b
107c
f3e9
0aba
f211
15ed
0345
1653
0b48
f68e
0a88
ff5c
03a4
fa86
04ad
054d
07bd
021b
0e6a
0576
fa4e
0eea
0bae
f0d9
05a6
f79e
0f2d
f8c1
ffdc
11a9
f043
df76
e562
f351
f753
f695
039d
e797
f8ca
088b
0bbb
0f2a
ff0a
150e
f739
f4da
0391
f32a
06ed
1665
06cf
08ca
fdb5
eda7
ee4f
0feb
f1f5
0dfd
e29e
03ae
f9ff
eac2
ef3a
0159
f1f9
0519
f524
e763
ff6c
19c2
1fdc
da02
f1e4
f555
0fb0
dd39
f675
196f
f3bd
1b90
d4be
1239
0506
02e8
17a9
ef7f
07d0
e5b4
e413
ff20
0e1d
f431
4140
ff15
e2af
fe3d
f9ad
00b6
f5dd
0db2
fd2e
ef74
f7e0
0000
e4f4
f686
014b
ee2f
07ea
094b
0697
0b29
fa4a
1b2a
00ee
f743
0bcb
019c
f4f7
09e5
16ca
f45d
07cf
ddbf
0509
ef32
0bda
0cbb
11a9
0994
12e5
054a
1084
f364
fab9
e9d9
ec89
f496
fb9e
100a
fcec
f67c
0707
07d3
f248
07f3
f7cf
0233
0a4b
0832
1b79
e292
018f
fce7
e0a5
0c9a
f954
090c
fbbc
fb70
01d1
fdf3
0afc
0004
0acc
0542
01a7
fe3a
fb2c
f7a9
04f8
0abd
e7b4
f405
07a9
04bc
fc89
efee
f7d5
faea
f7a3
f91d
e8c5
fcb8
0585
fb90
e9d7
f430
ff42
18d9
15d7
0a68
fb3e
090b
e6bb
208d
efd8
289b
c775
19a4
0aa2
1291
00a0
0d88
14c1
1e95
0bad
04f8
0d14
d85a
234d
19cf
0a6d
ff19
1615
e1e6
cc59
e757
1a40
ec3f
1ba0
180a
16c8
012d
ec88
03b1
ef1e
07b6
f05f
0383
2738
1511
fbb9
f892
041f
169d
fa4d
e790
145c
f6ad
2334
eee9
0cfa
f2b7
031a
f5bd
1383
063d
0975
fd96
f305
06c1
e885
141e
f661
e8b9
080d
e2f6
1688
e29b
2014
d005
ef9e
1b56
f42d
f6dc
f208
f406
eaa1
fa29
f13b
0ee0
fe07
f1df
e54e
e526
dd1e
e83e
f3a6
e621
b7c9
d392
e558
f686
b14a
23e4
1284
dfbf
e853
20b8
e264
e6ea
e1d8
b4df
2475
2675
1cc2
d8ad
13ec
1ef0
1c86
e110
161b
e9ad
1533
278a
dfee
dd5f
d64e
f7d3
1b57
333d
31a0
58ca
1dc3
d89a
9acf
95c6
