00000000
00000000
00000000
00000000
00000000
00000000
00000000
00000000
00000000
00000000
00000000
00000000
00000000
00000000
00000000
00000000
00000000
00000000
00000000
00000000
00000000
00000000
00000000
00000000
00000000
00000000
00000000
00000000
00000000
00000000
00000000
00000000
00000000
00000000
00000000
00000000
00000000
00000000
00000000
00000000
00000000
00000000
00000000
00000000
00000000
00000000
00000000
00000000
00000000
00000000
00000000
00000000
00000000
00000000
00000000
00000000
00000000
00000000
00000000
00000000
00000000
00000000
00000000
00000000
00000000
00000000
00000000
00000000
00000000
00000000
00000000
00000000
00000000
00000000
00000000
00000000
00000000
00000000
00000000
00000000
00000000
00000000
fffc561a
fffc00d1
fffbaeea
fffb8a93
fffb820f
fffb7c2f
fffb75b8
fffb7a48
fffb7125
fffb7054
fffb73e2
fffb6ea2
fffb644e
fffb5d72
fffb59ac
fffb5b97
fffb5bd8
fffb5816
fffb5c20
fffb5f62
fffb5cf6
fffb5ac8
fffb58ef
fffb6145
fffb60ba
fffb5f4d
fffb6115
fffb6cde
fffb77d5
fffb7afe
fffb82ee
fffb9dd2
fffba52c
fffbaadc
fffbb462
fffbbd95
fffbc678
fffbd1c5
fffbda91
fffbebe9
ffff9965
00000000
00000000
00000000
00000000
00000000
00000000
00000000
00000000
00000000
00000000
00000000
00000000
00000000
00000000
00000000
00000000
00000000
00000000
00000000
00000000
00000000
00000000
00000000
00000000
00000000
00000000
00000000
00000000
00000000
00000000
00000000
00000000
00000000
00000000
00000000
00000000
00000000
00000000
00000000
00000000
00000000
fffc561a
fffc00d1
fffbaeea
fffb8a93
fffb820f
fffb7c2f
fffb75b8
fffb7a48
fffb7125
fffb7054
fffb73e2
fffb6ea2
fffb644e
fffb5d72
fffb59ac
fffb5b97
fffb5bd8
fffb5816
fffb5c20
fffb5f62
fffb5cf6
fffb5ac8
fffb58ef
fffb6145
fffb60ba
fffb5f4d
fffb6115
fffb6cde
fffb77d5
fffb7afe
fffb82ee
fffb9dd2
fffba52c
fffbaadc
fffbb462
fffbbd95
fffbc678
fffbd1c5
fffbda91
fffbebe9
ffff9965
fffc561a
fffc00d1
fffbaeea
fffb8a93
fffb820f
fffb7c2f
fffb75b8
fffb7a48
fffb7125
fffb7054
fffb73e2
fffb6ea2
fffb644e
fffb5d72
fffb59ac
fffb5b97
fffb5bd8
fffb5816
fffb5c20
fffb5f62
fffb5cf6
fffb5ac8
fffb58ef
fffb6145
fffb60ba
fffb5f4d
fffb6115
fffb6cde
fffb77d5
fffb7afe
fffb82ee
fffb9dd2
fffba52c
fffbaadc
fffbb462
fffbbd95
fffbc678
fffbd1c5
fffbda91
fffbebe9
ffff9965
fffc561a
fffc00d1
fffbaeea
fffb8a93
fffb820f
fffb7c2f
fffb75b8
fffb7a48
fffb7125
fffb7054
fffb73e2
fffb6ea2
fffb644e
fffb5d72
fffb59ac
fffb5b97
fffb5bd8
fffb5816
fffb5c20
fffb5f62
fffb5cf6
fffb5ac8
fffb58ef
fffb6145
fffb60ba
fffb5f4d
fffb6115
fffb6cde
fffb77d5
fffb7afe
fffb82ee
fffb9dd2
fffba52c
fffbaadc
fffbb462
fffbbd95
fffbc678
fffbd1c5
fffbda91
fffbebe9
ffff9965
fffc561a
fffc00d1
fffbaeea
fffb8a93
fffb820f
fffb7c2f
fffb75b8
fffb7a48
fffb7125
fffb7054
fffb73e2
fffb6ea2
fffb644e
fffb5d72
fffb59ac
fffb5b97
fffb5bd8
fffb5816
fffb5c20
fffb5f62
fffb5cf6
fffb5ac8
fffb58ef
fffb6145
fffb60ba
fffb5f4d
fffb6115
fffb6cde
fffb77d5
fffb7afe
fffb82ee
fffb9dd2
fffba52c
fffbaadc
fffbb462
fffbbd95
fffbc678
fffbd1c5
fffbda91
fffbebe9
ffff9965
fffc561a
fffc00d1
fffbaeea
fffb8a93
fffb820f
fffb7c2f
fffb75b8
fffb7a48
fffb7125
fffb7054
fffb73e2
fffb6ea2
fffb644e
fffb5d72
fffb59ac
fffb5b97
fffb5bd8
fffb5816
fffb5c20
fffb5f62
fffb5cf6
fffb5ac8
fffb58ef
fffb6145
fffb60ba
fffb5f4d
fffb6115
fffb6cde
fffb77d5
fffb7afe
fffb82ee
fffb9dd2
fffba52c
fffbaadc
fffbb462
fffbbd95
fffbc678
fffbd1c5
fffbda91
fffbebe9
ffff9965
fffc561a
fffc00d1
fffbaeea
fffb8a93
fffb820f
fffb7c2f
fffb75b8
fffb7a48
fffb7125
fffb7054
fffb73e2
fffb6ea2
fffb644e
fffb5d72
fffb59ac
fffb5b97
fffb5bd8
fffb5816
fffb5c20
fffb5f62
fffb5cf6
fffb5ac8
fffb58ef
fffb6145
fffb60ba
fffb5f4d
fffb6115
fffb6cde
fffb77d5
fffb7afe
fffb82ee
fffb9dd2
fffba52c
fffbaadc
fffbb462
fffbbd95
fffbc678
fffbd1c5
fffbda91
fffbebe9
ffff9965
fffc561a
fffc00d1
fffbaeea
fffb8a93
fffb820f
fffb7c2f
fffb75b8
fffb7a48
fffb7125
fffb7054
fffb73e2
fffb6ea2
fffb644e
fffb5d72
fffb59ac
fffb5b97
fffb5bd8
fffb5816
fffb5c20
fffb5f62
fffb5cf6
fffb5ac8
fffb58ef
fffb6145
fffb60ba
fffb5f4d
fffb6115
fffb6cde
fffb77d5
fffb7afe
fffb82ee
fffb9dd2
fffba52c
fffbaadc
fffbb462
fffbbd95
fffbc678
fffbd1c5
fffbda91
fffbebe9
ffff9965
fffc561a
fffc00d1
fffbaeea
fffb8a93
fffb820f
fffb7c2f
fffb75b8
fffb7a48
fffb7125
fffb7054
fffb73e2
fffb6ea2
fffb644e
fffb5d72
fffb59ac
fffb5b97
fffb5bd8
fffb5816
fffb5c20
fffb5f62
fffb5cf6
fffb5ac8
fffb58ef
fffb6145
fffb60ba
fffb5f4d
fffb6115
fffb6cde
fffb77d5
fffb7afe
fffb82ee
fffb9dd2
fffba52c
fffbaadc
fffbb462
fffbbd95
fffbc678
fffbd1c5
fffbda91
fffbebe9
ffff9965
fffc561a
fffc00d1
fffbaeea
fffb8a93
fffb820f
fffb7c2f
fffb75b8
fffb7a48
fffb7125
fffb7054
fffb73e2
fffb6ea2
fffb644e
fffb5d72
fffb59ac
fffb5b97
fffb5bd8
fffb5816
fffb5c20
fffb5f62
fffb5cf6
fffb5ac8
fffb58ef
fffb6145
fffb60ba
fffb5f4d
fffb6115
fffb6cde
fffb77d5
fffb7afe
fffb82ee
fffb9dd2
fffba52c
fffbaadc
fffbb462
fffbbd95
fffbc678
fffbd1c5
fffbda91
fffbebe9
ffff9965
fffc561a
fffc00d1
fffbaeea
fffb8a93
fffb820f
fffb7c2f
fffb75b8
fffb7a48
fffb7125
fffb7054
fffb73e2
fffb6ea2
fffb644e
fffb5d72
fffb59ac
fffb5b97
fffb5bd8
fffb5816
fffb5c20
fffb5f62
fffb5cf6
fffb5ac8
fffb58ef
fffb6145
fffb60ba
fffb5f4d
fffb6115
fffb6cde
fffb77d5
fffb7afe
fffb82ee
fffb9dd2
fffba52c
fffbaadc
fffbb462
fffbbd95
fffbc678
fffbd1c5
fffbda91
fffbebe9
ffff9965
fffc561a
fffc00d1
fffbaeea
fffb8a93
fffb820f
fffb7c2f
fffb75b8
fffb7a48
fffb7125
fffb7054
fffb73e2
fffb6ea2
fffb644e
fffb5d72
fffb59ac
fffb5b97
fffb5bd8
fffb5816
fffb5c20
fffb5f62
fffb5cf6
fffb5ac8
fffb58ef
fffb6145
fffb60ba
fffb5f4d
fffb6115
fffb6cde
fffb77d5
fffb7afe
fffb82ee
fffb9dd2
fffba52c
fffbaadc
fffbb462
fffbbd95
fffbc678
fffbd1c5
fffbda91
fffbebe9
ffff9965
fffc561a
fffc00d1
fffbaeea
fffb8a93
fffb820f
fffb7c2f
fffb75b8
fffb7a48
fffb7125
fffb7054
fffb73e2
fffb6ea2
fffb644e
fffb5d72
fffb59ac
fffb5b97
fffb5bd8
fffb5816
fffb5c20
fffb5f62
fffb5cf6
fffb5ac8
fffb58ef
fffb6145
fffb60ba
fffb5f4d
fffb6115
fffb6cde
fffb77d5
fffb7afe
fffb82ee
fffb9dd2
fffba52c
fffbaadc
fffbb462
fffbbd95
fffbc678
fffbd1c5
fffbda91
fffbebe9
ffff9965
fffc561a
fffc00d1
fffbaeea
fffb8a93
fffb820f
fffb7c2f
fffb75b8
fffb7a48
fffb7125
fffb7054
fffb73e2
fffb6ea2
fffb644e
fffb5d72
fffb59ac
fffb5b97
fffb5bd8
fffb5816
fffb5c20
fffb5f62
fffb5cf6
fffb5ac8
fffb58ef
fffb6145
fffb60ba
fffb5f4d
fffb6115
fffb6cde
fffb77d5
fffb7afe
fffb82ee
fffb9dd2
fffba52c
fffbaadc
fffbb462
fffbbd95
fffbc678
fffbd1c5
fffbda91
fffbebe9
ffff9965
fffc561a
fffc00d1
fffbaeea
fffb8a93
fffb820f
fffb7c2f
fffb75b8
fffb7a48
fffb7125
fffb7054
fffb73e2
fffb6ea2
fffb644e
fffb5d72
fffb59ac
fffb5b97
fffb5bd8
fffb5816
fffb5c20
fffb5f62
fffb5cf6
fffb5ac8
fffb58ef
fffb6145
fffb60ba
fffb5f4d
fffb6115
fffb6cde
fffb77d5
fffb7afe
fffb82ee
fffb9dd2
fffba52c
fffbaadc
fffbb462
fffbbd95
fffbc678
fffbd1c5
fffbda91
fffbebe9
ffff9965
fffc561a
fffc00d1
fffbaeea
fffb8a93
fffb820f
fffb7c2f
fffb75b8
fffb7a48
fffb7125
fffb7054
fffb73e2
fffb6ea2
fffb644e
fffb5d72
fffb59ac
fffb5b97
fffb5bd8
fffb5816
fffb5c20
fffb5f62
fffb5cf6
fffb5ac8
fffb58ef
fffb6145
fffb60ba
fffb5f4d
fffb6115
fffb6cde
fffb77d5
fffb7afe
fffb82ee
fffb9dd2
fffba52c
fffbaadc
fffbb462
fffbbd95
fffbc678
fffbd1c5
fffbda91
fffbebe9
ffff9965
fffc561a
fffc00d1
fffbaeea
fffb8a93
fffb820f
fffb7c2f
fffb75b8
fffb7a48
fffb7125
fffb7054
fffb73e2
fffb6ea2
fffb644e
fffb5d72
fffb59ac
fffb5b97
fffb5bd8
fffb5816
fffb5c20
fffb5f62
fffb5cf6
fffb5ac8
fffb58ef
fffb6145
fffb60ba
fffb5f4d
fffb6115
fffb6cde
fffb77d5
fffb7afe
fffb82ee
fffb9dd2
fffba52c
fffbaadc
fffbb462
fffbbd95
fffbc678
fffbd1c5
fffbda91
fffbebe9
ffff9965
fffc561a
fffc00d1
fffbaeea
fffb8a93
fffb820f
fffb7c2f
fffb75b8
fffb7a48
fffb7125
fffb7054
fffb73e2
fffb6ea2
fffb644e
fffb5d72
fffb59ac
fffb5b97
fffb5bd8
fffb5816
fffb5c20
fffb5f62
fffb5cf6
fffb5ac8
fffb58ef
fffb6145
fffb60ba
fffb5f4d
fffb6115
fffb6cde
fffb77d5
fffb7afe
fffb82ee
fffb9dd2
fffba52c
fffbaadc
fffbb462
fffbbd95
fffbc678
fffbd1c5
fffbda91
fffbebe9
ffff9965
fffc561a
fffc00d1
fffbaeea
fffb8a93
fffb820f
fffb7c2f
fffb75b8
fffb7a48
fffb7125
fffb7054
fffb73e2
fffb6ea2
fffb644e
fffb5d72
fffb59ac
fffb5b97
fffb5bd8
fffb5816
fffb5c20
fffb5f62
fffb5cf6
fffb5ac8
fffb58ef
fffb6145
fffb60ba
fffb5f4d
fffb6115
fffb6cde
fffb77d5
fffb7afe
fffb82ee
fffb9dd2
fffba52c
fffbaadc
fffbb462
fffbbd95
fffbc678
fffbd1c5
fffbda91
fffbebe9
ffff9965
fffc561a
fffc00d1
fffbaeea
fffb8a93
fffb820f
fffb7c2f
fffb75b8
fffb7a48
fffb7125
fffb7054
fffb73e2
fffb6ea2
fffb644e
fffb5d72
fffb59ac
fffb5b97
fffb5bd8
fffb5816
fffb5c20
fffb5f62
fffb5cf6
fffb5ac8
fffb58ef
fffb6145
fffb60ba
fffb5f4d
fffb6115
fffb6cde
fffb77d5
fffb7afe
fffb82ee
fffb9dd2
fffba52c
fffbaadc
fffbb462
fffbbd95
fffbc678
fffbd1c5
fffbda91
fffbebe9
ffff9965
fffc561a
fffc00d1
fffbaeea
fffb8a93
fffb820f
fffb7c2f
fffb75b8
fffb7a48
fffb7125
fffb7054
fffb73e2
fffb6ea2
fffb644e
fffb5d72
fffb59ac
fffb5b97
fffb5bd8
fffb5816
fffb5c20
fffb5f62
fffb5cf6
fffb5ac8
fffb58ef
fffb6145
fffb60ba
fffb5f4d
fffb6115
fffb6cde
fffb77d5
fffb7afe
fffb82ee
fffb9dd2
fffba52c
fffbaadc
fffbb462
fffbbd95
fffbc678
fffbd1c5
fffbda91
fffbebe9
ffff9965
fffc561a
fffc00d1
fffbaeea
fffb8a93
fffb820f
fffb7c2f
fffb75b8
fffb7a48
fffb7125
fffb7054
fffb73e2
fffb6ea2
fffb644e
fffb5d72
fffb59ac
fffb5b97
fffb5bd8
fffb5816
fffb5c20
fffb5f62
fffb5cf6
fffb5ac8
fffb58ef
fffb6145
fffb60ba
fffb5f4d
fffb6115
fffb6cde
fffb77d5
fffb7afe
fffb82ee
fffb9dd2
fffba52c
fffbaadc
fffbb462
fffbbd95
fffbc678
fffbd1c5
fffbda91
fffbebe9
ffff9965
fffc561a
fffc00d1
fffbaeea
fffb8a93
fffb820f
fffb7c2f
fffb75b8
fffb7a48
fffb7125
fffb7054
fffb73e2
fffb6ea2
fffb644e
fffb5d72
fffb59ac
fffb5b97
fffb5bd8
fffb5816
fffb5c20
fffb5f62
fffb5cf6
fffb5ac8
fffb58ef
fffb6145
fffb60ba
fffb5f4d
fffb6115
fffb6cde
fffb77d5
fffb7afe
fffb82ee
fffb9dd2
fffba52c
fffbaadc
fffbb462
fffbbd95
fffbc678
fffbd1c5
fffbda91
fffbebe9
ffff9965
fffc561a
fffc00d1
fffbaeea
fffb8a93
fffb820f
fffb7c2f
fffb75b8
fffb7a48
fffb7125
fffb7054
fffb73e2
fffb6ea2
fffb644e
fffb5d72
fffb59ac
fffb5b97
fffb5bd8
fffb5816
fffb5c20
fffb5f62
fffb5cf6
fffb5ac8
fffb58ef
fffb6145
fffb60ba
fffb5f4d
fffb6115
fffb6cde
fffb77d5
fffb7afe
fffb82ee
fffb9dd2
fffba52c
fffbaadc
fffbb462
fffbbd95
fffbc678
fffbd1c5
fffbda91
fffbebe9
ffff9965
fffc561a
fffc00d1
fffbaeea
fffb8a93
fffb820f
fffb7c2f
fffb75b8
fffb7a48
fffb7125
fffb7054
fffb73e2
fffb6ea2
fffb644e
fffb5d72
fffb59ac
fffb5b97
fffb5bd8
fffb5816
fffb5c20
fffb5f62
fffb5cf6
fffb5ac8
fffb58ef
fffb6145
fffb60ba
fffb5f4d
fffb6115
fffb6cde
fffb77d5
fffb7afe
fffb82ee
fffb9dd2
fffba52c
fffbaadc
fffbb462
fffbbd95
fffbc678
fffbd1c5
fffbda91
fffbebe9
ffff9965
fffc561a
fffc00d1
fffbaeea
fffb8a93
fffb820f
fffb7c2f
fffb75b8
fffb7a48
fffb7125
fffb7054
fffb73e2
fffb6ea2
fffb644e
fffb5d72
fffb59ac
fffb5b97
fffb5bd8
fffb5816
fffb5c20
fffb5f62
fffb5cf6
fffb5ac8
fffb58ef
fffb6145
fffb60ba
fffb5f4d
fffb6115
fffb6cde
fffb77d5
fffb7afe
fffb82ee
fffb9dd2
fffba52c
fffbaadc
fffbb462
fffbbd95
fffbc678
fffbd1c5
fffbda91
fffbebe9
ffff9965
fffc561a
fffc00d1
fffbaeea
fffb8a93
fffb820f
fffb7c2f
fffb75b8
fffb7a48
fffb7125
fffb7054
fffb73e2
fffb6ea2
fffb644e
fffb5d72
fffb59ac
fffb5b97
fffb5bd8
fffb5816
fffb5c20
fffb5f62
fffb5cf6
fffb5ac8
fffb58ef
fffb6145
fffb60ba
fffb5f4d
fffb6115
fffb6cde
fffb77d5
fffb7afe
fffb82ee
fffb9dd2
fffba52c
fffbaadc
fffbb462
fffbbd95
fffbc678
fffbd1c5
fffbda91
fffbebe9
ffff9965
fffc561a
fffc00d1
fffbaeea
fffb8a93
fffb820f
fffb7c2f
fffb75b8
fffb7a48
fffb7125
fffb7054
fffb73e2
fffb6ea2
fffb644e
fffb5d72
fffb59ac
fffb5b97
fffb5bd8
fffb5816
fffb5c20
fffb5f62
fffb5cf6
fffb5ac8
fffb58ef
fffb6145
fffb60ba
fffb5f4d
fffb6115
fffb6cde
fffb77d5
fffb7afe
fffb82ee
fffb9dd2
fffba52c
fffbaadc
fffbb462
fffbbd95
fffbc678
fffbd1c5
fffbda91
fffbebe9
ffff9965
fffc561a
fffc00d1
fffbaeea
fffb8a93
fffb820f
fffb7c2f
fffb75b8
fffb7a48
fffb7125
fffb7054
fffb73e2
fffb6ea2
fffb644e
fffb5d72
fffb59ac
fffb5b97
fffb5bd8
fffb5816
fffb5c20
fffb5f62
fffb5cf6
fffb5ac8
fffb58ef
fffb6145
fffb60ba
fffb5f4d
fffb6115
fffb6cde
fffb77d5
fffb7afe
fffb82ee
fffb9dd2
fffba52c
fffbaadc
fffbb462
fffbbd95
fffbc678
fffbd1c5
fffbda91
fffbebe9
ffff9965
fffc561a
fffc00d1
fffbaeea
fffb8a93
fffb820f
fffb7c2f
fffb75b8
fffb7a48
fffb7125
fffb7054
fffb73e2
fffb6ea2
fffb644e
fffb5d72
fffb59ac
fffb5b97
fffb5bd8
fffb5816
fffb5c20
fffb5f62
fffb5cf6
fffb5ac8
fffb58ef
fffb6145
fffb60ba
fffb5f4d
fffb6115
fffb6cde
fffb77d5
fffb7afe
fffb82ee
fffb9dd2
fffba52c
fffbaadc
fffbb462
fffbbd95
fffbc678
fffbd1c5
fffbda91
fffbebe9
ffff9965
fffc561a
fffc00d1
fffbaeea
fffb8a93
fffb820f
fffb7c2f
fffb75b8
fffb7a48
fffb7125
fffb7054
fffb73e2
fffb6ea2
fffb644e
fffb5d72
fffb59ac
fffb5b97
fffb5bd8
fffb5816
fffb5c20
fffb5f62
fffb5cf6
fffb5ac8
fffb58ef
fffb6145
fffb60ba
fffb5f4d
fffb6115
fffb6cde
fffb77d5
fffb7afe
fffb82ee
fffb9dd2
fffba52c
fffbaadc
fffbb462
fffbbd95
fffbc678
fffbd1c5
fffbda91
fffbebe9
ffff9965
fffc561a
fffc00d1
fffbaeea
fffb8a93
fffb820f
fffb7c2f
fffb75b8
fffb7a48
fffb7125
fffb7054
fffb73e2
fffb6ea2
fffb644e
fffb5d72
fffb59ac
fffb5b97
fffb5bd8
fffb5816
fffb5c20
fffb5f62
fffb5cf6
fffb5ac8
fffb58ef
fffb6145
fffb60ba
fffb5f4d
fffb6115
fffb6cde
fffb77d5
fffb7afe
fffb82ee
fffb9dd2
fffba52c
fffbaadc
fffbb462
fffbbd95
fffbc678
fffbd1c5
fffbda91
fffbebe9
ffff9965
fffc561a
fffc00d1
fffbaeea
fffb8a93
fffb820f
fffb7c2f
fffb75b8
fffb7a48
fffb7125
fffb7054
fffb73e2
fffb6ea2
fffb644e
fffb5d72
fffb59ac
fffb5b97
fffb5bd8
fffb5816
fffb5c20
fffb5f62
fffb5cf6
fffb5ac8
fffb58ef
fffb6145
fffb60ba
fffb5f4d
fffb6115
fffb6cde
fffb77d5
fffb7afe
fffb82ee
fffb9dd2
fffba52c
fffbaadc
fffbb462
fffbbd95
fffbc678
fffbd1c5
fffbda91
fffbebe9
ffff9965
fffc561a
fffc00d1
fffbaeea
fffb8a93
fffb820f
fffb7c2f
fffb75b8
fffb7a48
fffb7125
fffb7054
fffb73e2
fffb6ea2
fffb644e
fffb5d72
fffb59ac
fffb5b97
fffb5bd8
fffb5816
fffb5c20
fffb5f62
fffb5cf6
fffb5ac8
fffb58ef
fffb6145
fffb60ba
fffb5f4d
fffb6115
fffb6cde
fffb77d5
fffb7afe
fffb82ee
fffb9dd2
fffba52c
fffbaadc
fffbb462
fffbbd95
fffbc678
fffbd1c5
fffbda91
fffbebe9
ffff9965
fffc561a
fffc00d1
fffbaeea
fffb8a93
fffb820f
fffb7c2f
fffb75b8
fffb7a48
fffb7125
fffb7054
fffb73e2
fffb6ea2
fffb644e
fffb5d72
fffb59ac
fffb5b97
fffb5bd8
fffb5816
fffb5c20
fffb5f62
fffb5cf6
fffb5ac8
fffb58ef
fffb6145
fffb60ba
fffb5f4d
fffb6115
fffb6cde
fffb77d5
fffb7afe
fffb82ee
fffb9dd2
fffba52c
fffbaadc
fffbb462
fffbbd95
fffbc678
fffbd1c5
fffbda91
fffbebe9
ffff9965
fffc561a
fffc00d1
fffbaeea
fffb8a93
fffb820f
fffb7c2f
fffb75b8
fffb7a48
fffb7125
fffb7054
fffb73e2
fffb6ea2
fffb644e
fffb5d72
fffb59ac
fffb5b97
fffb5bd8
fffb5816
fffb5c20
fffb5f62
fffb5cf6
fffb5ac8
fffb58ef
fffb6145
fffb60ba
fffb5f4d
fffb6115
fffb6cde
fffb77d5
fffb7afe
fffb82ee
fffb9dd2
fffba52c
fffbaadc
fffbb462
fffbbd95
fffbc678
fffbd1c5
fffbda91
fffbebe9
ffff9965
fffc561a
fffc00d1
fffbaeea
fffb8a93
fffb820f
fffb7c2f
fffb75b8
fffb7a48
fffb7125
fffb7054
fffb73e2
fffb6ea2
fffb644e
fffb5d72
fffb59ac
fffb5b97
fffb5bd8
fffb5816
fffb5c20
fffb5f62
fffb5cf6
fffb5ac8
fffb58ef
fffb6145
fffb60ba
fffb5f4d
fffb6115
fffb6cde
fffb77d5
fffb7afe
fffb82ee
fffb9dd2
fffba52c
fffbaadc
fffbb462
fffbbd95
fffbc678
fffbd1c5
fffbda91
fffbebe9
ffff9965
fffc561a
fffc00d1
fffbaeea
fffb8a93
fffb820f
fffb7c2f
fffb75b8
fffb7a48
fffb7125
fffb7054
fffb73e2
fffb6ea2
fffb644e
fffb5d72
fffb59ac
fffb5b97
fffb5bd8
fffb5816
fffb5c20
fffb5f62
fffb5cf6
fffb5ac8
fffb58ef
fffb6145
fffb60ba
fffb5f4d
fffb6115
fffb6cde
fffb77d5
fffb7afe
fffb82ee
fffb9dd2
fffba52c
fffbaadc
fffbb462
fffbbd95
fffbc678
fffbd1c5
fffbda91
fffbebe9
ffff9965
fffc561a
fffc00d1
fffbaeea
fffb8a93
fffb820f
fffb7c2f
fffb75b8
fffb7a48
fffb7125
fffb7054
fffb73e2
fffb6ea2
fffb644e
fffb5d72
fffb59ac
fffb5b97
fffb5bd8
fffb5816
fffb5c20
fffb5f62
fffb5cf6
fffb5ac8
fffb58ef
fffb6145
fffb60ba
fffb5f4d
fffb6115
fffb6cde
fffb77d5
fffb7afe
fffb82ee
fffb9dd2
fffba52c
fffbaadc
fffbb462
fffbbd95
fffbc678
fffbd1c5
fffbda91
fffbebe9
ffff9965
fffc561a
fffc00d1
fffbaeea
fffb8a93
fffb820f
fffb7c2f
fffb75b8
fffb7a48
fffb7125
fffb7054
fffb73e2
fffb6ea2
fffb644e
fffb5d72
fffb59ac
fffb5b97
fffb5bd8
fffb5816
fffb5c20
fffb5f62
fffb5cf6
fffb5ac8
fffb58ef
fffb6145
fffb60ba
fffb5f4d
fffb6115
fffb6cde
fffb77d5
fffb7afe
fffb82ee
fffb9dd2
fffba52c
fffbaadc
fffbb462
fffbbd95
fffbc678
fffbd1c5
fffbda91
fffbebe9
ffff9965
fffc561a
fffc00d1
fffbaeea
fffb8a93
fffb820f
fffb7c2f
fffb75b8
fffb7a48
fffb7125
fffb7054
fffb73e2
fffb6ea2
fffb644e
fffb5d72
fffb59ac
fffb5b97
fffb5bd8
fffb5816
fffb5c20
fffb5f62
fffb5cf6
fffb5ac8
fffb58ef
fffb6145
fffb60ba
fffb5f4d
fffb6115
fffb6cde
fffb77d5
fffb7afe
fffb82ee
fffb9dd2
fffba52c
fffbaadc
fffbb462
fffbbd95
fffbc678
fffbd1c5
fffbda91
fffbebe9
ffff9965
fffc561a
fffc00d1
fffbaeea
fffb8a93
fffb820f
fffb7c2f
fffb75b8
fffb7a48
fffb7125
fffb7054
fffb73e2
fffb6ea2
fffb644e
fffb5d72
fffb59ac
fffb5b97
fffb5bd8
fffb5816
fffb5c20
fffb5f62
fffb5cf6
fffb5ac8
fffb58ef
fffb6145
fffb60ba
fffb5f4d
fffb6115
fffb6cde
fffb77d5
fffb7afe
fffb82ee
fffb9dd2
fffba52c
fffbaadc
fffbb462
fffbbd95
fffbc678
fffbd1c5
fffbda91
fffbebe9
ffff9965
fffc561a
fffc00d1
fffbaeea
fffb8a93
fffb820f
fffb7c2f
fffb75b8
fffb7a48
fffb7125
fffb7054
fffb73e2
fffb6ea2
fffb644e
fffb5d72
fffb59ac
fffb5b97
fffb5bd8
fffb5816
fffb5c20
fffb5f62
fffb5cf6
fffb5ac8
fffb58ef
fffb6145
fffb60ba
fffb5f4d
fffb6115
fffb6cde
fffb77d5
fffb7afe
fffb82ee
fffb9dd2
fffba52c
fffbaadc
fffbb462
fffbbd95
fffbc678
fffbd1c5
fffbda91
fffbebe9
ffff9965
fffc561a
fffc00d1
fffbaeea
fffb8a93
fffb820f
fffb7c2f
fffb75b8
fffb7a48
fffb7125
fffb7054
fffb73e2
fffb6ea2
fffb644e
fffb5d72
fffb59ac
fffb5b97
fffb5bd8
fffb5816
fffb5c20
fffb5f62
fffb5cf6
fffb5ac8
fffb58ef
fffb6145
fffb60ba
fffb5f4d
fffb6115
fffb6cde
fffb77d5
fffb7afe
fffb82ee
fffb9dd2
fffba52c
fffbaadc
fffbb462
fffbbd95
fffbc678
fffbd1c5
fffbda91
fffbebe9
ffff9965
fffc561a
fffc00d1
fffbaeea
fffb8a93
fffb820f
fffb7c2f
fffb75b8
fffb7a48
fffb7125
fffb7054
fffb73e2
fffb6ea2
fffb644e
fffb5d72
fffb59ac
fffb5b97
fffb5bd8
fffb5816
fffb5c20
fffb5f62
fffb5cf6
fffb5ac8
fffb58ef
fffb6145
fffb60ba
fffb5f4d
fffb6115
fffb6cde
fffb77d5
fffb7afe
fffb82ee
fffb9dd2
fffba52c
fffbaadc
fffbb462
fffbbd95
fffbc678
fffbd1c5
fffbda91
fffbebe9
ffff9965
fffc561a
fffc00d1
fffbaeea
fffb8a93
fffb820f
fffb7c2f
fffb75b8
fffb7a48
fffb7125
fffb7054
fffb73e2
fffb6ea2
fffb644e
fffb5d72
fffb59ac
fffb5b97
fffb5bd8
fffb5816
fffb5c20
fffb5f62
fffb5cf6
fffb5ac8
fffb58ef
fffb6145
fffb60ba
fffb5f4d
fffb6115
fffb6cde
fffb77d5
fffb7afe
fffb82ee
fffb9dd2
fffba52c
fffbaadc
fffbb462
fffbbd95
fffbc678
fffbd1c5
fffbda91
fffbebe9
ffff9965
fffc561a
fffc00d1
fffbaeea
fffb8a93
fffb820f
fffb7c2f
fffb75b8
fffb7a48
fffb7125
fffb7054
fffb73e2
fffb6ea2
fffb644e
fffb5d72
fffb59ac
fffb5b97
fffb5bd8
fffb5816
fffb5c20
fffb5f62
fffb5cf6
fffb5ac8
fffb58ef
fffb6145
fffb60ba
fffb5f4d
fffb6115
fffb6cde
fffb77d5
fffb7afe
fffb82ee
fffb9dd2
fffba52c
fffbaadc
fffbb462
fffbbd95
fffbc678
fffbd1c5
fffbda91
fffbebe9
ffff9965
fffc561a
fffc00d1
fffbaeea
fffb8a93
fffb820f
fffb7c2f
fffb75b8
fffb7a48
fffb7125
fffb7054
fffb73e2
fffb6ea2
fffb644e
fffb5d72
fffb59ac
fffb5b97
fffb5bd8
fffb5816
fffb5c20
fffb5f62
fffb5cf6
fffb5ac8
fffb58ef
fffb6145
fffb60ba
fffb5f4d
fffb6115
fffb6cde
fffb77d5
fffb7afe
fffb82ee
fffb9dd2
fffba52c
fffbaadc
fffbb462
fffbbd95
fffbc678
fffbd1c5
fffbda91
fffbebe9
ffff9965
fffc561a
fffc00d1
fffbaeea
fffb8a93
fffb820f
fffb7c2f
fffb75b8
fffb7a48
fffb7125
fffb7054
fffb73e2
fffb6ea2
fffb644e
fffb5d72
fffb59ac
fffb5b97
fffb5bd8
fffb5816
fffb5c20
fffb5f62
fffb5cf6
fffb5ac8
fffb58ef
fffb6145
fffb60ba
fffb5f4d
fffb6115
fffb6cde
fffb77d5
fffb7afe
fffb82ee
fffb9dd2
fffba52c
fffbaadc
fffbb462
fffbbd95
fffbc678
fffbd1c5
fffbda91
fffbebe9
ffff9965
fffc561a
fffc00d1
fffbaeea
fffb8a93
fffb820f
fffb7c2f
fffb75b8
fffb7a48
fffb7125
fffb7054
fffb73e2
fffb6ea2
fffb644e
fffb5d72
fffb59ac
fffb5b97
fffb5bd8
fffb5816
fffb5c20
fffb5f62
fffb5cf6
fffb5ac8
fffb58ef
fffb6145
fffb60ba
fffb5f4d
fffb6115
fffb6cde
fffb77d5
fffb7afe
fffb82ee
fffb9dd2
fffba52c
fffbaadc
fffbb462
fffbbd95
fffbc678
fffbd1c5
fffbda91
fffbebe9
ffff9965
fffc561a
fffc00d1
fffbaeea
fffb8a93
fffb820f
fffb7c2f
fffb75b8
fffb7a48
fffb7125
fffb7054
fffb73e2
fffb6ea2
fffb644e
fffb5d72
fffb59ac
fffb5b97
fffb5bd8
fffb5816
fffb5c20
fffb5f62
fffb5cf6
fffb5ac8
fffb58ef
fffb6145
fffb60ba
fffb5f4d
fffb6115
fffb6cde
fffb77d5
fffb7afe
fffb82ee
fffb9dd2
fffba52c
fffbaadc
fffbb462
fffbbd95
fffbc678
fffbd1c5
fffbda91
fffbebe9
ffff9965
fffc561a
fffc00d1
fffbaeea
fffb8a93
fffb820f
fffb7c2f
fffb75b8
fffb7a48
fffb7125
fffb7054
fffb73e2
fffb6ea2
fffb644e
fffb5d72
fffb59ac
fffb5b97
fffb5bd8
fffb5816
fffb5c20
fffb5f62
fffb5cf6
fffb5ac8
fffb58ef
fffb6145
fffb60ba
fffb5f4d
fffb6115
fffb6cde
fffb77d5
fffb7afe
fffb82ee
fffb9dd2
fffba52c
fffbaadc
fffbb462
fffbbd95
fffbc678
fffbd1c5
fffbda91
fffbebe9
ffff9965
fffc561a
fffc00d1
fffbaeea
fffb8a93
fffb820f
fffb7c2f
fffb75b8
fffb7a48
fffb7125
fffb7054
fffb73e2
fffb6ea2
fffb644e
fffb5d72
fffb59ac
fffb5b97
fffb5bd8
fffb5816
fffb5c20
fffb5f62
fffb5cf6
fffb5ac8
fffb58ef
fffb6145
fffb60ba
fffb5f4d
fffb6115
fffb6cde
fffb77d5
fffb7afe
fffb82ee
fffb9dd2
fffba52c
fffbaadc
fffbb462
fffbbd95
fffbc678
fffbd1c5
fffbda91
fffbebe9
ffff9965
fffc561a
fffc00d1
fffbaeea
fffb8a93
fffb820f
fffb7c2f
fffb75b8
fffb7a48
fffb7125
fffb7054
fffb73e2
fffb6ea2
fffb644e
fffb5d72
fffb59ac
fffb5b97
fffb5bd8
fffb5816
fffb5c20
fffb5f62
fffb5cf6
fffb5ac8
fffb58ef
fffb6145
fffb60ba
fffb5f4d
fffb6115
fffb6cde
fffb77d5
fffb7afe
fffb82ee
fffb9dd2
fffba52c
fffbaadc
fffbb462
fffbbd95
fffbc678
fffbd1c5
fffbda91
fffbebe9
ffff9965
fffc561a
fffc00d1
fffbaeea
fffb8a93
fffb820f
fffb7c2f
fffb75b8
fffb7a48
fffb7125
fffb7054
fffb73e2
fffb6ea2
fffb644e
fffb5d72
fffb59ac
fffb5b97
fffb5bd8
fffb5816
fffb5c20
fffb5f62
fffb5cf6
fffb5ac8
fffb58ef
fffb6145
fffb60ba
fffb5f4d
fffb6115
fffb6cde
fffb77d5
fffb7afe
fffb82ee
fffb9dd2
fffba52c
fffbaadc
fffbb462
fffbbd95
fffbc678
fffbd1c5
fffbda91
fffbebe9
ffff9965
fffc561a
fffc00d1
fffbaeea
fffb8a93
fffb820f
fffb7c2f
fffb75b8
fffb7a48
fffb7125
fffb7054
fffb73e2
fffb6ea2
fffb644e
fffb5d72
fffb59ac
fffb5b97
fffb5bd8
fffb5816
fffb5c20
fffb5f62
fffb5cf6
fffb5ac8
fffb58ef
fffb6145
fffb60ba
fffb5f4d
fffb6115
fffb6cde
fffb77d5
fffb7afe
fffb82ee
fffb9dd2
fffba52c
fffbaadc
fffbb462
fffbbd95
fffbc678
fffbd1c5
fffbda91
fffbebe9
ffff9965
fffc561a
fffc00d1
fffbaeea
fffb8a93
fffb820f
fffb7c2f
fffb75b8
fffb7a48
fffb7125
fffb7054
fffb73e2
fffb6ea2
fffb644e
fffb5d72
fffb59ac
fffb5b97
fffb5bd8
fffb5816
fffb5c20
fffb5f62
fffb5cf6
fffb5ac8
fffb58ef
fffb6145
fffb60ba
fffb5f4d
fffb6115
fffb6cde
fffb77d5
fffb7afe
fffb82ee
fffb9dd2
fffba52c
fffbaadc
fffbb462
fffbbd95
fffbc678
fffbd1c5
fffbda91
fffbebe9
ffff9965
fffc561a
fffc00d1
fffbaeea
fffb8a93
fffb820f
fffb7c2f
fffb75b8
fffb7a48
fffb7125
fffb7054
fffb73e2
fffb6ea2
fffb644e
fffb5d72
fffb59ac
fffb5b97
fffb5bd8
fffb5816
fffb5c20
fffb5f62
fffb5cf6
fffb5ac8
fffb58ef
fffb6145
fffb60ba
fffb5f4d
fffb6115
fffb6cde
fffb77d5
fffb7afe
fffb82ee
fffb9dd2
fffba52c
fffbaadc
fffbb462
fffbbd95
fffbc678
fffbd1c5
fffbda91
fffbebe9
ffff9965
fffc561a
fffc00d1
fffbaeea
fffb8a93
fffb820f
fffb7c2f
fffb75b8
fffb7a48
fffb7125
fffb7054
fffb73e2
fffb6ea2
fffb644e
fffb5d72
fffb59ac
fffb5b97
fffb5bd8
fffb5816
fffb5c20
fffb5f62
fffb5cf6
fffb5ac8
fffb58ef
fffb6145
fffb60ba
fffb5f4d
fffb6115
fffb6cde
fffb77d5
fffb7afe
fffb82ee
fffb9dd2
fffba52c
fffbaadc
fffbb462
fffbbd95
fffbc678
fffbd1c5
fffbda91
fffbebe9
ffff9965
fffc561a
fffc00d1
fffbaeea
fffb8a93
fffb820f
fffb7c2f
fffb75b8
fffb7a48
fffb7125
fffb7054
fffb73e2
fffb6ea2
fffb644e
fffb5d72
fffb59ac
fffb5b97
fffb5bd8
fffb5816
fffb5c20
fffb5f62
fffb5cf6
fffb5ac8
fffb58ef
fffb6145
fffb60ba
fffb5f4d
fffb6115
fffb6cde
fffb77d5
fffb7afe
fffb82ee
fffb9dd2
fffba52c
fffbaadc
fffbb462
fffbbd95
fffbc678
fffbd1c5
fffbda91
fffbebe9
ffff9965
fffc561a
fffc00d1
fffbaeea
fffb8a93
fffb820f
fffb7c2f
fffb75b8
fffb7a48
fffb7125
fffb7054
fffb73e2
fffb6ea2
fffb644e
fffb5d72
fffb59ac
fffb5b97
fffb5bd8
fffb5816
fffb5c20
fffb5f62
fffb5cf6
fffb5ac8
fffb58ef
fffb6145
fffb60ba
fffb5f4d
fffb6115
fffb6cde
fffb77d5
fffb7afe
fffb82ee
fffb9dd2
fffba52c
fffbaadc
fffbb462
fffbbd95
fffbc678
fffbd1c5
fffbda91
fffbebe9
ffff9965
fffc561a
fffc00d1
fffbaeea
fffb8a93
fffb820f
fffb7c2f
fffb75b8
fffb7a48
fffb7125
fffb7054
fffb73e2
fffb6ea2
fffb644e
fffb5d72
fffb59ac
fffb5b97
fffb5bd8
fffb5816
fffb5c20
fffb5f62
fffb5cf6
fffb5ac8
fffb58ef
fffb6145
fffb60ba
fffb5f4d
fffb6115
fffb6cde
fffb77d5
fffb7afe
fffb82ee
fffb9dd2
fffba52c
fffbaadc
fffbb462
fffbbd95
fffbc678
fffbd1c5
fffbda91
fffbebe9
ffff9965
fffc561a
fffc00d1
fffbaeea
fffb8a93
fffb820f
fffb7c2f
fffb75b8
fffb7a48
fffb7125
fffb7054
fffb73e2
fffb6ea2
fffb644e
fffb5d72
fffb59ac
fffb5b97
fffb5bd8
fffb5816
fffb5c20
fffb5f62
fffb5cf6
fffb5ac8
fffb58ef
fffb6145
fffb60ba
fffb5f4d
fffb6115
fffb6cde
fffb77d5
fffb7afe
fffb82ee
fffb9dd2
fffba52c
fffbaadc
fffbb462
fffbbd95
fffbc678
fffbd1c5
fffbda91
fffbebe9
ffff9965
fffc561a
fffc00d1
fffbaeea
fffb8a93
fffb820f
fffb7c2f
fffb75b8
fffb7a48
fffb7125
fffb7054
fffb73e2
fffb6ea2
fffb644e
fffb5d72
fffb59ac
fffb5b97
fffb5bd8
fffb5816
fffb5c20
fffb5f62
fffb5cf6
fffb5ac8
fffb58ef
fffb6145
fffb60ba
fffb5f4d
fffb6115
fffb6cde
fffb77d5
fffb7afe
fffb82ee
fffb9dd2
fffba52c
fffbaadc
fffbb462
fffbbd95
fffbc678
fffbd1c5
fffbda91
fffbebe9
ffff9965
fffc561a
fffc00d1
fffbaeea
fffb8a93
fffb820f
fffb7c2f
fffb75b8
fffb7a48
fffb7125
fffb7054
fffb73e2
fffb6ea2
fffb644e
fffb5d72
fffb59ac
fffb5b97
fffb5bd8
fffb5816
fffb5c20
fffb5f62
fffb5cf6
fffb5ac8
fffb58ef
fffb6145
fffb60ba
fffb5f4d
fffb6115
fffb6cde
fffb77d5
fffb7afe
fffb82ee
fffb9dd2
fffba52c
fffbaadc
fffbb462
fffbbd95
fffbc678
fffbd1c5
fffbda91
fffbebe9
ffff9965
fffc561a
fffc00d1
fffbaeea
fffb8a93
fffb820f
fffb7c2f
fffb75b8
fffb7a48
fffb7125
fffb7054
fffb73e2
fffb6ea2
fffb644e
fffb5d72
fffb59ac
fffb5b97
fffb5bd8
fffb5816
fffb5c20
fffb5f62
fffb5cf6
fffb5ac8
fffb58ef
fffb6145
fffb60ba
fffb5f4d
fffb6115
fffb6cde
fffb77d5
fffb7afe
fffb82ee
fffb9dd2
fffba52c
fffbaadc
fffbb462
fffbbd95
fffbc678
fffbd1c5
fffbda91
fffbebe9
ffff9965
fffc561a
fffc00d1
fffbaeea
fffb8a93
fffb820f
fffb7c2f
fffb75b8
fffb7a48
fffb7125
fffb7054
fffb73e2
fffb6ea2
fffb644e
fffb5d72
fffb59ac
fffb5b97
fffb5bd8
fffb5816
fffb5c20
fffb5f62
fffb5cf6
fffb5ac8
fffb58ef
fffb6145
fffb60ba
fffb5f4d
fffb6115
fffb6cde
fffb77d5
fffb7afe
fffb82ee
fffb9dd2
fffba52c
fffbaadc
fffbb462
fffbbd95
fffbc678
fffbd1c5
fffbda91
fffbebe9
ffff9965
fffc561a
fffc00d1
fffbaeea
fffb8a93
fffb820f
fffb7c2f
fffb75b8
fffb7a48
fffb7125
fffb7054
fffb73e2
fffb6ea2
fffb644e
fffb5d72
fffb59ac
fffb5b97
fffb5bd8
fffb5816
fffb5c20
fffb5f62
fffb5cf6
fffb5ac8
fffb58ef
fffb6145
fffb60ba
fffb5f4d
fffb6115
fffb6cde
fffb77d5
fffb7afe
fffb82ee
fffb9dd2
fffba52c
fffbaadc
fffbb462
fffbbd95
fffbc678
fffbd1c5
fffbda91
fffbebe9
ffff9965
fffc561a
fffc00d1
fffbaeea
fffb8a93
fffb820f
fffb7c2f
fffb75b8
fffb7a48
fffb7125
fffb7054
fffb73e2
fffb6ea2
fffb644e
fffb5d72
fffb59ac
fffb5b97
fffb5bd8
fffb5816
fffb5c20
fffb5f62
fffb5cf6
fffb5ac8
fffb58ef
fffb6145
fffb60ba
fffb5f4d
fffb6115
fffb6cde
fffb77d5
fffb7afe
fffb82ee
fffb9dd2
fffba52c
fffbaadc
fffbb462
fffbbd95
fffbc678
fffbd1c5
fffbda91
fffbebe9
ffff9965
fffc561a
fffc00d1
fffbaeea
fffb8a93
fffb820f
fffb7c2f
fffb75b8
fffb7a48
fffb7125
fffb7054
fffb73e2
fffb6ea2
fffb644e
fffb5d72
fffb59ac
fffb5b97
fffb5bd8
fffb5816
fffb5c20
fffb5f62
fffb5cf6
fffb5ac8
fffb58ef
fffb6145
fffb60ba
fffb5f4d
fffb6115
fffb6cde
fffb77d5
fffb7afe
fffb82ee
fffb9dd2
fffba52c
fffbaadc
fffbb462
fffbbd95
fffbc678
fffbd1c5
fffbda91
fffbebe9
ffff9965
fffc561a
fffc00d1
fffbaeea
fffb8a93
fffb820f
fffb7c2f
fffb75b8
fffb7a48
fffb7125
fffb7054
fffb73e2
fffb6ea2
fffb644e
fffb5d72
fffb59ac
fffb5b97
fffb5bd8
fffb5816
fffb5c20
fffb5f62
fffb5cf6
fffb5ac8
fffb58ef
fffb6145
fffb60ba
fffb5f4d
fffb6115
fffb6cde
fffb77d5
fffb7afe
fffb82ee
fffb9dd2
fffba52c
fffbaadc
fffbb462
fffbbd95
fffbc678
fffbd1c5
fffbda91
fffbebe9
ffff9965
fffc561a
fffc00d1
fffbaeea
fffb8a93
fffb820f
fffb7c2f
fffb75b8
fffb7a48
fffb7125
fffb7054
fffb73e2
fffb6ea2
fffb644e
fffb5d72
fffb59ac
fffb5b97
fffb5bd8
fffb5816
fffb5c20
fffb5f62
fffb5cf6
fffb5ac8
fffb58ef
fffb6145
fffb60ba
fffb5f4d
fffb6115
fffb6cde
fffb77d5
fffb7afe
fffb82ee
fffb9dd2
fffba52c
fffbaadc
fffbb462
fffbbd95
fffbc678
fffbd1c5
fffbda91
fffbebe9
ffff9965
fffc561a
fffc00d1
fffbaeea
fffb8a93
fffb820f
fffb7c2f
fffb75b8
fffb7a48
fffb7125
fffb7054
fffb73e2
fffb6ea2
fffb644e
fffb5d72
fffb59ac
fffb5b97
fffb5bd8
fffb5816
fffb5c20
fffb5f62
fffb5cf6
fffb5ac8
fffb58ef
fffb6145
fffb60ba
fffb5f4d
fffb6115
fffb6cde
fffb77d5
fffb7afe
fffb82ee
fffb9dd2
fffba52c
fffbaadc
fffbb462
fffbbd95
fffbc678
fffbd1c5
fffbda91
fffbebe9
ffff9965
fffc561a
fffc00d1
fffbaeea
fffb8a93
fffb820f
fffb7c2f
fffb75b8
fffb7a48
fffb7125
fffb7054
fffb73e2
fffb6ea2
fffb644e
fffb5d72
fffb59ac
fffb5b97
fffb5bd8
fffb5816
fffb5c20
fffb5f62
fffb5cf6
fffb5ac8
fffb58ef
fffb6145
fffb60ba
fffb5f4d
fffb6115
fffb6cde
fffb77d5
fffb7afe
fffb82ee
fffb9dd2
fffba52c
fffbaadc
fffbb462
fffbbd95
fffbc678
fffbd1c5
fffbda91
fffbebe9
ffff9965
ffffdd67
ffffec93
ffffdcec
ffffb50e
ffffaf3d
ffffa3f1
ffffa265
ffff9f56
ffff9bcc
ffff9daf
ffffa169
ffffa22b
ffffa220
ffffa3ae
ffff9178
ffff3758
ffff07e4
fffef114
fffee128
fffecfc9
fffebf2c
fffeb80e
fffeae43
fffead1d
fffe9a09
fffeb13c
fffeb2d7
fffea1f7
fffea1da
fffe9e20
fffead9a
fffeb9d0
fffebdbf
fffec4e8
fffeea91
fffee586
fffed8e5
fffeece0
fffed8e0
fffeee27
ffff9965
fffc561a
fffc00d1
fffbaeea
fffb8a93
fffb820f
fffb7c2f
fffb75b8
fffb7a48
fffb7125
fffb7054
fffb73e2
fffb6ea2
fffb644e
fffb5d72
fffb59ac
fffb5b97
fffb5bd8
fffb5816
fffb5c20
fffb5f62
fffb5cf6
fffb5ac8
fffb58ef
fffb6145
fffb60ba
fffb5f4d
fffb6115
fffb6cde
fffb77d5
fffb7afe
fffb82ee
fffb9dd2
fffba52c
fffbaadc
fffbb462
fffbbd95
fffbc678
fffbd1c5
fffbda91
fffbebe9
ffff9965
ffffdd67
ffffec93
ffffdcec
ffffb50e
ffffaf3d
ffffa3f1
ffffa265
ffff9f56
ffff9bcc
ffff9daf
ffffa169
ffffa22b
ffffa220
ffffa3ae
ffff9178
ffff3758
ffff07e4
fffef114
fffee128
fffecfc9
fffebf2c
fffeb80e
fffeae43
fffead1d
fffe9a09
fffeb13c
fffeb2d7
fffea1f7
fffea1da
fffe9e20
fffead9a
fffeb9d0
fffebdbf
fffec4e8
fffeea91
fffee586
fffed8e5
fffeece0
fffed8e0
fffeee27
ffff9965
ffffe119
00005404
000047ec
0000261c
00002263
00001806
0000108e
000019ed
00000da2
00000f1d
00001aac
0000178b
0000177a
00001a69
0000059b
ffff3ca2
ffff082f
fffef23f
fffee2f3
fffed73d
fffec4ea
fffebd65
fffeb83e
fffebd42
fffebf24
fffec9f6
fffec662
fffec49f
fffec67e
fffed720
fffeea41
fffee888
fffef02f
fffef75d
ffff0dd7
ffff0cb5
ffff09f5
ffff1919
ffff17dd
ffff30f0
000013bc
ffffdd67
ffffec93
ffffdcec
ffffb50e
ffffaf3d
ffffa3f1
ffffa265
ffff9f56
ffff9bcc
ffff9daf
ffffa169
ffffa22b
ffffa220
ffffa3ae
ffff9178
ffff3758
ffff07e4
fffef114
fffee128
fffecfc9
fffebf2c
fffeb80e
fffeae43
fffead1d
fffe9a09
fffeb13c
fffeb2d7
fffea1f7
fffea1da
fffe9e20
fffead9a
fffeb9d0
fffebdbf
fffec4e8
fffeea91
fffee586
fffed8e5
fffeece0
fffed8e0
fffeee27
ffff9965
ffffe119
00005404
000047ec
0000261c
00002263
00001806
0000108e
000019ed
00000da2
00000f1d
00001aac
0000178b
0000177a
00001a69
0000059b
ffff3ca2
ffff082f
fffef23f
fffee2f3
fffed73d
fffec4ea
fffebd65
fffeb83e
fffebd42
fffebf24
fffec9f6
fffec662
fffec49f
fffec67e
fffed720
fffeea41
fffee888
fffef02f
fffef75d
ffff0dd7
ffff0cb5
ffff09f5
ffff1919
ffff17dd
ffff30f0
000013bc
ffffe4b0
00007ffd
0000763c
00005561
00005335
0000474d
00004002
00004b5b
00003c61
00003f17
00004cdb
000046d9
0000486e
00004b64
00003a84
ffff3a75
fffe9e57
fffe8dd1
fffe8dbf
fffea500
fffe98be
fffe9912
fffeb461
fffebb8f
fffec8e7
fffecd67
fffeb985
fffec4cd
fffecd87
fffee06f
fffef0cf
fffeed55
fffeec37
fffefc27
ffff00d6
ffff0d41
ffff1685
ffff140f
ffff1d49
ffff3693
0000145d
ffffe119
00005404
000047ec
0000261c
00002263
00001806
0000108e
000019ed
00000da2
00000f1d
00001aac
0000178b
0000177a
00001a69
0000059b
ffff3ca2
ffff082f
fffef23f
fffee2f3
fffed73d
fffec4ea
fffebd65
fffeb83e
fffebd42
fffebf24
fffec9f6
fffec662
fffec49f
fffec67e
fffed720
fffeea41
fffee888
fffef02f
fffef75d
ffff0dd7
ffff0cb5
ffff09f5
ffff1919
ffff17dd
ffff30f0
000013bc
ffffe4b0
00007ffd
0000763c
00005561
00005335
0000474d
00004002
00004b5b
00003c61
00003f17
00004cdb
000046d9
0000486e
00004b64
00003a84
ffff3a75
fffe9e57
fffe8dd1
fffe8dbf
fffea500
fffe98be
fffe9912
fffeb461
fffebb8f
fffec8e7
fffecd67
fffeb985
fffec4cd
fffecd87
fffee06f
fffef0cf
fffeed55
fffeec37
fffefc27
ffff00d6
ffff0d41
ffff1685
ffff140f
ffff1d49
ffff3693
0000145d
fffff7f3
0000983a
000090f8
00006efb
00006f53
000060ed
00005bea
000065f2
00005696
00005ad4
0000687f
000060e2
000063f3
0000668f
000059c8
ffff66c2
fffeba29
fffe95da
fffe9bd9
fffea8ec
fffe97d1
fffe9bdd
fffeaf9b
fffeb7ae
fffebd48
fffec296
fffec895
fffecd48
fffecf2d
fffeecbd
fffeee8b
fffefee5
fffef7b8
fffef39d
ffff02e6
ffff0a81
ffff1937
ffff17bc
ffff2617
ffff3455
000014d6
ffffe4b0
00007ffd
0000763c
00005561
00005335
0000474d
00004002
00004b5b
00003c61
00003f17
00004cdb
000046d9
0000486e
00004b64
00003a84
ffff3a75
fffe9e57
fffe8dd1
fffe8dbf
fffea500
fffe98be
fffe9912
fffeb461
fffebb8f
fffec8e7
fffecd67
fffeb985
fffec4cd
fffecd87
fffee06f
fffef0cf
fffeed55
fffeec37
fffefc27
ffff00d6
ffff0d41
ffff1685
ffff140f
ffff1d49
ffff3693
0000145d
fffff7f3
0000983a
000090f8
00006efb
00006f53
000060ed
00005bea
000065f2
00005696
00005ad4
0000687f
000060e2
000063f3
0000668f
000059c8
ffff66c2
fffeba29
fffe95da
fffe9bd9
fffea8ec
fffe97d1
fffe9bdd
fffeaf9b
fffeb7ae
fffebd48
fffec296
fffec895
fffecd48
fffecf2d
fffeecbd
fffeee8b
fffefee5
fffef7b8
fffef39d
ffff02e6
ffff0a81
ffff1937
ffff17bc
ffff2617
ffff3455
000014d6
000009c1
0000a886
0000a381
00007fc1
000082e4
000071bb
00006f91
0000777b
00006856
00006e6b
00007abe
00007291
000076b4
000078de
00006ff5
ffff8db8
fffed022
fffea4c5
fffea74e
fffe9b3e
fffe7a85
fffeadca
fffeb649
fffea63b
fffeb49c
fffecd76
fffed84b
fffec546
fffec923
fffee655
fffee4ed
fffef4fa
fffef2aa
fffeee82
ffff015a
ffff0860
ffff1058
ffff1926
ffff2b42
ffff3713
000018f5
fffff7f3
0000983a
000090f8
00006efb
00006f53
000060ed
00005bea
000065f2
00005696
00005ad4
0000687f
000060e2
000063f3
0000668f
000059c8
ffff66c2
fffeba29
fffe95da
fffe9bd9
fffea8ec
fffe97d1
fffe9bdd
fffeaf9b
fffeb7ae
fffebd48
fffec296
fffec895
fffecd48
fffecf2d
fffeecbd
fffeee8b
fffefee5
fffef7b8
fffef39d
ffff02e6
ffff0a81
ffff1937
ffff17bc
ffff2617
ffff3455
000014d6
000009c1
0000a886
0000a381
00007fc1
000082e4
000071bb
00006f91
0000777b
00006856
00006e6b
00007abe
00007291
000076b4
000078de
00006ff5
ffff8db8
fffed022
fffea4c5
fffea74e
fffe9b3e
fffe7a85
fffeadca
fffeb649
fffea63b
fffeb49c
fffecd76
fffed84b
fffec546
fffec923
fffee655
fffee4ed
fffef4fa
fffef2aa
fffeee82
ffff015a
ffff0860
ffff1058
ffff1926
ffff2b42
ffff3713
000018f5
00000504
0000b342
0000b052
00008a6e
00009076
00007c8e
00007d85
000082df
00007463
00007c84
0000866c
00007ecc
00008389
00008537
00007fd4
ffffb109
fffedc89
fffec1a1
fffebf43
fffeb327
fffeab53
fffeb192
fffeb5db
fffeba28
fffeba27
fffed1df
fffecd4a
fffec29f
fffeccca
fffedead
fffeed02
fffee6ca
fffef4b8
ffff01d5
ffff04f4
ffff0914
ffff0c9f
ffff211f
ffff18c2
ffff3777
00001971
000009c1
0000a886
0000a381
00007fc1
000082e4
000071bb
00006f91
0000777b
00006856
00006e6b
00007abe
00007291
000076b4
000078de
00006ff5
ffff8db8
fffed022
fffea4c5
fffea74e
fffe9b3e
fffe7a85
fffeadca
fffeb649
fffea63b
fffeb49c
fffecd76
fffed84b
fffec546
fffec923
fffee655
fffee4ed
fffef4fa
fffef2aa
fffeee82
ffff015a
ffff0860
ffff1058
ffff1926
ffff2b42
ffff3713
000018f5
00000504
0000b342
0000b052
00008a6e
00009076
00007c8e
00007d85
000082df
00007463
00007c84
0000866c
00007ecc
00008389
00008537
00007fd4
ffffb109
fffedc89
fffec1a1
fffebf43
fffeb327
fffeab53
fffeb192
fffeb5db
fffeba28
fffeba27
fffed1df
fffecd4a
fffec29f
fffeccca
fffedead
fffeed02
fffee6ca
fffef4b8
ffff01d5
ffff04f4
ffff0914
ffff0c9f
ffff211f
ffff18c2
ffff3777
00001971
00001422
0000b5a0
0000b401
00008c3d
00009513
00007e5c
0000826d
00008548
0000778a
000081c4
000088bd
00008242
00008753
00008877
00008618
ffffd763
fffed24d
fffeaecc
fffeb41a
fffeae29
fffea22e
fffea1b4
fffea838
fffea9f7
fffeb3a1
fffebf6a
fffecd0a
fffecd6c
fffede83
fffee88b
fffee5bb
fffee9bb
ffff02c5
ffff042a
fffefbf4
ffff0d29
ffff08b0
ffff1444
ffff1768
ffff317e
0000185d
00000504
0000b342
0000b052
00008a6e
00009076
00007c8e
00007d85
000082df
00007463
00007c84
0000866c
00007ecc
00008389
00008537
00007fd4
ffffb109
fffedc89
fffec1a1
fffebf43
fffeb327
fffeab53
fffeb192
fffeb5db
fffeba28
fffeba27
fffed1df
fffecd4a
fffec29f
fffeccca
fffedead
fffeed02
fffee6ca
fffef4b8
ffff01d5
ffff04f4
ffff0914
ffff0c9f
ffff211f
ffff18c2
ffff3777
00001971
00001422
0000b5a0
0000b401
00008c3d
00009513
00007e5c
0000826d
00008548
0000778a
000081c4
000088bd
00008242
00008753
00008877
00008618
ffffd763
fffed24d
fffeaecc
fffeb41a
fffeae29
fffea22e
fffea1b4
fffea838
fffea9f7
fffeb3a1
fffebf6a
fffecd0a
fffecd6c
fffede83
fffee88b
fffee5bb
fffee9bb
ffff02c5
ffff042a
fffefbf4
ffff0d29
ffff08b0
ffff1444
ffff1768
ffff317e
0000185d
00001395
0000b51f
0000b4e2
00008a90
00009680
00007cb2
00008435
0000843d
00007784
000083e2
0000874e
000082a8
000087d5
00008898
0000889e
00000297
fffed9ad
fffeafdb
fffeafb7
fffea085
fffeb012
fffeb3c4
fffea706
fffeae95
fffeac12
fffebb0d
fffecca7
fffed832
fffecff0
fffed024
fffee696
fffeea36
fffefaaa
fffef700
fffef797
ffff03f5
ffff1692
ffff157a
ffff2ac9
ffff3613
0000185d
00001422
0000b5a0
0000b401
00008c3d
00009513
00007e5c
0000826d
00008548
0000778a
000081c4
000088bd
00008242
00008753
00008877
00008618
ffffd763
fffed24d
fffeaecc
fffeb41a
fffeae29
fffea22e
fffea1b4
fffea838
fffea9f7
fffeb3a1
fffebf6a
fffecd0a
fffecd6c
fffede83
fffee88b
fffee5bb
fffee9bb
ffff02c5
ffff042a
fffefbf4
ffff0d29
ffff08b0
ffff1444
ffff1768
ffff317e
0000185d
00001395
0000b51f
0000b4e2
00008a90
00009680
00007cb2
00008435
0000843d
00007784
000083e2
0000874e
000082a8
000087d5
00008898
0000889e
00000297
fffed9ad
fffeafdb
fffeafb7
fffea085
fffeb012
fffeb3c4
fffea706
fffeae95
fffeac12
fffebb0d
fffecca7
fffed832
fffecff0
fffed024
fffee696
fffeea36
fffefaaa
fffef700
fffef797
ffff03f5
ffff1692
ffff157a
ffff2ac9
ffff3613
0000185d
00001228
0000b489
0000b5bc
000088aa
000097cb
00007ad3
000085e7
000082fa
00007790
000085c7
0000858e
00008319
00008844
0000891c
00008a3b
0000228a
fffedc52
fffea105
fffe9953
fffea12f
fffea40e
fffea4e2
fffeaac2
fffea9e7
fffead10
fffebed6
fffec79b
fffed322
fffed091
fffec963
fffef38e
fffeec77
fffef5a4
fffefc68
ffff01bf
ffff097d
ffff115a
ffff18b8
ffff200c
ffff3108
00001aae
00001395
0000b51f
0000b4e2
00008a90
00009680
00007cb2
00008435
0000843d
00007784
000083e2
0000874e
000082a8
000087d5
00008898
0000889e
00000297
fffed9ad
fffeafdb
fffeafb7
fffea085
fffeb012
fffeb3c4
fffea706
fffeae95
fffeac12
fffebb0d
fffecca7
fffed832
fffecff0
fffed024
fffee696
fffeea36
fffefaaa
fffef700
fffef797
ffff03f5
ffff1692
ffff157a
ffff2ac9
ffff3613
0000185d
00001228
0000b489
0000b5bc
000088aa
000097cb
00007ad3
000085e7
000082fa
00007790
000085c7
0000858e
00008319
00008844
0000891c
00008a3b
0000228a
fffedc52
fffea105
fffe9953
fffea12f
fffea40e
fffea4e2
fffeaac2
fffea9e7
fffead10
fffebed6
fffec79b
fffed322
fffed091
fffec963
fffef38e
fffeec77
fffef5a4
fffefc68
ffff01bf
ffff097d
ffff115a
ffff18b8
ffff200c
ffff3108
00001aae
00000db7
0000b3ef
0000b68f
0000869a
00009901
000078ca
00008787
00008196
000077cc
0000875e
000083b1
0000838e
000088b7
00008a29
00008ad4
000039c4
fffee69b
fffe9773
fffea7f2
fffeb308
fffea654
fffea1f0
fffea6d3
fffeaf0e
fffebd93
fffecd96
fffec421
fffec0f0
fffedbd1
fffec9b9
fffeecab
fffefb06
fffef44f
fffefdee
ffff0b4e
ffff09c1
ffff12e5
ffff1175
ffff22dc
ffff319a
00001d22
00001228
0000b489
0000b5bc
000088aa
000097cb
00007ad3
000085e7
000082fa
00007790
000085c7
0000858e
00008319
00008844
0000891c
00008a3b
0000228a
fffedc52
fffea105
fffe9953
fffea12f
fffea40e
fffea4e2
fffeaac2
fffea9e7
fffead10
fffebed6
fffec79b
fffed322
fffed091
fffec963
fffef38e
fffeec77
fffef5a4
fffefc68
ffff01bf
ffff097d
ffff115a
ffff18b8
ffff200c
ffff3108
00001aae
00000db7
0000b3ef
0000b68f
0000869a
00009901
000078ca
00008787
00008196
000077cc
0000875e
000083b1
0000838e
000088b7
00008a29
00008ad4
000039c4
fffee69b
fffe9773
fffea7f2
fffeb308
fffea654
fffea1f0
fffea6d3
fffeaf0e
fffebd93
fffecd96
fffec421
fffec0f0
fffedbd1
fffec9b9
fffeecab
fffefb06
fffef44f
fffefdee
ffff0b4e
ffff09c1
ffff12e5
ffff1175
ffff22dc
ffff319a
00001d22
00000a92
0000b350
0000b75c
00008458
00009a24
00007699
00008911
00008014
00007848
00008897
000081db
00008408
0000893c
00008b88
00008a94
00004aba
fffeeb41
fffea68b
fffeb23e
fffea61d
fffea4c3
fffebf6c
fffea32c
fffeb81c
fffec228
fffeca9e
fffec432
fffec37a
fffed52b
fffec54c
fffee47f
fffef93e
fffef2ae
fffeff65
ffff17ed
ffff0d6b
ffff08e8
ffff139e
ffff29ca
ffff37b3
00001d1c
00000db7
0000b3ef
0000b68f
0000869a
00009901
000078ca
00008787
00008196
000077cc
0000875e
000083b1
0000838e
000088b7
00008a29
00008ad4
000039c4
fffee69b
fffe9773
fffea7f2
fffeb308
fffea654
fffea1f0
fffea6d3
fffeaf0e
fffebd93
fffecd96
fffec421
fffec0f0
fffedbd1
fffec9b9
fffeecab
fffefb06
fffef44f
fffefdee
ffff0b4e
ffff09c1
ffff12e5
ffff1175
ffff22dc
ffff319a
00001d22
00000a92
0000b350
0000b75c
00008458
00009a24
00007699
00008911
00008014
00007848
00008897
000081db
00008408
0000893c
00008b88
00008a94
00004aba
fffeeb41
fffea68b
fffeb23e
fffea61d
fffea4c3
fffebf6c
fffea32c
fffeb81c
fffec228
fffeca9e
fffec432
fffec37a
fffed52b
fffec54c
fffee47f
fffef93e
fffef2ae
fffeff65
ffff17ed
ffff0d6b
ffff08e8
ffff139e
ffff29ca
ffff37b3
00001d1c
00000872
0000b2a8
0000b825
000081e0
00009b36
00007441
00008a88
00007e74
00007915
00008963
00008026
00008497
000089d9
00008cce
000089e7
00005730
fffefe8d
fffeafc9
fffe922e
fffe9b49
fffea625
fffeb637
fffea7d6
fffea9c1
fffeb52b
fffecbba
fffece63
fffec969
fffec0c5
fffecf06
fffee67e
fffef2b8
fffefc3f
ffff068c
ffff1455
ffff15a7
ffff060b
ffff18de
ffff1e8a
ffff2680
00001c19
00000a92
0000b350
0000b75c
00008458
00009a24
00007699
00008911
00008014
00007848
00008897
000081db
00008408
0000893c
00008b88
00008a94
00004aba
fffeeb41
fffea68b
fffeb23e
fffea61d
fffea4c3
fffebf6c
fffea32c
fffeb81c
fffec228
fffeca9e
fffec432
fffec37a
fffed52b
fffec54c
fffee47f
fffef93e
fffef2ae
fffeff65
ffff17ed
ffff0d6b
ffff08e8
ffff139e
ffff29ca
ffff37b3
00001d1c
00000872
0000b2a8
0000b825
000081e0
00009b36
00007441
00008a88
00007e74
00007915
00008963
00008026
00008497
000089d9
00008cce
000089e7
00005730
fffefe8d
fffeafc9
fffe922e
fffe9b49
fffea625
fffeb637
fffea7d6
fffea9c1
fffeb52b
fffecbba
fffece63
fffec969
fffec0c5
fffecf06
fffee67e
fffef2b8
fffefc3f
ffff068c
ffff1455
ffff15a7
ffff060b
ffff18de
ffff1e8a
ffff2680
00001c19
0000066a
0000b1f9
0000b8eb
00007f34
00009c35
000071c9
00008bea
00007cb7
00007a40
000089bb
00007ead
0000855b
00008a89
00008d92
00008959
0000607d
ffff094b
fffeb58d
fffe99b3
fffe9ea0
fffea408
fffeb2e7
fffeb086
fffeadf3
fffeb332
fffed429
fffec4eb
fffec7bd
fffec8dc
fffed5c0
fffee025
fffef065
fffef696
ffff0c25
ffff0d4e
ffff1737
ffff0c2d
ffff0f55
ffff1079
ffff3261
00001c19
00000872
0000b2a8
0000b825
000081e0
00009b36
00007441
00008a88
00007e74
00007915
00008963
00008026
00008497
000089d9
00008cce
000089e7
00005730
fffefe8d
fffeafc9
fffe922e
fffe9b49
fffea625
fffeb637
fffea7d6
fffea9c1
fffeb52b
fffecbba
fffece63
fffec969
fffec0c5
fffecf06
fffee67e
fffef2b8
fffefc3f
ffff068c
ffff1455
ffff15a7
ffff060b
ffff18de
ffff1e8a
ffff2680
00001c19
0000066a
0000b1f9
0000b8eb
00007f34
00009c35
000071c9
00008bea
00007cb7
00007a40
000089bb
00007ead
0000855b
00008a89
00008d92
00008959
0000607d
ffff094b
fffeb58d
fffe99b3
fffe9ea0
fffea408
fffeb2e7
fffeb086
fffeadf3
fffeb332
fffed429
fffec4eb
fffec7bd
fffec8dc
fffed5c0
fffee025
fffef065
fffef696
ffff0c25
ffff0d4e
ffff1737
ffff0c2d
ffff0f55
ffff1079
ffff3261
00001c19
000002af
0000b142
0000b9ae
00007c54
00009d1e
00006f43
00008d35
00007adb
00007bc3
0000899c
00007d81
00008677
00008b24
00008db5
0000893d
000067b2
ffff0918
fffeb8a0
fffea50d
fffe9fb0
fffe9a99
fffe941c
fffeb405
fffeba1c
fffec58f
fffec485
fffec085
fffecacf
fffed134
fffedef4
fffee66a
fffefcc3
ffff0115
ffff04f4
ffff1009
ffff0a9d
ffff0b11
ffff1818
ffff1b87
ffff3619
00002138
0000066a
0000b1f9
0000b8eb
00007f34
00009c35
000071c9
00008bea
00007cb7
00007a40
000089bb
00007ead
0000855b
00008a89
00008d92
00008959
0000607d
ffff094b
fffeb58d
fffe99b3
fffe9ea0
fffea408
fffeb2e7
fffeb086
fffeadf3
fffeb332
fffed429
fffec4eb
fffec7bd
fffec8dc
fffed5c0
fffee025
fffef065
fffef696
ffff0c25
ffff0d4e
ffff1737
ffff0c2d
ffff0f55
ffff1079
ffff3261
00001c19
000002af
0000b142
0000b9ae
00007c54
00009d1e
00006f43
00008d35
00007adb
00007bc3
0000899c
00007d81
00008677
00008b24
00008db5
0000893d
000067b2
ffff0918
fffeb8a0
fffea50d
fffe9fb0
fffe9a99
fffe941c
fffeb405
fffeba1c
fffec58f
fffec485
fffec085
fffecacf
fffed134
fffedef4
fffee66a
fffefcc3
ffff0115
ffff04f4
ffff1009
ffff0a9d
ffff0b11
ffff1818
ffff1b87
ffff3619
00002138
fffffe98
0000b081
0000ba6e
00007940
00009ded
00006cca
00008e62
000078e5
00007d88
0000890d
00007ca5
00008800
00008b6f
00008d66
00008993
00006d8f
ffff1a83
fffebc8e
fffeaa86
fffea5c0
fffeb23f
fffea20f
fffe90d0
fffeb6cb
fffebf7f
fffebe93
fffeb5eb
fffecf54
fffed797
fffee792
fffee6a5
fffef3a4
fffef849
fffeff70
ffff0752
ffff0a0e
ffff0818
ffff1856
ffff204b
ffff3b4c
00002143
000002af
0000b142
0000b9ae
00007c54
00009d1e
00006f43
00008d35
00007adb
00007bc3
0000899c
00007d81
00008677
00008b24
00008db5
0000893d
000067b2
ffff0918
fffeb8a0
fffea50d
fffe9fb0
fffe9a99
fffe941c
fffeb405
fffeba1c
fffec58f
fffec485
fffec085
fffecacf
fffed134
fffedef4
fffee66a
fffefcc3
ffff0115
ffff04f4
ffff1009
ffff0a9d
ffff0b11
ffff1818
ffff1b87
ffff3619
00002138
fffffe98
0000b081
0000ba6e
00007940
00009ded
00006cca
00008e62
000078e5
00007d88
0000890d
00007ca5
00008800
00008b6f
00008d66
00008993
00006d8f
ffff1a83
fffebc8e
fffeaa86
fffea5c0
fffeb23f
fffea20f
fffe90d0
fffeb6cb
fffebf7f
fffebe93
fffeb5eb
fffecf54
fffed797
fffee792
fffee6a5
fffef3a4
fffef849
fffeff70
ffff0752
ffff0a0e
ffff0818
ffff1856
ffff204b
ffff3b4c
00002143
fffffbfc
0000afb6
0000bb2b
000075fb
00009ea1
00006a81
00008f6c
000076da
00007f73
0000881f
00007c11
000089e5
00008b46
00008ced
00008a2c
00007285
ffff256d
fffec144
fffea856
fffeb118
fffec1b0
fffe9245
fffea83b
fffea83c
fffebf79
fffea750
fffeb9f0
fffec4dd
fffedb6d
fffee364
fffee01f
fffef56d
fffeead5
fffefc90
ffff1043
ffff0824
ffff09b3
ffff1b30
ffff2285
ffff334a
0000200f
fffffe98
0000b081
0000ba6e
00007940
00009ded
00006cca
00008e62
000078e5
00007d88
0000890d
00007ca5
00008800
00008b6f
00008d66
00008993
00006d8f
ffff1a83
fffebc8e
fffeaa86
fffea5c0
fffeb23f
fffea20f
fffe90d0
fffeb6cb
fffebf7f
fffebe93
fffeb5eb
fffecf54
fffed797
fffee792
fffee6a5
fffef3a4
fffef849
fffeff70
ffff0752
ffff0a0e
ffff0818
ffff1856
ffff204b
ffff3b4c
00002143
fffffbfc
0000afb6
0000bb2b
000075fb
00009ea1
00006a81
00008f6c
000076da
00007f73
0000881f
00007c11
000089e5
00008b46
00008ced
00008a2c
00007285
ffff256d
fffec144
fffea856
fffeb118
fffec1b0
fffe9245
fffea83b
fffea83c
fffebf79
fffea750
fffeb9f0
fffec4dd
fffedb6d
fffee364
fffee01f
fffef56d
fffeead5
fffefc90
ffff1043
ffff0824
ffff09b3
ffff1b30
ffff2285
ffff334a
0000200f
fffff849
0000aee3
0000bbe2
00007285
00009f3a
00006894
0000904f
000074c4
00008169
000086e4
00007bc7
00008bec
00008aab
00008c82
00008ae1
000076d5
ffff2417
fffebe41
fffeb683
fffeb038
fffeb401
fffe91d1
fffe9ca9
fffe9cc9
fffebd7a
fffec3fb
fffeb6df
fffec5f9
fffee0fd
fffedb07
fffedf93
fffeff75
fffef01c
fffefa03
ffff00f6
fffeff24
ffff0e9a
ffff124b
ffff2822
ffff2eb7
0000200f
fffffbfc
0000afb6
0000bb2b
000075fb
00009ea1
00006a81
00008f6c
000076da
00007f73
0000881f
00007c11
000089e5
00008b46
00008ced
00008a2c
00007285
ffff256d
fffec144
fffea856
fffeb118
fffec1b0
fffe9245
fffea83b
fffea83c
fffebf79
fffea750
fffeb9f0
fffec4dd
fffedb6d
fffee364
fffee01f
fffef56d
fffeead5
fffefc90
ffff1043
ffff0824
ffff09b3
ffff1b30
ffff2285
ffff334a
0000200f
fffff849
0000aee3
0000bbe2
00007285
00009f3a
00006894
0000904f
000074c4
00008169
000086e4
00007bc7
00008bec
00008aab
00008c82
00008ae1
000076d5
ffff2417
fffebe41
fffeb683
fffeb038
fffeb401
fffe91d1
fffe9ca9
fffe9cc9
fffebd7a
fffec3fb
fffeb6df
fffec5f9
fffee0fd
fffedb07
fffedf93
fffeff75
fffef01c
fffefa03
ffff00f6
fffeff24
ffff0e9a
ffff124b
ffff2822
ffff2eb7
0000200f
fffff32b
0000ae06
0000bc95
00006ede
00009fb7
00006730
00009108
000072af
00008357
0000856c
00007bdb
00008dcd
000089c8
00008c32
00008b9a
00007aa7
ffff3b7a
fffebe66
fffea2c3
fffea50c
fffea62d
fffea605
fffe9b04
fffead37
fffebe76
fffebe88
fffebe91
fffec746
fffed9e7
fffed556
fffee592
ffff04af
fffef56a
ffff0206
ffff02c9
ffff094f
ffff1179
ffff164b
ffff1dd5
ffff3ef0
0000245d
fffff849
0000aee3
0000bbe2
00007285
00009f3a
00006894
0000904f
000074c4
00008169
000086e4
00007bc7
00008bec
00008aab
00008c82
00008ae1
000076d5
ffff2417
fffebe41
fffeb683
fffeb038
fffeb401
fffe91d1
fffe9ca9
fffe9cc9
fffebd7a
fffec3fb
fffeb6df
fffec5f9
fffee0fd
fffedb07
fffedf93
fffeff75
fffef01c
fffefa03
ffff00f6
fffeff24
ffff0e9a
ffff124b
ffff2822
ffff2eb7
0000200f
fffff32b
0000ae06
0000bc95
00006ede
00009fb7
00006730
00009108
000072af
00008357
0000856c
00007bdb
00008dcd
000089c8
00008c32
00008b9a
00007aa7
ffff3b7a
fffebe66
fffea2c3
fffea50c
fffea62d
fffea605
fffe9b04
fffead37
fffebe76
fffebe88
fffebe91
fffec746
fffed9e7
fffed556
fffee592
ffff04af
fffef56a
ffff0206
ffff02c9
ffff094f
ffff1179
ffff164b
ffff1dd5
ffff3ef0
0000245d
ffffedaa
0000ad1f
0000bd43
00006b0a
0000a019
00006682
00009193
000070af
0000852d
000083c6
00007c6c
00008f4b
000088d8
00008bf1
00008c51
00007e17
ffff4dae
fffec3f7
fffeb7fd
fffebc67
fffeafba
fffeb477
fffeaaed
fffeb18a
fffebf76
fffebcae
fffec0d1
fffecdce
fffec6b9
fffeda1a
fffeee1e
fffef332
fffef8a8
ffff0650
ffff0402
ffff0fdf
ffff1430
ffff14cf
ffff1e22
ffff37cb
000025cc
fffff32b
0000ae06
0000bc95
00006ede
00009fb7
00006730
00009108
000072af
00008357
0000856c
00007bdb
00008dcd
000089c8
00008c32
00008b9a
00007aa7
ffff3b7a
fffebe66
fffea2c3
fffea50c
fffea62d
fffea605
fffe9b04
fffead37
fffebe76
fffebe88
fffebe91
fffec746
fffed9e7
fffed556
fffee592
ffff04af
fffef56a
ffff0206
ffff02c9
ffff094f
ffff1179
ffff164b
ffff1dd5
ffff3ef0
0000245d
ffffedaa
0000ad1f
0000bd43
00006b0a
0000a019
00006682
00009193
000070af
0000852d
000083c6
00007c6c
00008f4b
000088d8
00008bf1
00008c51
00007e17
ffff4dae
fffec3f7
fffeb7fd
fffebc67
fffeafba
fffeb477
fffeaaed
fffeb18a
fffebf76
fffebcae
fffec0d1
fffecdce
fffec6b9
fffeda1a
fffeee1e
fffef332
fffef8a8
ffff0650
ffff0402
ffff0fdf
ffff1430
ffff14cf
ffff1e22
ffff37cb
000025cc
ffffe8f5
0000ac2d
0000bded
00006715
0000a05d
000066ac
000091ef
00006ee5
000086e1
000081fc
00007d93
0000903e
00008811
00008bb3
00008d06
00008138
ffff51ef
fffec50c
fffeabd6
fffea763
fffe9917
fffea3bc
fffeaaf9
fffec9c8
fffeb150
fffea82d
fffec70f
fffed218
fffec980
fffeda76
fffeec4f
fffef789
ffff00ab
fffefa26
ffff15d2
ffff00b9
ffff113b
ffff174b
ffff23d0
ffff2b3f
00002444
ffffedaa
0000ad1f
0000bd43
00006b0a
0000a019
00006682
00009193
000070af
0000852d
000083c6
00007c6c
00008f4b
000088d8
00008bf1
00008c51
00007e17
ffff4dae
fffec3f7
fffeb7fd
fffebc67
fffeafba
fffeb477
fffeaaed
fffeb18a
fffebf76
fffebcae
fffec0d1
fffecdce
fffec6b9
fffeda1a
fffeee1e
fffef332
fffef8a8
ffff0650
ffff0402
ffff0fdf
ffff1430
ffff14cf
ffff1e22
ffff37cb
000025cc
ffffe8f5
0000ac2d
0000bded
00006715
0000a05d
000066ac
000091ef
00006ee5
000086e1
000081fc
00007d93
0000903e
00008811
00008bb3
00008d06
00008138
ffff51ef
fffec50c
fffeabd6
fffea763
fffe9917
fffea3bc
fffeaaf9
fffec9c8
fffeb150
fffea82d
fffec70f
fffed218
fffec980
fffeda76
fffeec4f
fffef789
ffff00ab
fffefa26
ffff15d2
ffff00b9
ffff113b
ffff174b
ffff23d0
ffff2b3f
00002444
ffffe5fe
0000ab30
0000be92
00006311
0000a084
000067b8
0000921a
00006d75
00008867
00008018
00007f54
00009097
00008790
00008b74
00008dbb
00008417
ffff73d9
fffec9d5
fffea9b6
fffea310
fffea2a7
fffea0ce
fffeabd2
fffec457
fffeb551
fffeb288
fffec843
fffebcb4
fffeca77
fffed287
fffee63b
fffef309
fffef802
ffff01ec
ffff10bd
ffff0d5a
ffff0a63
ffff14e4
ffff19cb
ffff2605
00002444
ffffe8f5
0000ac2d
0000bded
00006715
0000a05d
000066ac
000091ef
00006ee5
000086e1
000081fc
00007d93
0000903e
00008811
00008bb3
00008d06
00008138
ffff51ef
fffec50c
fffeabd6
fffea763
fffe9917
fffea3bc
fffeaaf9
fffec9c8
fffeb150
fffea82d
fffec70f
fffed218
fffec980
fffeda76
fffeec4f
fffef789
ffff00ab
fffefa26
ffff15d2
ffff00b9
ffff113b
ffff174b
ffff23d0
ffff2b3f
00002444
ffffe5fe
0000ab30
0000be92
00006311
0000a084
000067b8
0000921a
00006d75
00008867
00008018
00007f54
00009097
00008790
00008b74
00008dbb
00008417
ffff73d9
fffec9d5
fffea9b6
fffea310
fffea2a7
fffea0ce
fffeabd2
fffec457
fffeb551
fffeb288
fffec843
fffebcb4
fffeca77
fffed287
fffee63b
fffef309
fffef802
ffff01ec
ffff10bd
ffff0d5a
ffff0a63
ffff14e4
ffff19cb
ffff2605
00002444
ffffe514
0000aa27
0000bf33
00005f1e
0000a08d
00006996
00009214
00006c8d
000089b9
00007e22
0000818e
0000905c
0000875b
00008b30
00008e6c
000086c1
ffff9236
fffed313
fffea97c
fffeaece
fffea4a4
fffeab5d
fffead71
fffea718
fffeacff
fffeb8a5
fffec253
fffec294
fffeba37
fffec286
fffee1cc
fffef548
fffefc55
ffff0032
ffff07c5
ffff0642
ffff1d75
ffff230c
ffff273f
ffff25f8
00002444
ffffe5fe
0000ab30
0000be92
00006311
0000a084
000067b8
0000921a
00006d75
00008867
00008018
00007f54
00009097
00008790
00008b74
00008dbb
00008417
ffff73d9
fffec9d5
fffea9b6
fffea310
fffea2a7
fffea0ce
fffeabd2
fffec457
fffeb551
fffeb288
fffec843
fffebcb4
fffeca77
fffed287
fffee63b
fffef309
fffef802
ffff01ec
ffff10bd
ffff0d5a
ffff0a63
ffff14e4
ffff19cb
ffff2605
00002444
ffffe514
0000aa27
0000bf33
00005f1e
0000a08d
00006996
00009214
00006c8d
000089b9
00007e22
0000818e
0000905c
0000875b
00008b30
00008e6c
000086c1
ffff9236
fffed313
fffea97c
fffeaece
fffea4a4
fffeab5d
fffead71
fffea718
fffeacff
fffeb8a5
fffec253
fffec294
fffeba37
fffec286
fffee1cc
fffef548
fffefc55
ffff0032
ffff07c5
ffff0642
ffff1d75
ffff230c
ffff273f
ffff25f8
00002444
ffffe55a
0000a912
0000bfcf
00005b65
0000a077
00006c1c
000091dc
00006c54
00008acd
00007c27
00008412
00008fa3
00008767
00008ae8
00008f1e
0000893d
ffffa521
fffed862
fffe97bf
fffea636
fffeb3e9
fffeb522
fffe9cab
fffe9b55
fffea35e
fffeb833
fffebdab
fffec8cf
fffed26d
fffed51d
fffee646
fffef444
ffff0677
ffff0ab2
ffff02e1
ffff015f
ffff160d
ffff2380
ffff2118
ffff2523
00002a03
ffffe514
0000aa27
0000bf33
00005f1e
0000a08d
00006996
00009214
00006c8d
000089b9
00007e22
0000818e
0000905c
0000875b
00008b30
00008e6c
000086c1
ffff9236
fffed313
fffea97c
fffeaece
fffea4a4
fffeab5d
fffead71
fffea718
fffeacff
fffeb8a5
fffec253
fffec294
fffeba37
fffec286
fffee1cc
fffef548
fffefc55
ffff0032
ffff07c5
ffff0642
ffff1d75
ffff230c
ffff273f
ffff25f8
00002444
ffffe55a
0000a912
0000bfcf
00005b65
0000a077
00006c1c
000091dc
00006c54
00008acd
00007c27
00008412
00008fa3
00008767
00008ae8
00008f1e
0000893d
ffffa521
fffed862
fffe97bf
fffea636
fffeb3e9
fffeb522
fffe9cab
fffe9b55
fffea35e
fffeb833
fffebdab
fffec8cf
fffed26d
fffed51d
fffee646
fffef444
ffff0677
ffff0ab2
ffff02e1
ffff015f
ffff160d
ffff2380
ffff2118
ffff2523
00002a03
ffffe537
0000a7f0
0000c066
00005822
0000a043
00006f18
00009176
00006ce2
00008b9b
00007a37
000086ae
00008e87
0000879e
00008a9e
00008fcf
00008b87
ffffd05a
fffee2ea
fffea15a
fffea718
fffea64b
fffeb578
fffea86a
fffec14d
fffeb1f1
fffeb523
fffec28b
fffec90b
fffed033
fffed6d6
fffecfe9
fffef679
fffeff43
fffeff78
ffff05cc
ffff1311
ffff10fd
ffff1ff0
ffff2c1a
ffff2238
000029f6
ffffe55a
0000a912
0000bfcf
00005b65
0000a077
00006c1c
000091dc
00006c54
00008acd
00007c27
00008412
00008fa3
00008767
00008ae8
00008f1e
0000893d
ffffa521
fffed862
fffe97bf
fffea636
fffeb3e9
fffeb522
fffe9cab
fffe9b55
fffea35e
fffeb833
fffebdab
fffec8cf
fffed26d
fffed51d
fffee646
fffef444
ffff0677
ffff0ab2
ffff02e1
ffff015f
ffff160d
ffff2380
ffff2118
ffff2523
00002a03
ffffe537
0000a7f0
0000c066
00005822
0000a043
00006f18
00009176
00006ce2
00008b9b
00007a37
000086ae
00008e87
0000879e
00008a9e
00008fcf
00008b87
ffffd05a
fffee2ea
fffea15a
fffea718
fffea64b
fffeb578
fffea86a
fffec14d
fffeb1f1
fffeb523
fffec28b
fffec90b
fffed033
fffed6d6
fffecfe9
fffef679
fffeff43
fffeff78
ffff05cc
ffff1311
ffff10fd
ffff1ff0
ffff2c1a
ffff2238
000029f6
ffffe2f4
0000a6c1
0000c0f7
0000559a
00009ff0
00007259
000090e3
00006e38
00008c20
00007861
0000893e
00008d24
000087ed
00008a63
0000907e
00008d84
ffffffc3
fffef34a
fffeb1be
fffea01e
fffe8bc6
fffea2f0
fffebd4a
fffebe8f
fffec1b4
fffeb2f7
fffeb5b8
fffec543
fffee294
fffee6fa
fffecc92
fffee92a
fffefaef
fffef7f1
ffff0222
ffff0b8b
ffff1a51
ffff1cd2
ffff2bf0
ffff265b
000028bf
ffffe537
0000a7f0
0000c066
00005822
0000a043
00006f18
00009176
00006ce2
00008b9b
00007a37
000086ae
00008e87
0000879e
00008a9e
00008fcf
00008b87
ffffd05a
fffee2ea
fffea15a
fffea718
fffea64b
fffeb578
fffea86a
fffec14d
fffeb1f1
fffeb523
fffec28b
fffec90b
fffed033
fffed6d6
fffecfe9
fffef679
fffeff43
fffeff78
ffff05cc
ffff1311
ffff10fd
ffff1ff0
ffff2c1a
ffff2238
000029f6
ffffe2f4
0000a6c1
0000c0f7
0000559a
00009ff0
00007259
000090e3
00006e38
00008c20
00007861
0000893e
00008d24
000087ed
00008a63
0000907e
00008d84
ffffffc3
fffef34a
fffeb1be
fffea01e
fffe8bc6
fffea2f0
fffebd4a
fffebe8f
fffec1b4
fffeb2f7
fffeb5b8
fffec543
fffee294
fffee6fa
fffecc92
fffee92a
fffefaef
fffef7f1
ffff0222
ffff0b8b
ffff1a51
ffff1cd2
ffff2bf0
ffff265b
000028bf
ffffe25f
0000a587
0000c181
00005408
00009f7f
000075b4
00009026
00007038
00008c58
000076b7
00008bac
00008b8f
00008845
00008a5d
0000911f
00008f06
00002381
fffef219
fffeb41b
fffeae94
fffe8a1a
fffe9bdf
fffea9e6
fffeb05b
fffec3f2
fffec290
fffec6f8
fffed04d
fffee458
fffee0a9
fffed9e5
fffee087
fffef0c4
ffff077e
ffff074f
ffff0311
ffff07e1
ffff22ed
ffff2a04
ffff2f9a
000028bf
ffffe2f4
0000a6c1
0000c0f7
0000559a
00009ff0
00007259
000090e3
00006e38
00008c20
00007861
0000893e
00008d24
000087ed
00008a63
0000907e
00008d84
ffffffc3
fffef34a
fffeb1be
fffea01e
fffe8bc6
fffea2f0
fffebd4a
fffebe8f
fffec1b4
fffeb2f7
fffeb5b8
fffec543
fffee294
fffee6fa
fffecc92
fffee92a
fffefaef
fffef7f1
ffff0222
ffff0b8b
ffff1a51
ffff1cd2
ffff2bf0
ffff265b
000028bf
ffffe25f
0000a587
0000c181
00005408
00009f7f
000075b4
00009026
00007038
00008c58
000076b7
00008bac
00008b8f
00008845
00008a5d
0000911f
00008f06
00002381
fffef219
fffeb41b
fffeae94
fffe8a1a
fffe9bdf
fffea9e6
fffeb05b
fffec3f2
fffec290
fffec6f8
fffed04d
fffee458
fffee0a9
fffed9e5
fffee087
fffef0c4
ffff077e
ffff074f
ffff0311
ffff07e1
ffff22ed
ffff2a04
ffff2f9a
000028bf
ffffe433
0000a43f
0000c205
00005383
00009ef0
0000790d
00008f42
000072b6
00008c46
0000754b
00008dea
000089d7
0000889f
00008ac4
00009194
00008fe5
00003d90
fffef6de
fffeb170
fffea7f4
fffe92bb
fffeaaed
fffeaa19
fffeb66b
fffebfee
fffec373
fffec87c
fffec555
fffec8dd
fffee1c7
fffee5a6
fffee91d
fffef716
ffff038b
ffff17ba
ffff06ae
ffff0cc1
ffff1fe4
ffff2015
ffff2f58
000028bf
ffffe25f
0000a587
0000c181
00005408
00009f7f
000075b4
00009026
00007038
00008c58
000076b7
00008bac
00008b8f
00008845
00008a5d
0000911f
00008f06
00002381
fffef219
fffeb41b
fffeae94
fffe8a1a
fffe9bdf
fffea9e6
fffeb05b
fffec3f2
fffec290
fffec6f8
fffed04d
fffee458
fffee0a9
fffed9e5
fffee087
fffef0c4
ffff077e
ffff074f
ffff0311
ffff07e1
ffff22ed
ffff2a04
ffff2f9a
000028bf
ffffe433
0000a43f
0000c205
00005383
00009ef0
0000790d
00008f42
000072b6
00008c46
0000754b
00008dea
000089d7
0000889f
00008ac4
00009194
00008fe5
00003d90
fffef6de
fffeb170
fffea7f4
fffe92bb
fffeaaed
fffeaa19
fffeb66b
fffebfee
fffec373
fffec87c
fffec555
fffec8dd
fffee1c7
fffee5a6
fffee91d
fffef716
ffff038b
ffff17ba
ffff06ae
ffff0cc1
ffff1fe4
ffff2015
ffff2f58
000028bf
ffffe3dd
0000a2e8
0000c283
0000540b
00009e43
00007c50
00008e38
0000757f
00008bee
00007438
00008fed
00008805
000088f7
00008bbb
000091af
0000902c
0000508d
ffff03c4
fffeb23f
fffe91ca
fffeae8a
fffeb33d
fffeb4c5
fffebe13
fffec53c
fffec882
fffed37e
fffec266
fffed441
fffedbb4
fffee72a
fffef1e5
fffef92f
fffefcb9
ffff04f0
ffff0314
ffff1138
ffff1caf
ffff230e
ffff38bf
00002da6
ffffe433
0000a43f
0000c205
00005383
00009ef0
0000790d
00008f42
000072b6
00008c46
0000754b
00008dea
000089d7
0000889f
00008ac4
00009194
00008fe5
00003d90
fffef6de
fffeb170
fffea7f4
fffe92bb
fffeaaed
fffeaa19
fffeb66b
fffebfee
fffec373
fffec87c
fffec555
fffec8dd
fffee1c7
fffee5a6
fffee91d
fffef716
ffff038b
ffff17ba
ffff06ae
ffff0cc1
ffff1fe4
ffff2015
ffff2f58
000028bf
ffffe3dd
0000a2e8
0000c283
0000540b
00009e43
00007c50
00008e38
0000757f
00008bee
00007438
00008fed
00008805
000088f7
00008bbb
000091af
0000902c
0000508d
ffff03c4
fffeb23f
fffe91ca
fffeae8a
fffeb33d
fffeb4c5
fffebe13
fffec53c
fffec882
fffed37e
fffec266
fffed441
fffedbb4
fffee72a
fffef1e5
fffef92f
fffefcb9
ffff04f0
ffff0314
ffff1138
ffff1caf
ffff230e
ffff38bf
00002da6
ffffe25d
0000a181
0000c2fc
00005588
00009d77
00007f72
00008d0b
0000786c
00008b56
00007398
000091a9
00008627
0000894d
00008d3f
0000914f
00009016
00005e71
fffeffb4
fffead55
fffea3a5
fffeb208
fffeb4f2
fffeb72a
fffeb8af
fffead9c
fffebf66
fffed162
fffec715
fffedc2f
fffeec3d
fffee54a
fffef35f
fffef373
ffff1243
ffff02df
ffff0843
ffff0b8d
ffff09ba
ffff1ca4
ffff381c
00002f44
ffffe3dd
0000a2e8
0000c283
0000540b
00009e43
00007c50
00008e38
0000757f
00008bee
00007438
00008fed
00008805
000088f7
00008bbb
000091af
0000902c
0000508d
ffff03c4
fffeb23f
fffe91ca
fffeae8a
fffeb33d
fffeb4c5
fffebe13
fffec53c
fffec882
fffed37e
fffec266
fffed441
fffedbb4
fffee72a
fffef1e5
fffef92f
fffefcb9
ffff04f0
ffff0314
ffff1138
ffff1caf
ffff230e
ffff38bf
00002da6
ffffe25d
0000a181
0000c2fc
00005588
00009d77
00007f72
00008d0b
0000786c
00008b56
00007398
000091a9
00008627
0000894d
00008d3f
0000914f
00009016
00005e71
fffeffb4
fffead55
fffea3a5
fffeb208
fffeb4f2
fffeb72a
fffeb8af
fffead9c
fffebf66
fffed162
fffec715
fffedc2f
fffeec3d
fffee54a
fffef35f
fffef373
ffff1243
ffff02df
ffff0843
ffff0b8d
ffff09ba
ffff1ca4
ffff381c
00002f44
ffffe2b5
0000a00b
0000c36f
000057c9
00009c8d
0000826c
00008bbf
00007b58
00008a85
00007389
0000930d
00008451
000089a5
00008f1f
00009075
00008fe4
000068b6
ffff0c51
fffeac71
fffeae5b
fffeb48d
fffeadf0
fffeb963
fffeb7f3
fffeae6c
fffeb67e
fffecaee
fffed0f4
fffece5a
fffee165
fffee633
fffef5c3
fffee9bb
ffff0396
ffff0894
ffff0fb8
ffff1227
ffff15aa
ffff1e56
ffff2a84
00002d86
ffffe25d
0000a181
0000c2fc
00005588
00009d77
00007f72
00008d0b
0000786c
00008b56
00007398
000091a9
00008627
0000894d
00008d3f
0000914f
00009016
00005e71
fffeffb4
fffead55
fffea3a5
fffeb208
fffeb4f2
fffeb72a
fffeb8af
fffead9c
fffebf66
fffed162
fffec715
fffedc2f
fffeec3d
fffee54a
fffef35f
fffef373
ffff1243
ffff02df
ffff0843
ffff0b8d
ffff09ba
ffff1ca4
ffff381c
00002f44
ffffe2b5
0000a00b
0000c36f
000057c9
00009c8d
0000826c
00008bbf
00007b58
00008a85
00007389
0000930d
00008451
000089a5
00008f1f
00009075
00008fe4
000068b6
ffff0c51
fffeac71
fffeae5b
fffeb48d
fffeadf0
fffeb963
fffeb7f3
fffeae6c
fffeb67e
fffecaee
fffed0f4
fffece5a
fffee165
fffee633
fffef5c3
fffee9bb
ffff0396
ffff0894
ffff0fb8
ffff1227
ffff15aa
ffff1e56
ffff2a84
00002d86
ffffe695
00009e83
0000c3dc
00005a95
00009b87
0000853b
00008a53
00007e2e
00008986
00007422
0000940b
000082a4
00008a07
0000910c
00008f46
00008fbc
0000708d
ffff1d60
fffeba5f
fffeb225
fffea9a9
fffea483
fffe9bc2
fffeacef
fffebc49
fffeb09e
fffeba07
fffec408
fffed380
fffed2f9
fffee9a0
fffeec49
fffeec50
ffff0d72
ffff0991
ffff18b1
ffff1cdf
ffff14f3
ffff230a
ffff2fa4
00002d86
ffffe2b5
0000a00b
0000c36f
000057c9
00009c8d
0000826c
00008bbf
00007b58
00008a85
00007389
0000930d
00008451
000089a5
00008f1f
00009075
00008fe4
000068b6
ffff0c51
fffeac71
fffeae5b
fffeb48d
fffeadf0
fffeb963
fffeb7f3
fffeae6c
fffeb67e
fffecaee
fffed0f4
fffece5a
fffee165
fffee633
fffef5c3
fffee9bb
ffff0396
ffff0894
ffff0fb8
ffff1227
ffff15aa
ffff1e56
ffff2a84
00002d86
ffffe695
00009e83
0000c3dc
00005a95
00009b87
0000853b
00008a53
00007e2e
00008986
00007422
0000940b
000082a4
00008a07
0000910c
00008f46
00008fbc
0000708d
ffff1d60
fffeba5f
fffeb225
fffea9a9
fffea483
fffe9bc2
fffeacef
fffebc49
fffeb09e
fffeba07
fffec408
fffed380
fffed2f9
fffee9a0
fffeec49
fffeec50
ffff0d72
ffff0991
ffff18b1
ffff1cdf
ffff14f3
ffff230a
ffff2fa4
00002d86
ffffe8ea
00009ce8
0000c442
00005dc4
00009a65
000087e0
000088c8
000080df
00008861
00007569
00009495
00008141
00008a84
000092c4
00008dff
00008f9a
000076cd
ffff21e2
fffebcac
fffe9887
fffe9630
fffea0d9
fffe9f4b
fffea56d
fffeb42c
fffea950
fffeb95c
fffecace
fffecbaa
fffedb0b
fffee554
fffee4fe
fffeefe2
fffefeb0
ffff0c08
ffff1be9
ffff1688
ffff1bd8
ffff2af1
ffff2f80
00002d86
ffffe695
00009e83
0000c3dc
00005a95
00009b87
0000853b
00008a53
00007e2e
00008986
00007422
0000940b
000082a4
00008a07
0000910c
00008f46
00008fbc
0000708d
ffff1d60
fffeba5f
fffeb225
fffea9a9
fffea483
fffe9bc2
fffeacef
fffebc49
fffeb09e
fffeba07
fffec408
fffed380
fffed2f9
fffee9a0
fffeec49
fffeec50
ffff0d72
ffff0991
ffff18b1
ffff1cdf
ffff14f3
ffff230a
ffff2fa4
00002d86
ffffe8ea
00009ce8
0000c442
00005dc4
00009a65
000087e0
000088c8
000080df
00008861
00007569
00009495
00008141
00008a84
000092c4
00008dff
00008f9a
000076cd
ffff21e2
fffebcac
fffe9887
fffe9630
fffea0d9
fffe9f4b
fffea56d
fffeb42c
fffea950
fffeb95c
fffecace
fffecbaa
fffedb0b
fffee554
fffee4fe
fffeefe2
fffefeb0
ffff0c08
ffff1be9
ffff1688
ffff1bd8
ffff2af1
ffff2f80
00002d86
ffffe39d
00009b42
0000c4a0
0000613c
00009927
00008a5f
0000871a
0000836a
0000871d
0000774c
000094a6
00008042
00008b3c
00009409
00008cde
00008f79
00007c04
ffff3681
fffec240
fffea21c
fffe9e0a
fffec23b
fffeabe1
fffec580
fffeb8dc
fffeb12b
fffec56b
fffed33e
fffed6d6
fffed4e4
fffedd5d
fffef4e4
ffff0090
fffeff0d
ffff0c54
ffff1890
ffff126d
ffff1f56
ffff1f00
ffff31ac
00002d86
ffffe8ea
00009ce8
0000c442
00005dc4
00009a65
000087e0
000088c8
000080df
00008861
00007569
00009495
00008141
00008a84
000092c4
00008dff
00008f9a
000076cd
ffff21e2
fffebcac
fffe9887
fffe9630
fffea0d9
fffe9f4b
fffea56d
fffeb42c
fffea950
fffeb95c
fffecace
fffecbaa
fffedb0b
fffee554
fffee4fe
fffeefe2
fffefeb0
ffff0c08
ffff1be9
ffff1688
ffff1bd8
ffff2af1
ffff2f80
00002d86
ffffe39d
00009b42
0000c4a0
0000613c
00009927
00008a5f
0000871a
0000836a
0000871d
0000774c
000094a6
00008042
00008b3c
00009409
00008cde
00008f79
00007c04
ffff3681
fffec240
fffea21c
fffe9e0a
fffec23b
fffeabe1
fffec580
fffeb8dc
fffeb12b
fffec56b
fffed33e
fffed6d6
fffed4e4
fffedd5d
fffef4e4
ffff0090
fffeff0d
ffff0c54
ffff1890
ffff126d
ffff1f56
ffff1f00
ffff31ac
00002d86
ffffe6ee
00009987
0000c4f8
000064ae
000097c8
00008cb6
00008543
000085cc
000085b9
0000799e
00009447
00007fa7
00008c45
000094b2
00008c0f
00008f56
00008083
ffff49f1
fffebb37
fffeaa2b
fffea5b3
fffebed2
fffebc90
fffeba4c
fffec203
fffebfee
fffec58e
fffeceee
fffecc70
fffeda99
fffede78
fffeef77
fffef876
ffff04ab
ffff0745
ffff08d6
ffff0f3d
ffff1b1a
ffff1848
ffff323a
00003429
ffffe39d
00009b42
0000c4a0
0000613c
00009927
00008a5f
0000871a
0000836a
0000871d
0000774c
000094a6
00008042
00008b3c
00009409
00008cde
00008f79
00007c04
ffff3681
fffec240
fffea21c
fffe9e0a
fffec23b
fffeabe1
fffec580
fffeb8dc
fffeb12b
fffec56b
fffed33e
fffed6d6
fffed4e4
fffedd5d
fffef4e4
ffff0090
fffeff0d
ffff0c54
ffff1890
ffff126d
ffff1f56
ffff1f00
ffff31ac
00002d86
ffffe6ee
00009987
0000c4f8
000064ae
000097c8
00008cb6
00008543
000085cc
000085b9
0000799e
00009447
00007fa7
00008c45
000094b2
00008c0f
00008f56
00008083
ffff49f1
fffebb37
fffeaa2b
fffea5b3
fffebed2
fffebc90
fffeba4c
fffec203
fffebfee
fffec58e
fffeceee
fffecc70
fffeda99
fffede78
fffeef77
fffef876
ffff04ab
ffff0745
ffff08d6
ffff0f3d
ffff1b1a
ffff1848
ffff323a
00003429
ffffe834
000097b2
0000c54b
000067f8
00009645
00008ee9
0000833d
00008807
00008435
00007c2a
00009381
00007f67
00008da0
000094af
00008bad
00008f2e
00008476
ffff4d1d
fffeba2b
fffe99f8
fffe9d26
fffebba7
fffebc6b
fffeb90b
fffebe54
fffec786
fffec293
fffecc6c
fffecdb0
fffedfb4
fffee158
fffef2a1
fffef759
ffff017c
ffff0335
ffff0778
ffff0b18
ffff25cf
ffff2e0b
ffff31cd
00003411
ffffe6ee
00009987
0000c4f8
000064ae
000097c8
00008cb6
00008543
000085cc
000085b9
0000799e
00009447
00007fa7
00008c45
000094b2
00008c0f
00008f56
00008083
ffff49f1
fffebb37
fffeaa2b
fffea5b3
fffebed2
fffebc90
fffeba4c
fffec203
fffebfee
fffec58e
fffeceee
fffecc70
fffeda99
fffede78
fffeef77
fffef876
ffff04ab
ffff0745
ffff08d6
ffff0f3d
ffff1b1a
ffff1848
ffff323a
00003429
ffffe834
000097b2
0000c54b
000067f8
00009645
00008ee9
0000833d
00008807
00008435
00007c2a
00009381
00007f67
00008da0
000094af
00008bad
00008f2e
00008476
ffff4d1d
fffeba2b
fffe99f8
fffe9d26
fffebba7
fffebc6b
fffeb90b
fffebe54
fffec786
fffec293
fffecc6c
fffecdb0
fffedfb4
fffee158
fffef2a1
fffef759
ffff017c
ffff0335
ffff0778
ffff0b18
ffff25cf
ffff2e0b
ffff31cd
00003411
ffffe19d
000095c8
0000c598
00006b27
000094a0
000090fa
00008101
00008a1f
0000828e
00007ecc
00009264
00007f7b
00008f34
0000940a
00008bba
00008f03
000087ff
ffff6a12
fffec840
fffe9f42
fffeb8f0
fffebbe4
fffea99e
fffeba9b
fffecdc5
fffec98f
fffec24b
fffec90b
fffecef0
fffecfb7
fffee535
fffef447
fffefd28
ffff053c
ffff050a
ffff0753
ffff0f24
ffff1e94
ffff286d
ffff2ebd
000032a2
ffffe834
000097b2
0000c54b
000067f8
00009645
00008ee9
0000833d
00008807
00008435
00007c2a
00009381
00007f67
00008da0
000094af
00008bad
00008f2e
00008476
ffff4d1d
fffeba2b
fffe99f8
fffe9d26
fffebba7
fffebc6b
fffeb90b
fffebe54
fffec786
fffec293
fffecc6c
fffecdb0
fffedfb4
fffee158
fffef2a1
fffef759
ffff017c
ffff0335
ffff0778
ffff0b18
ffff25cf
ffff2e0b
ffff31cd
00003411
ffffe19d
000095c8
0000c598
00006b27
000094a0
000090fa
00008101
00008a1f
0000828e
00007ecc
00009264
00007f7b
00008f34
0000940a
00008bba
00008f03
000087ff
ffff6a12
fffec840
fffe9f42
fffeb8f0
fffebbe4
fffea99e
fffeba9b
fffecdc5
fffec98f
fffec24b
fffec90b
fffecef0
fffecfb7
fffee535
fffef447
fffefd28
ffff053c
ffff050a
ffff0753
ffff0f24
ffff1e94
ffff286d
ffff2ebd
000032a2
ffffe655
000093cd
0000c5db
00006e69
000092d8
000092ec
00007e8b
00008c18
000080c5
00008168
000090ff
00007fea
000090d2
000092eb
00008c1f
00008ed6
00008b30
ffff8bc9
fffecbd7
fffea52e
fffeb0ca
fffeb288
fffeb101
fffebb2b
fffec9c4
fffec671
fffed381
fffec09b
fffec86a
fffee21a
fffed9a5
fffef2d7
fffefaa5
fffef7e1
ffff03a2
ffff11b2
ffff1a20
ffff18d7
ffff2521
ffff2e25
000032a2
ffffe19d
000095c8
0000c598
00006b27
000094a0
000090fa
00008101
00008a1f
0000828e
00007ecc
00009264
00007f7b
00008f34
0000940a
00008bba
00008f03
000087ff
ffff6a12
fffec840
fffe9f42
fffeb8f0
fffebbe4
fffea99e
fffeba9b
fffecdc5
fffec98f
fffec24b
fffec90b
fffecef0
fffecfb7
fffee535
fffef447
fffefd28
ffff053c
ffff050a
ffff0753
ffff0f24
ffff1e94
ffff286d
ffff2ebd
000032a2
ffffe655
000093cd
0000c5db
00006e69
000092d8
000092ec
00007e8b
00008c18
000080c5
00008168
000090ff
00007fea
000090d2
000092eb
00008c1f
00008ed6
00008b30
ffff8bc9
fffecbd7
fffea52e
fffeb0ca
fffeb288
fffeb101
fffebb2b
fffec9c4
fffec671
fffed381
fffec09b
fffec86a
fffee21a
fffed9a5
fffef2d7
fffefaa5
fffef7e1
ffff03a2
ffff11b2
ffff1a20
ffff18d7
ffff2521
ffff2e25
000032a2
ffffe027
000091cc
0000c613
000071b9
000090ec
000094c1
00007bd5
00008df2
00007ed5
000083ea
00008f63
000080c3
0000923f
0000918d
00008cb6
00008ea9
00008e1b
ffff9e3f
fffec9a7
fffe99a2
fffeb39f
fffeae8d
fffeb194
fffeb95a
fffeb50f
fffed028
fffedfc0
fffebef6
fffed7cb
fffedda7
fffed98b
fffee921
fffefd40
ffff0497
ffff0fbd
ffff0d8f
ffff1007
ffff0f83
ffff258e
ffff32c4
000032a2
ffffe655
000093cd
0000c5db
00006e69
000092d8
000092ec
00007e8b
00008c18
000080c5
00008168
000090ff
00007fea
000090d2
000092eb
00008c1f
00008ed6
00008b30
ffff8bc9
fffecbd7
fffea52e
fffeb0ca
fffeb288
fffeb101
fffebb2b
fffec9c4
fffec671
fffed381
fffec09b
fffec86a
fffee21a
fffed9a5
fffef2d7
fffefaa5
fffef7e1
ffff03a2
ffff11b2
ffff1a20
ffff18d7
ffff2521
ffff2e25
000032a2
ffffe027
000091cc
0000c613
000071b9
000090ec
000094c1
00007bd5
00008df2
00007ed5
000083ea
00008f63
000080c3
0000923f
0000918d
00008cb6
00008ea9
00008e1b
ffff9e3f
fffec9a7
fffe99a2
fffeb39f
fffeae8d
fffeb194
fffeb95a
fffeb50f
fffed028
fffedfc0
fffebef6
fffed7cb
fffedda7
fffed98b
fffee921
fffefd40
ffff0497
ffff0fbd
ffff0d8f
ffff1007
ffff0f83
ffff258e
ffff32c4
000032a2
ffffdd3e
00008fa8
0000c647
000074c7
00008ed7
00009677
000078d7
00008fab
00007cba
00008647
00008d97
0000820f
00009349
0000902b
00008d5e
00008e7d
000090c8
ffffc3c7
fffecf23
fffead9e
fffea5f2
fffeab3e
fffe9f8c
fffebd7c
fffeb670
fffebacd
fffecec5
fffecbcb
fffecf1e
fffeeba2
fffeed5c
fffef031
fffeec67
fffef425
ffff0a87
ffff0722
ffff1266
ffff172d
ffff2a16
ffff32e2
000032a2
ffffe027
000091cc
0000c613
000071b9
000090ec
000094c1
00007bd5
00008df2
00007ed5
000083ea
00008f63
000080c3
0000923f
0000918d
00008cb6
00008ea9
00008e1b
ffff9e3f
fffec9a7
fffe99a2
fffeb39f
fffeae8d
fffeb194
fffeb95a
fffeb50f
fffed028
fffedfc0
fffebef6
fffed7cb
fffedda7
fffed98b
fffee921
fffefd40
ffff0497
ffff0fbd
ffff0d8f
ffff1007
ffff0f83
ffff258e
ffff32c4
000032a2
ffffdd3e
00008fa8
0000c647
000074c7
00008ed7
00009677
000078d7
00008fab
00007cba
00008647
00008d97
0000820f
00009349
0000902b
00008d5e
00008e7d
000090c8
ffffc3c7
fffecf23
fffead9e
fffea5f2
fffeab3e
fffe9f8c
fffebd7c
fffeb670
fffebacd
fffecec5
fffecbcb
fffecf1e
fffeeba2
fffeed5c
fffef031
fffeec67
fffef425
ffff0a87
ffff0722
ffff1266
ffff172d
ffff2a16
ffff32e2
000032a2
ffffdf24
00008d65
0000c676
0000779d
00008c8f
00009813
00007582
00009142
00007a6c
00008880
00008b98
000083d2
000093da
00008eec
00008e07
00008e65
00009319
fffff4e6
fffedbe4
fffea8e0
fffeb3f3
fffe9f10
fffea6d6
fffeb5f9
fffec7af
fffec0ff
fffecc12
fffed630
fffedc2d
fffee3b2
fffeede2
fffef31d
fffef0c4
fffefae6
fffeff56
fffefd58
ffff13be
ffff17ce
ffff2086
ffff2cf5
00003992
ffffdd3e
00008fa8
0000c647
000074c7
00008ed7
00009677
000078d7
00008fab
00007cba
00008647
00008d97
0000820f
00009349
0000902b
00008d5e
00008e7d
000090c8
ffffc3c7
fffecf23
fffead9e
fffea5f2
fffeab3e
fffe9f8c
fffebd7c
fffeb670
fffebacd
fffecec5
fffecbcb
fffecf1e
fffeeba2
fffeed5c
fffef031
fffeec67
fffef425
ffff0a87
ffff0722
ffff1266
ffff172d
ffff2a16
ffff32e2
000032a2
ffffdf24
00008d65
0000c676
0000779d
00008c8f
00009813
00007582
00009142
00007a6c
00008880
00008b98
000083d2
000093da
00008eec
00008e07
00008e65
00009319
fffff4e6
fffedbe4
fffea8e0
fffeb3f3
fffe9f10
fffea6d6
fffeb5f9
fffec7af
fffec0ff
fffecc12
fffed630
fffedc2d
fffee3b2
fffeede2
fffef31d
fffef0c4
fffefae6
fffeff56
fffefd58
ffff13be
ffff17ce
ffff2086
ffff2cf5
00003992
ffffdb9b
00008b06
0000c69e
00007a65
00008a19
00009991
000071dd
000092b5
000077ec
00008a9a
00008963
00008604
000093eb
00008de5
00008eae
00008e98
000094d2
00001add
fffee314
fffeaf3d
fffea7ab
fffea9d0
fffeb168
fffeb40b
fffec487
fffeb8b4
fffeba6a
fffecd34
fffed0be
fffed0ac
fffeee9d
fffef4e2
fffef476
ffff084a
ffff0d7c
ffff07c6
ffff10d0
ffff13c1
ffff1cb9
ffff3254
0000397c
ffffdf24
00008d65
0000c676
0000779d
00008c8f
00009813
00007582
00009142
00007a6c
00008880
00008b98
000083d2
000093da
00008eec
00008e07
00008e65
00009319
fffff4e6
fffedbe4
fffea8e0
fffeb3f3
fffe9f10
fffea6d6
fffeb5f9
fffec7af
fffec0ff
fffecc12
fffed630
fffedc2d
fffee3b2
fffeede2
fffef31d
fffef0c4
fffefae6
fffeff56
fffefd58
ffff13be
ffff17ce
ffff2086
ffff2cf5
00003992
ffffdb9b
00008b06
0000c69e
00007a65
00008a19
00009991
000071dd
000092b5
000077ec
00008a9a
00008963
00008604
000093eb
00008de5
00008eae
00008e98
000094d2
00001add
fffee314
fffeaf3d
fffea7ab
fffea9d0
fffeb168
fffeb40b
fffec487
fffeb8b4
fffeba6a
fffecd34
fffed0be
fffed0ac
fffeee9d
fffef4e2
fffef476
ffff084a
ffff0d7c
ffff07c6
ffff10d0
ffff13c1
ffff1cb9
ffff3254
0000397c
ffffd939
000088a9
0000c6b9
00007d3b
00008776
00009aef
00006e01
000093fc
00007546
00008c96
000086f1
00008887
00009385
00008d20
00008f58
00008f4f
000095af
00003693
fffee4d4
fffeac20
fffea956
fffea580
fffeb0f4
fffea713
fffeb1f8
fffeae61
fffecc37
fffed1fc
fffecab8
fffed7b9
fffee271
fffef97d
fffefab1
ffff04f3
ffff11f8
ffff153d
ffff15f3
ffff1af8
ffff211f
ffff2f0d
0000381b
ffffdb9b
00008b06
0000c69e
00007a65
00008a19
00009991
000071dd
000092b5
000077ec
00008a9a
00008963
00008604
000093eb
00008de5
00008eae
00008e98
000094d2
00001add
fffee314
fffeaf3d
fffea7ab
fffea9d0
fffeb168
fffeb40b
fffec487
fffeb8b4
fffeba6a
fffecd34
fffed0be
fffed0ac
fffeee9d
fffef4e2
fffef476
ffff084a
ffff0d7c
ffff07c6
ffff10d0
ffff13c1
ffff1cb9
ffff3254
0000397c
ffffd939
000088a9
0000c6b9
00007d3b
00008776
00009aef
00006e01
000093fc
00007546
00008c96
000086f1
00008887
00009385
00008d20
00008f58
00008f4f
000095af
00003693
fffee4d4
fffeac20
fffea956
fffea580
fffeb0f4
fffea713
fffeb1f8
fffeae61
fffecc37
fffed1fc
fffecab8
fffed7b9
fffee271
fffef97d
fffefab1
ffff04f3
ffff11f8
ffff153d
ffff15f3
ffff1af8
ffff211f
ffff2f0d
0000381b
ffffcbbb
0000861d
0000c6d0
00007fdc
00008496
00009c34
000069db
0000951b
00007275
00008e71
00008437
00008b26
000092c2
00008c86
00008ffd
00009097
00009598
00004ac7
fffee728
fffea319
fffeb3c1
fffea369
fffeb559
fffeada4
fffeaedb
fffeaabb
fffecb24
fffecb3b
fffed3b9
fffed844
fffee912
fffeeefd
fffef7d8
fffefe8b
ffff0c1a
ffff1cef
ffff0ddf
ffff1e35
ffff27b3
ffff2a71
0000381b
ffffd939
000088a9
0000c6b9
00007d3b
00008776
00009aef
00006e01
000093fc
00007546
00008c96
000086f1
00008887
00009385
00008d20
00008f58
00008f4f
000095af
00003693
fffee4d4
fffeac20
fffea956
fffea580
fffeb0f4
fffea713
fffeb1f8
fffeae61
fffecc37
fffed1fc
fffecab8
fffed7b9
fffee271
fffef97d
fffefab1
ffff04f3
ffff11f8
ffff153d
ffff15f3
ffff1af8
ffff211f
ffff2f0d
0000381b
ffffcbbb
0000861d
0000c6d0
00007fdc
00008496
00009c34
000069db
0000951b
00007275
00008e71
00008437
00008b26
000092c2
00008c86
00008ffd
00009097
00009598
00004ac7
fffee728
fffea319
fffeb3c1
fffea369
fffeb559
fffeada4
fffeaedb
fffeaabb
fffecb24
fffecb3b
fffed3b9
fffed844
fffee912
fffeeefd
fffef7d8
fffefe8b
ffff0c1a
ffff1cef
ffff0ddf
ffff1e35
ffff27b3
ffff2a71
0000381b
ffffd9b4
00008379
0000c6e0
00008262
0000816e
00009d61
00006577
0000960f
00006f82
0000902b
00008123
00008dbd
000091bd
00008c06
000090a6
0000923f
000094b8
00005978
fffef500
fffeaf93
fffeb22f
fffea41d
fffebfa0
fffeaab7
fffeba5d
fffebeb3
fffeb854
fffece3f
fffece51
fffedc38
fffeef58
fffef825
fffefa76
fffefe56
ffff0468
ffff0add
ffff105a
ffff18ab
ffff1e91
ffff26b6
0000381b
ffffcbbb
0000861d
0000c6d0
00007fdc
00008496
00009c34
000069db
0000951b
00007275
00008e71
00008437
00008b26
000092c2
00008c86
00008ffd
00009097
00009598
00004ac7
fffee728
fffea319
fffeb3c1
fffea369
fffeb559
fffeada4
fffeaedb
fffeaabb
fffecb24
fffecb3b
fffed3b9
fffed844
fffee912
fffeeefd
fffef7d8
fffefe8b
ffff0c1a
ffff1cef
ffff0ddf
ffff1e35
ffff27b3
ffff2a71
0000381b
ffffd9b4
00008379
0000c6e0
00008262
0000816e
00009d61
00006577
0000960f
00006f82
0000902b
00008123
00008dbd
000091bd
00008c06
000090a6
0000923f
000094b8
00005978
fffef500
fffeaf93
fffeb22f
fffea41d
fffebfa0
fffeaab7
fffeba5d
fffebeb3
fffeb854
fffece3f
fffece51
fffedc38
fffeef58
fffef825
fffefa76
fffefe56
ffff0468
ffff0add
ffff105a
ffff18ab
ffff1e91
ffff26b6
0000381b
ffffcd79
000080b7
0000c6e7
000084db
00007e12
00009e6c
00006144
000096ce
00006ca7
000091b9
00007db9
0000903a
00009089
00008b93
00009166
000093e8
0000936a
0000644a
ffff005f
fffea64b
fffe9d28
fffeb15e
fffec024
fffe9f5f
fffeb468
fffebc6c
fffec267
fffed866
fffed8ee
fffed5ff
fffee611
ffff013f
ffff0826
ffff068d
ffff0b51
ffff0525
ffff122d
ffff14b2
ffff1835
ffff2b01
0000381b
ffffd9b4
00008379
0000c6e0
00008262
0000816e
00009d61
00006577
0000960f
00006f82
0000902b
00008123
00008dbd
000091bd
00008c06
000090a6
0000923f
000094b8
00005978
fffef500
fffeaf93
fffeb22f
fffea41d
fffebfa0
fffeaab7
fffeba5d
fffebeb3
fffeb854
fffece3f
fffece51
fffedc38
fffeef58
fffef825
fffefa76
fffefe56
ffff0468
ffff0add
ffff105a
ffff18ab
ffff1e91
ffff26b6
0000381b
ffffcd79
000080b7
0000c6e7
000084db
00007e12
00009e6c
00006144
000096ce
00006ca7
000091b9
00007db9
0000903a
00009089
00008b93
00009166
000093e8
0000936a
0000644a
ffff005f
fffea64b
fffe9d28
fffeb15e
fffec024
fffe9f5f
fffeb468
fffebc6c
fffec267
fffed866
fffed8ee
fffed5ff
fffee611
ffff013f
ffff0826
ffff068d
ffff0b51
ffff0525
ffff122d
ffff14b2
ffff1835
ffff2b01
0000381b
ffffc084
00007dd6
0000c6e7
0000873f
00007a6e
00009f5a
00005d6c
0000975c
00006a08
00009316
000079f5
0000928b
00008f38
00008b1f
00009258
00009532
00009219
00006c7c
fffefe11
fffeae0f
fffeae3f
fffea75b
fffeaf77
fffeabe6
fffeb592
fffec5d9
fffec265
fffeca21
fffed21b
fffeda3e
fffee732
fffef469
fffeffee
ffff02b8
ffff0485
ffff04d8
ffff114e
ffff18bd
ffff1ee0
ffff399e
00003df1
ffffcd79
000080b7
0000c6e7
000084db
00007e12
00009e6c
00006144
000096ce
00006ca7
000091b9
00007db9
0000903a
00009089
00008b93
00009166
000093e8
0000936a
0000644a
ffff005f
fffea64b
fffe9d28
fffeb15e
fffec024
fffe9f5f
fffeb468
fffebc6c
fffec267
fffed866
fffed8ee
fffed5ff
fffee611
ffff013f
ffff0826
ffff068d
ffff0b51
ffff0525
ffff122d
ffff14b2
ffff1835
ffff2b01
0000381b
ffffc084
00007dd6
0000c6e7
0000873f
00007a6e
00009f5a
00005d6c
0000975c
00006a08
00009316
000079f5
0000928b
00008f38
00008b1f
00009258
00009532
00009219
00006c7c
fffefe11
fffeae0f
fffeae3f
fffea75b
fffeaf77
fffeabe6
fffeb592
fffec5d9
fffec265
fffeca21
fffed21b
fffeda3e
fffee732
fffef469
fffeffee
ffff02b8
ffff0485
ffff04d8
ffff114e
ffff18bd
ffff1ee0
ffff399e
00003df1
ffffd328
00007ae1
0000c6de
00008990
00007670
0000a031
00005a28
000097bd
000067d6
0000943d
000075df
000094ad
00008dd5
00008aa8
0000939a
000095d8
00009112
000072f6
ffff0c0e
fffebcff
fffeb851
fffea88b
fffec016
fffebfeb
fffeb826
fffec9c7
fffecb7b
fffeb9bf
fffec88c
fffedc61
fffee499
fffee067
fffef626
ffff03c3
ffff1350
ffff0cc6
ffff0ef2
ffff1990
ffff27a4
ffff2d4c
00003ff5
ffffc084
00007dd6
0000c6e7
0000873f
00007a6e
00009f5a
00005d6c
0000975c
00006a08
00009316
000079f5
0000928b
00008f38
00008b1f
00009258
00009532
00009219
00006c7c
fffefe11
fffeae0f
fffeae3f
fffea75b
fffeaf77
fffeabe6
fffeb592
fffec5d9
fffec265
fffeca21
fffed21b
fffeda3e
fffee732
fffef469
fffeffee
ffff02b8
ffff0485
ffff04d8
ffff114e
ffff18bd
ffff1ee0
ffff399e
00003df1
ffffd328
00007ae1
0000c6de
00008990
00007670
0000a031
00005a28
000097bd
000067d6
0000943d
000075df
000094ad
00008dd5
00008aa8
0000939a
000095d8
00009112
000072f6
ffff0c0e
fffebcff
fffeb851
fffea88b
fffec016
fffebfeb
fffeb826
fffec9c7
fffecb7b
fffeb9bf
fffec88c
fffedc61
fffee499
fffee067
fffef626
ffff03c3
ffff1350
ffff0cc6
ffff0ef2
ffff1990
ffff27a4
ffff2d4c
00003ff5
ffffc5e0
000077b8
0000c6cf
00008bc8
00007229
0000a0e8
0000581a
000097eb
0000667b
0000951d
000071c6
0000968d
00008c68
00008a42
0000951e
000095c6
0000907f
00007853
ffff1da0
fffeb678
fffe99f2
fffeaf3d
fffebc32
fffec140
fffeb92e
fffec496
fffec570
fffece1c
fffed4cc
fffee1a1
fffeec56
fffef045
fffef85c
ffff004b
ffff0c50
ffff0c7f
ffff0cc3
ffff0fe3
ffff2472
ffff3070
00003dfc
ffffd328
00007ae1
0000c6de
00008990
00007670
0000a031
00005a28
000097bd
000067d6
0000943d
000075df
000094ad
00008dd5
00008aa8
0000939a
000095d8
00009112
000072f6
ffff0c0e
fffebcff
fffeb851
fffea88b
fffec016
fffebfeb
fffeb826
fffec9c7
fffecb7b
fffeb9bf
fffec88c
fffedc61
fffee499
fffee067
fffef626
ffff03c3
ffff1350
ffff0cc6
ffff0ef2
ffff1990
ffff27a4
ffff2d4c
00003ff5
ffffc5e0
000077b8
0000c6cf
00008bc8
00007229
0000a0e8
0000581a
000097eb
0000667b
0000951d
000071c6
0000968d
00008c68
00008a42
0000951e
000095c6
0000907f
00007853
ffff1da0
fffeb678
fffe99f2
fffeaf3d
fffebc32
fffec140
fffeb92e
fffec496
fffec570
fffece1c
fffed4cc
fffee1a1
fffeec56
fffef045
fffef85c
ffff004b
ffff0c50
ffff0c7f
ffff0cc3
ffff0fe3
ffff2472
ffff3070
00003dfc
ffffb4f1
0000746f
0000c6b8
00008df0
00006d85
0000a183
0000577f
000097e9
00006629
000095b6
00006e09
00009824
00008afe
00008a0e
000096af
0000951a
0000905e
00007ce9
ffff1eb2
fffebb9b
fffeb704
fffeb86e
fffec112
fffeb743
fffeaf28
fffebd6d
fffebb97
fffec7bd
fffed3af
fffedf75
fffee82c
fffee6fb
fffef2e5
ffff07c4
ffff0c67
ffff031e
ffff11f6
ffff17a9
ffff24dc
ffff2bc2
00003dfc
ffffc5e0
000077b8
0000c6cf
00008bc8
00007229
0000a0e8
0000581a
000097eb
0000667b
0000951d
000071c6
0000968d
00008c68
00008a42
0000951e
000095c6
0000907f
00007853
ffff1da0
fffeb678
fffe99f2
fffeaf3d
fffebc32
fffec140
fffeb92e
fffec496
fffec570
fffece1c
fffed4cc
fffee1a1
fffeec56
fffef045
fffef85c
ffff004b
ffff0c50
ffff0c7f
ffff0cc3
ffff0fe3
ffff2472
ffff3070
00003dfc
ffffb4f1
0000746f
0000c6b8
00008df0
00006d85
0000a183
0000577f
000097e9
00006629
000095b6
00006e09
00009824
00008afe
00008a0e
000096af
0000951a
0000905e
00007ce9
ffff1eb2
fffebb9b
fffeb704
fffeb86e
fffec112
fffeb743
fffeaf28
fffebd6d
fffebb97
fffec7bd
fffed3af
fffedf75
fffee82c
fffee6fb
fffef2e5
ffff07c4
ffff0c67
ffff031e
ffff11f6
ffff17a9
ffff24dc
ffff2bc2
00003dfc
ffffc770
00007121
0000c698
0000900e
00006882
0000a204
0000584a
000097c0
000066f0
00009605
00006b4d
00009964
000089ae
00008a42
000097fc
0000941c
00009088
000080ec
ffff2f81
fffecdc1
fffeb9da
fffea3dc
fffea727
fffeb0d1
fffebc81
fffec4b4
fffec461
fffeca8a
fffeddcc
fffee1a4
fffeedc3
fffeec73
fffefd72
fffefb88
fffefeb4
fffefb24
ffff0998
ffff159a
ffff24ae
ffff2bda
00003dfc
ffffb4f1
0000746f
0000c6b8
00008df0
00006d85
0000a183
0000577f
000097e9
00006629
000095b6
00006e09
00009824
00008afe
00008a0e
000096af
0000951a
0000905e
00007ce9
ffff1eb2
fffebb9b
fffeb704
fffeb86e
fffec112
fffeb743
fffeaf28
fffebd6d
fffebb97
fffec7bd
fffed3af
fffedf75
fffee82c
fffee6fb
fffef2e5
ffff07c4
ffff0c67
ffff031e
ffff11f6
ffff17a9
ffff24dc
ffff2bc2
00003dfc
ffffc770
00007121
0000c698
0000900e
00006882
0000a204
0000584a
000097c0
000066f0
00009605
00006b4d
00009964
000089ae
00008a42
000097fc
0000941c
00009088
000080ec
ffff2f81
fffecdc1
fffeb9da
fffea3dc
fffea727
fffeb0d1
fffebc81
fffec4b4
fffec461
fffeca8a
fffeddcc
fffee1a4
fffeedc3
fffeec73
fffefd72
fffefb88
fffefeb4
fffefb24
ffff0998
ffff159a
ffff24ae
ffff2bda
00003dfc
ffffc5ab
00006d73
0000c674
0000920c
0000630a
0000a26a
00005a5c
0000976b
000068ba
00009607
00006a42
00009a3a
0000888b
00008b06
000098c3
0000931c
000090d5
00008480
ffff4495
fffec587
fffeb8b4
fffeb279
fffeb019
fffeba28
fffec7b1
fffebbf3
fffec188
fffecc7f
fffee794
fffedacb
fffee6dd
fffee058
fffefa14
fffefb35
ffff0155
ffff08e8
ffff0954
ffff125d
ffff1f0f
ffff2c2a
00003dfc
ffffc770
00007121
0000c698
0000900e
00006882
0000a204
0000584a
000097c0
000066f0
00009605
00006b4d
00009964
000089ae
00008a42
000097fc
0000941c
00009088
000080ec
ffff2f81
fffecdc1
fffeb9da
fffea3dc
fffea727
fffeb0d1
fffebc81
fffec4b4
fffec461
fffeca8a
fffeddcc
fffee1a4
fffeedc3
fffeec73
fffefd72
fffefb88
fffefeb4
fffefb24
ffff0998
ffff159a
ffff24ae
ffff2bda
00003dfc
ffffc5ab
00006d73
0000c674
0000920c
0000630a
0000a26a
00005a5c
0000976b
000068ba
00009607
00006a42
00009a3a
0000888b
00008b06
000098c3
0000931c
000090d5
00008480
ffff4495
fffec587
fffeb8b4
fffeb279
fffeb019
fffeba28
fffec7b1
fffebbf3
fffec188
fffecc7f
fffee794
fffedacb
fffee6dd
fffee058
fffefa14
fffefb35
ffff0155
ffff08e8
ffff0954
ffff125d
ffff1f0f
ffff2c2a
00003dfc
ffffc07e
000069df
0000c643
00009407
00005d36
0000a2b1
00005d66
000096f0
00006b51
000095bc
00006b4a
00009aa3
000087a8
00008c63
000098ea
0000924f
0000912a
000087bb
ffff5122
fffec61b
fffeae44
fffeb662
fffeb813
fffeb4cf
fffec02b
fffeb80a
fffebfbb
fffec1b9
fffee713
fffee2ed
fffeeaf9
fffeec8c
fffee73c
fffeebe8
ffff0957
ffff16cd
ffff189e
ffff2555
ffff1f33
ffff29fb
00003dfc
ffffc5ab
00006d73
0000c674
0000920c
0000630a
0000a26a
00005a5c
0000976b
000068ba
00009607
00006a42
00009a3a
0000888b
00008b06
000098c3
0000931c
000090d5
00008480
ffff4495
fffec587
fffeb8b4
fffeb279
fffeb019
fffeba28
fffec7b1
fffebbf3
fffec188
fffecc7f
fffee794
fffedacb
fffee6dd
fffee058
fffefa14
fffefb35
ffff0155
ffff08e8
ffff0954
ffff125d
ffff1f0f
ffff2c2a
00003dfc
ffffc07e
000069df
0000c643
00009407
00005d36
0000a2b1
00005d66
000096f0
00006b51
000095bc
00006b4a
00009aa3
000087a8
00008c63
000098ea
0000924f
0000912a
000087bb
ffff5122
fffec61b
fffeae44
fffeb662
fffeb813
fffeb4cf
fffec02b
fffeb80a
fffebfbb
fffec1b9
fffee713
fffee2ed
fffeeaf9
fffeec8c
fffee73c
fffeebe8
ffff0957
ffff16cd
ffff189e
ffff2555
ffff1f33
ffff29fb
00003dfc
ffffba6e
000066e6
0000c423
00009490
000056d0
0000a117
00005fdf
000094a3
00006cd5
0000937a
00006cc4
000098e9
00008581
00008c8a
000096cd
00009023
00008fd4
000088ed
ffff548c
fffef483
fffec15f
fffec4ce
fffecad7
fffec0c1
fffec2cf
fffebd60
fffece50
fffed008
fffed6f5
fffedd45
fffee337
fffef2c5
fffee7f8
fffef5de
ffff1150
ffff19d8
ffff1631
ffff2234
ffff1be3
ffff2c2c
00004418
ffffc07e
000069df
0000c643
00009407
00005d36
0000a2b1
00005d66
000096f0
00006b51
000095bc
00006b4a
00009aa3
000087a8
00008c63
000098ea
0000924f
0000912a
000087bb
ffff5122
fffec61b
fffeae44
fffeb662
fffeb813
fffeb4cf
fffec02b
fffeb80a
fffebfbb
fffec1b9
fffee713
fffee2ed
fffeeaf9
fffeec8c
fffee73c
fffeebe8
ffff0957
ffff16cd
ffff189e
ffff2555
ffff1f33
ffff29fb
00003dfc
ffffba6e
000066e6
0000c423
00009490
000056d0
0000a117
00005fdf
000094a3
00006cd5
0000937a
00006cc4
000098e9
00008581
00008c8a
000096cd
00009023
00008fd4
000088ed
ffff548c
fffef483
fffec15f
fffec4ce
fffecad7
fffec0c1
fffec2cf
fffebd60
fffece50
fffed008
fffed6f5
fffedd45
fffee337
fffef2c5
fffee7f8
fffef5de
ffff1150
ffff19d8
ffff1631
ffff2234
ffff1be3
ffff2c2c
00004418
ffffb906
000058b5
0000b991
00008b78
000045e9
000096db
0000589d
000089c1
00006575
0000887d
000065ea
00008e3e
00007ac2
000083f6
00008b8c
0000854d
000085a9
000080ff
ffff6c6d
fffec8c8
fffea7f9
fffea2e1
fffeb0df
fffeb3f3
fffeb98e
fffeb891
fffec3ed
fffed2fb
fffed78b
fffeda0f
fffecc12
fffeee4b
fffef5bd
ffff01dd
ffff0c5b
ffff1076
ffff174b
ffff1d40
ffff28e3
ffff39c0
00004798
ffffba6e
000066e6
0000c423
00009490
000056d0
0000a117
00005fdf
000094a3
00006cd5
0000937a
00006cc4
000098e9
00008581
00008c8a
000096cd
00009023
00008fd4
000088ed
ffff548c
fffef483
fffec15f
fffec4ce
fffecad7
fffec0c1
fffec2cf
fffebd60
fffece50
fffed008
fffed6f5
fffedd45
fffee337
fffef2c5
fffee7f8
fffef5de
ffff1150
ffff19d8
ffff1631
ffff2234
ffff1be3
ffff2c2c
00004418
ffffb906
000058b5
0000b991
00008b78
000045e9
000096db
0000589d
000089c1
00006575
0000887d
000065ea
00008e3e
00007ac2
000083f6
00008b8c
0000854d
000085a9
000080ff
ffff6c6d
fffec8c8
fffea7f9
fffea2e1
fffeb0df
fffeb3f3
fffeb98e
fffeb891
fffec3ed
fffed2fb
fffed78b
fffeda0f
fffecc12
fffeee4b
fffef5bd
ffff01dd
ffff0c5b
ffff1076
ffff174b
ffff1d40
ffff28e3
ffff39c0
00004798
ffffba3a
00004687
0000a889
00007c58
00002f19
00008600
00004b78
00007849
000057d0
000076c6
00005951
00007cb6
000069b6
000074ee
00007962
000073f7
000074ea
00007260
ffff619e
fffec269
fffe9f75
fffea96d
fffea4b1
fffeaee7
fffebd8b
fffeba3e
fffeca65
fffed94a
fffedbe8
fffed5e9
fffee298
fffef036
fffef650
ffff0791
ffff0208
ffff1305
ffff1329
ffff1878
ffff1934
ffff3276
00004450
ffffb906
000058b5
0000b991
00008b78
000045e9
000096db
0000589d
000089c1
00006575
0000887d
000065ea
00008e3e
00007ac2
000083f6
00008b8c
0000854d
000085a9
000080ff
ffff6c6d
fffec8c8
fffea7f9
fffea2e1
fffeb0df
fffeb3f3
fffeb98e
fffeb891
fffec3ed
fffed2fb
fffed78b
fffeda0f
fffecc12
fffeee4b
fffef5bd
ffff01dd
ffff0c5b
ffff1076
ffff174b
ffff1d40
ffff28e3
ffff39c0
00004798
ffffba3a
00004687
0000a889
00007c58
00002f19
00008600
00004b78
00007849
000057d0
000076c6
00005951
00007cb6
000069b6
000074ee
00007962
000073f7
000074ea
00007260
ffff619e
fffec269
fffe9f75
fffea96d
fffea4b1
fffeaee7
fffebd8b
fffeba3e
fffeca65
fffed94a
fffedbe8
fffed5e9
fffee298
fffef036
fffef650
ffff0791
ffff0208
ffff1305
ffff1329
ffff1878
ffff1934
ffff3276
00004450
ffffa6dc
00003079
0000901b
00006602
00001349
00006dbb
0000372c
00005f8b
000042cf
00005db0
00004570
000063b1
0000518a
00005e74
00005fbf
00005b55
00005cd1
00005c2f
ffff68ac
fffebf88
fffea17a
fffebd5b
fffead91
fffeadb2
fffeb92d
fffeb596
fffec344
fffed38b
fffee06f
fffed476
fffee3fa
fffef2b6
fffef3c5
fffef9a1
fffeff35
ffff120a
ffff141f
ffff0f9d
ffff1aa1
ffff3210
00004450
ffffba3a
00004687
0000a889
00007c58
00002f19
00008600
00004b78
00007849
000057d0
000076c6
00005951
00007cb6
000069b6
000074ee
00007962
000073f7
000074ea
00007260
ffff619e
fffec269
fffe9f75
fffea96d
fffea4b1
fffeaee7
fffebd8b
fffeba3e
fffeca65
fffed94a
fffedbe8
fffed5e9
fffee298
fffef036
fffef650
ffff0791
ffff0208
ffff1305
ffff1329
ffff1878
ffff1934
ffff3276
00004450
ffffa6dc
00003079
0000901b
00006602
00001349
00006dbb
0000372c
00005f8b
000042cf
00005db0
00004570
000063b1
0000518a
00005e74
00005fbf
00005b55
00005cd1
00005c2f
ffff68ac
fffebf88
fffea17a
fffebd5b
fffead91
fffeadb2
fffeb92d
fffeb596
fffec344
fffed38b
fffee06f
fffed476
fffee3fa
fffef2b6
fffef3c5
fffef9a1
fffeff35
ffff120a
ffff141f
ffff0f9d
ffff1aa1
ffff3210
00004450
ffffadd7
00001860
000065bf
00004020
fffff31d
0000440f
00001339
0000362e
00001d38
000033a4
000021b3
00003a50
000029e8
0000375f
000036d0
00003438
0000359f
00003533
ffffdec2
ffffdb44
ffffd329
ffffda6b
ffffc18a
ffffb0fc
ffffea47
ffffd818
ffffe2c3
00000be4
00001650
00000d06
000006dd
00001f45
0000218f
000037ea
00003bab
00004efe
00004313
000054ba
00004083
000041c1
ffff9965
ffffa6dc
00003079
0000901b
00006602
00001349
00006dbb
0000372c
00005f8b
000042cf
00005db0
00004570
000063b1
0000518a
00005e74
00005fbf
00005b55
00005cd1
00005c2f
ffff68ac
fffebf88
fffea17a
fffebd5b
fffead91
fffeadb2
fffeb92d
fffeb596
fffec344
fffed38b
fffee06f
fffed476
fffee3fa
fffef2b6
fffef3c5
fffef9a1
fffeff35
ffff120a
ffff141f
ffff0f9d
ffff1aa1
ffff3210
00004450
ffffadd7
00001860
000065bf
00004020
fffff31d
0000440f
00001339
0000362e
00001d38
000033a4
000021b3
00003a50
000029e8
0000375f
000036d0
00003438
0000359f
00003533
ffffdec2
ffffdb44
ffffd329
ffffda6b
ffffc18a
ffffb0fc
ffffea47
ffffd818
ffffe2c3
00000be4
00001650
00000d06
000006dd
00001f45
0000218f
000037ea
00003bab
00004efe
00004313
000054ba
00004083
000041c1
ffff9965
ffffe861
fffff253
000007ed
fffff2c1
ffffbf26
fffff2e3
ffffd2da
ffffe70b
ffffde7f
fffff6fc
fffffcc8
000004e4
00000da2
00000803
000023c8
00002f8a
00003307
000028ef
000025cd
00003040
00002359
00002333
00002c53
00004343
00004bbf
00004313
0000306d
00004c19
0000658f
0000604b
00006454
00006cfd
00007f8d
000083e7
000081ef
000094a6
00008666
00009090
0000948b
0000931b
ffff9965
ffffadd7
00001860
000065bf
00004020
fffff31d
0000440f
00001339
0000362e
00001d38
000033a4
000021b3
00003a50
000029e8
0000375f
000036d0
00003438
0000359f
00003533
ffffdec2
ffffdb44
ffffd329
ffffda6b
ffffc18a
ffffb0fc
ffffea47
ffffd818
ffffe2c3
00000be4
00001650
00000d06
000006dd
00001f45
0000218f
000037ea
00003bab
00004efe
00004313
000054ba
00004083
000041c1
ffff9965
ffffe861
fffff253
000007ed
fffff2c1
ffffbf26
fffff2e3
ffffd2da
ffffe70b
ffffde7f
fffff6fc
fffffcc8
000004e4
00000da2
00000803
000023c8
00002f8a
00003307
000028ef
000025cd
00003040
00002359
00002333
00002c53
00004343
00004bbf
00004313
0000306d
00004c19
0000658f
0000604b
00006454
00006cfd
00007f8d
000083e7
000081ef
000094a6
00008666
00009090
0000948b
0000931b
ffff9965
ffffd902
ffffe802
ffffdc3c
ffffddc7
ffffbacd
ffffd258
ffffe146
ffffd290
ffffc04b
ffffdb35
00000097
fffffb3d
00001390
00002857
00002597
00003aaa
00002c6f
000023e6
00002c72
00004432
0000267a
00002fb2
00004f93
00006053
0000618c
0000557c
00004b12
00005145
000057e9
0000644f
00007042
00006e42
00007f18
00009303
00008bae
00007daf
00008b1b
0000964e
00009c93
0000ac53
ffff9965
ffffe861
fffff253
000007ed
fffff2c1
ffffbf26
fffff2e3
ffffd2da
ffffe70b
ffffde7f
fffff6fc
fffffcc8
000004e4
00000da2
00000803
000023c8
00002f8a
00003307
000028ef
000025cd
00003040
00002359
00002333
00002c53
00004343
00004bbf
00004313
0000306d
00004c19
0000658f
0000604b
00006454
00006cfd
00007f8d
000083e7
000081ef
000094a6
00008666
00009090
0000948b
0000931b
ffff9965
ffffd902
ffffe802
ffffdc3c
ffffddc7
ffffbacd
ffffd258
ffffe146
ffffd290
ffffc04b
ffffdb35
00000097
fffffb3d
00001390
00002857
00002597
00003aaa
00002c6f
000023e6
00002c72
00004432
0000267a
00002fb2
00004f93
00006053
0000618c
0000557c
00004b12
00005145
000057e9
0000644f
00007042
00006e42
00007f18
00009303
00008bae
00007daf
00008b1b
0000964e
00009c93
0000ac53
ffff9965
ffffdbea
ffffe1bb
ffffb4cb
ffffa8fc
ffffc973
ffffdf6b
fffff154
ffffeace
ffffdd54
fffff0e4
00000d0f
000008b9
00002100
0000256f
00002b88
0000376e
00003b3c
00002f50
00003791
00003c70
000043ef
00003cd1
00005b49
00004db5
00005fbf
0000688e
000058e3
000047d9
000058de
00006c8d
00007d28
00007e21
00007d93
00007e75
000084aa
000085c2
00008fb9
000094e2
00009f65
0000aae0
ffff9965
ffffd902
ffffe802
ffffdc3c
ffffddc7
ffffbacd
ffffd258
ffffe146
ffffd290
ffffc04b
ffffdb35
00000097
fffffb3d
00001390
00002857
00002597
00003aaa
00002c6f
000023e6
00002c72
00004432
0000267a
00002fb2
00004f93
00006053
0000618c
0000557c
00004b12
00005145
000057e9
0000644f
00007042
00006e42
00007f18
00009303
00008bae
00007daf
00008b1b
0000964e
00009c93
0000ac53
ffff9965
ffffdbea
ffffe1bb
ffffb4cb
ffffa8fc
ffffc973
ffffdf6b
fffff154
ffffeace
ffffdd54
fffff0e4
00000d0f
000008b9
00002100
0000256f
00002b88
0000376e
00003b3c
00002f50
00003791
00003c70
000043ef
00003cd1
00005b49
00004db5
00005fbf
0000688e
000058e3
000047d9
000058de
00006c8d
00007d28
00007e21
00007d93
00007e75
000084aa
000085c2
00008fb9
000094e2
00009f65
0000aae0
ffff9965
ffffd83a
ffffbceb
ffffa8bd
ffffa5b8
ffffd39d
ffffda92
ffffd9fe
ffffdcf8
ffffe952
fffffda0
ffffff94
00000d2d
00001e51
00001e14
00001990
00002cf9
00002e27
000036a0
000036d5
00003777
0000570a
0000473c
00004f16
00003f8d
000056b7
0000628b
00006178
000058b9
00005b34
00007295
0000786f
00007209
000086f2
0000771a
0000775c
000094bf
0000814c
00009217
0000999d
0000a5f8
00001f3d
ffffdbea
ffffe1bb
ffffb4cb
ffffa8fc
ffffc973
ffffdf6b
fffff154
ffffeace
ffffdd54
fffff0e4
00000d0f
000008b9
00002100
0000256f
00002b88
0000376e
00003b3c
00002f50
00003791
00003c70
000043ef
00003cd1
00005b49
00004db5
00005fbf
0000688e
000058e3
000047d9
000058de
00006c8d
00007d28
00007e21
00007d93
00007e75
000084aa
000085c2
00008fb9
000094e2
00009f65
0000aae0
ffff9965
ffffd83a
ffffbceb
ffffa8bd
ffffa5b8
ffffd39d
ffffda92
ffffd9fe
ffffdcf8
ffffe952
fffffda0
ffffff94
00000d2d
00001e51
00001e14
00001990
00002cf9
00002e27
000036a0
000036d5
00003777
0000570a
0000473c
00004f16
00003f8d
000056b7
0000628b
00006178
000058b9
00005b34
00007295
0000786f
00007209
000086f2
0000771a
0000775c
000094bf
0000814c
00009217
0000999d
0000a5f8
00001f3d
ffffe150
ffffc758
ffffb80f
ffffad7e
ffffb58b
ffffe038
ffffcf08
ffffb706
ffffc791
ffffeafe
fffff86a
000010e7
00001581
00002512
00002551
00000f76
0000335f
000043f0
000038f2
00004738
000056d4
00004fb4
0000559d
00005202
0000477c
00005448
000060db
000065d0
000057ef
00005cf8
00006c06
00007fae
00008a76
000089a5
000087e8
00009136
00008c6d
0000954c
0000962a
0000a586
ffff9965
ffffd83a
ffffbceb
ffffa8bd
ffffa5b8
ffffd39d
ffffda92
ffffd9fe
ffffdcf8
ffffe952
fffffda0
ffffff94
00000d2d
00001e51
00001e14
00001990
00002cf9
00002e27
000036a0
000036d5
00003777
0000570a
0000473c
00004f16
00003f8d
000056b7
0000628b
00006178
000058b9
00005b34
00007295
0000786f
00007209
000086f2
0000771a
0000775c
000094bf
0000814c
00009217
0000999d
0000a5f8
00001f3d
ffffe150
ffffc758
ffffb80f
ffffad7e
ffffb58b
ffffe038
ffffcf08
ffffb706
ffffc791
ffffeafe
fffff86a
000010e7
00001581
00002512
00002551
00000f76
0000335f
000043f0
000038f2
00004738
000056d4
00004fb4
0000559d
00005202
0000477c
00005448
000060db
000065d0
000057ef
00005cf8
00006c06
00007fae
00008a76
000089a5
000087e8
00009136
00008c6d
0000954c
0000962a
0000a586
ffff9965
ffffee1f
ffffe518
ffffd153
ffffc3bf
ffffc507
ffffba4e
ffffc538
ffffcaa1
ffffcf0c
ffffed53
00000b58
00000afb
000006bd
00001eb2
0000178e
00002661
00003bf3
00003a5e
00004657
0000516d
000058f7
00003f17
00004c43
00005890
000048b0
00005216
0000596a
00006202
0000619e
00006a2f
00005882
00008292
0000903d
0000919b
000091e8
00008e2f
00008eb9
00009417
00009eb4
0000a083
ffff9965
ffffe150
ffffc758
ffffb80f
ffffad7e
ffffb58b
ffffe038
ffffcf08
ffffb706
ffffc791
ffffeafe
fffff86a
000010e7
00001581
00002512
00002551
00000f76
0000335f
000043f0
000038f2
00004738
000056d4
00004fb4
0000559d
00005202
0000477c
00005448
000060db
000065d0
000057ef
00005cf8
00006c06
00007fae
00008a76
000089a5
000087e8
00009136
00008c6d
0000954c
0000962a
0000a586
ffff9965
ffffee1f
ffffe518
ffffd153
ffffc3bf
ffffc507
ffffba4e
ffffc538
ffffcaa1
ffffcf0c
ffffed53
00000b58
00000afb
000006bd
00001eb2
0000178e
00002661
00003bf3
00003a5e
00004657
0000516d
000058f7
00003f17
00004c43
00005890
000048b0
00005216
0000596a
00006202
0000619e
00006a2f
00005882
00008292
0000903d
0000919b
000091e8
00008e2f
00008eb9
00009417
00009eb4
0000a083
ffff9965
fffff6d3
ffffcd6d
ffffe7c9
ffffccc3
ffffe2bd
ffffcd4f
ffffcdda
ffffddb8
fffff520
000001b8
ffffcdd6
000003ae
00000223
00001b72
000034bb
0000377b
00003c97
000034c3
0000435c
000035ad
00002fe7
00004e3e
000048a1
00005789
00005030
00005ef7
000056a3
00005370
00006afc
00006a32
00006aab
00007f63
000086f8
00008e20
00008854
00009077
0000929e
00008fc3
000094d4
0000a167
0000262f
ffffee1f
ffffe518
ffffd153
ffffc3bf
ffffc507
ffffba4e
ffffc538
ffffcaa1
ffffcf0c
ffffed53
00000b58
00000afb
000006bd
00001eb2
0000178e
00002661
00003bf3
00003a5e
00004657
0000516d
000058f7
00003f17
00004c43
00005890
000048b0
00005216
0000596a
00006202
0000619e
00006a2f
00005882
00008292
0000903d
0000919b
000091e8
00008e2f
00008eb9
00009417
00009eb4
0000a083
ffff9965
fffff6d3
ffffcd6d
ffffe7c9
ffffccc3
ffffe2bd
ffffcd4f
ffffcdda
ffffddb8
fffff520
000001b8
ffffcdd6
000003ae
00000223
00001b72
000034bb
0000377b
00003c97
000034c3
0000435c
000035ad
00002fe7
00004e3e
000048a1
00005789
00005030
00005ef7
000056a3
00005370
00006afc
00006a32
00006aab
00007f63
000086f8
00008e20
00008854
00009077
0000929e
00008fc3
000094d4
0000a167
0000262f
fffffc71
ffffede0
ffffedf4
ffffd145
fffff8ba
fffff5a2
ffffeb41
fffff0a9
fffffc9d
fffffc78
ffffe3aa
00000b07
000015dc
00001968
00001bde
00003941
00003afd
0000309c
000028af
00002fa7
000044df
000045e4
00004bee
00004e61
00004d30
000053db
000063cc
00005661
0000671f
00005f01
000066ee
0000701f
00008328
00008709
000095c8
000085a1
00009085
0000953a
00009126
0000a3ba
ffff9965
fffff6d3
ffffcd6d
ffffe7c9
ffffccc3
ffffe2bd
ffffcd4f
ffffcdda
ffffddb8
fffff520
000001b8
ffffcdd6
000003ae
00000223
00001b72
000034bb
0000377b
00003c97
000034c3
0000435c
000035ad
00002fe7
00004e3e
000048a1
00005789
00005030
00005ef7
000056a3
00005370
00006afc
00006a32
00006aab
00007f63
000086f8
00008e20
00008854
00009077
0000929e
00008fc3
000094d4
0000a167
0000262f
fffffc71
ffffede0
ffffedf4
ffffd145
fffff8ba
fffff5a2
ffffeb41
fffff0a9
fffffc9d
fffffc78
ffffe3aa
00000b07
000015dc
00001968
00001bde
00003941
00003afd
0000309c
000028af
00002fa7
000044df
000045e4
00004bee
00004e61
00004d30
000053db
000063cc
00005661
0000671f
00005f01
000066ee
0000701f
00008328
00008709
000095c8
000085a1
00009085
0000953a
00009126
0000a3ba
ffff9965
ffffe4b6
ffffd1dc
ffffb851
ffffc055
ffffcaf4
ffffe12c
ffffffeb
ffffb911
ffffedad
fffffd03
00000844
00001c1c
00001dec
00002379
00000547
00001ae7
0000208c
00002a4a
000030d8
00005c3e
00004068
00003a72
00005ed3
00004f32
00004842
00006224
00006a64
00005ff3
000078c7
000071db
0000624a
00006fb8
00007cbe
000083ea
000091a0
0000895d
000091ce
000097d3
0000994a
0000a2b1
ffff9965
fffffc71
ffffede0
ffffedf4
ffffd145
fffff8ba
fffff5a2
ffffeb41
fffff0a9
fffffc9d
fffffc78
ffffe3aa
00000b07
000015dc
00001968
00001bde
00003941
00003afd
0000309c
000028af
00002fa7
000044df
000045e4
00004bee
00004e61
00004d30
000053db
000063cc
00005661
0000671f
00005f01
000066ee
0000701f
00008328
00008709
000095c8
000085a1
00009085
0000953a
00009126
0000a3ba
ffff9965
ffffe4b6
ffffd1dc
ffffb851
ffffc055
ffffcaf4
ffffe12c
ffffffeb
ffffb911
ffffedad
fffffd03
00000844
00001c1c
00001dec
00002379
00000547
00001ae7
0000208c
00002a4a
000030d8
00005c3e
00004068
00003a72
00005ed3
00004f32
00004842
00006224
00006a64
00005ff3
000078c7
000071db
0000624a
00006fb8
00007cbe
000083ea
000091a0
0000895d
000091ce
000097d3
0000994a
0000a2b1
ffff9965
fffff2b2
ffffe867
ffffdae8
ffffbb17
ffffc82a
ffffe387
fffffd9e
ffffcb7d
fffff18f
ffffff8c
fffffa09
0000025f
00000aad
000014dd
00000f48
0000217e
00002c33
000033b2
00004c5c
0000436a
000058ba
00005382
0000510f
000057da
000051d4
000056c5
00005cb4
000063aa
0000691b
000067d6
000060ae
00008325
0000806a
00008a5c
000093bc
00008d6a
00008f22
0000995e
000094bf
00009e0b
ffff9965
ffffe4b6
ffffd1dc
ffffb851
ffffc055
ffffcaf4
ffffe12c
ffffffeb
ffffb911
ffffedad
fffffd03
00000844
00001c1c
00001dec
00002379
00000547
00001ae7
0000208c
00002a4a
000030d8
00005c3e
00004068
00003a72
00005ed3
00004f32
00004842
00006224
00006a64
00005ff3
000078c7
000071db
0000624a
00006fb8
00007cbe
000083ea
000091a0
0000895d
000091ce
000097d3
0000994a
0000a2b1
ffff9965
fffff2b2
ffffe867
ffffdae8
ffffbb17
ffffc82a
ffffe387
fffffd9e
ffffcb7d
fffff18f
ffffff8c
fffffa09
0000025f
00000aad
000014dd
00000f48
0000217e
00002c33
000033b2
00004c5c
0000436a
000058ba
00005382
0000510f
000057da
000051d4
000056c5
00005cb4
000063aa
0000691b
000067d6
000060ae
00008325
0000806a
00008a5c
000093bc
00008d6a
00008f22
0000995e
000094bf
00009e0b
ffff9965
fffffb85
ffffd9d2
ffffea73
ffffbece
ffffb0fd
ffffdde8
ffffd438
ffffdf12
ffffe746
fffff6ff
fffff2a5
00000c98
fffffd68
00000166
000010de
00002b4b
00003ab7
00003ec0
000037aa
0000382f
00004341
0000599d
00004a51
0000510c
000056fe
00005935
0000524e
00005d63
00006fb0
00006c39
000075aa
00008f8b
00008928
00008487
00008aac
000090f1
00008f99
00009d5d
00009778
00009f94
ffff9965
fffff2b2
ffffe867
ffffdae8
ffffbb17
ffffc82a
ffffe387
fffffd9e
ffffcb7d
fffff18f
ffffff8c
fffffa09
0000025f
00000aad
000014dd
00000f48
0000217e
00002c33
000033b2
00004c5c
0000436a
000058ba
00005382
0000510f
000057da
000051d4
000056c5
00005cb4
000063aa
0000691b
000067d6
000060ae
00008325
0000806a
00008a5c
000093bc
00008d6a
00008f22
0000995e
000094bf
00009e0b
ffff9965
fffffb85
ffffd9d2
ffffea73
ffffbece
ffffb0fd
ffffdde8
ffffd438
ffffdf12
ffffe746
fffff6ff
fffff2a5
00000c98
fffffd68
00000166
000010de
00002b4b
00003ab7
00003ec0
000037aa
0000382f
00004341
0000599d
00004a51
0000510c
000056fe
00005935
0000524e
00005d63
00006fb0
00006c39
000075aa
00008f8b
00008928
00008487
00008aac
000090f1
00008f99
00009d5d
00009778
00009f94
ffff9965
ffffb945
ffffbecf
ffffe130
ffffc3bb
ffffb703
ffffd966
ffffdba4
fffff374
fffff5b8
fffff572
fffff39f
0000123e
00001a78
000016c9
00002554
00001b7e
00002f68
00002a15
00003a7a
0000368c
00003b46
000058af
0000492a
00005418
0000542a
000056ee
000060ff
0000659a
00005d3f
00006cc4
000078ea
000085b7
00008882
00008986
000094b9
00009177
00009926
00009af1
000095f9
0000a0ef
ffff9965
fffffb85
ffffd9d2
ffffea73
ffffbece
ffffb0fd
ffffdde8
ffffd438
ffffdf12
ffffe746
fffff6ff
fffff2a5
00000c98
fffffd68
00000166
000010de
00002b4b
00003ab7
00003ec0
000037aa
0000382f
00004341
0000599d
00004a51
0000510c
000056fe
00005935
0000524e
00005d63
00006fb0
00006c39
000075aa
00008f8b
00008928
00008487
00008aac
000090f1
00008f99
00009d5d
00009778
00009f94
ffff9965
ffffb945
ffffbecf
ffffe130
ffffc3bb
ffffb703
ffffd966
ffffdba4
fffff374
fffff5b8
fffff572
fffff39f
0000123e
00001a78
000016c9
00002554
00001b7e
00002f68
00002a15
00003a7a
0000368c
00003b46
000058af
0000492a
00005418
0000542a
000056ee
000060ff
0000659a
00005d3f
00006cc4
000078ea
000085b7
00008882
00008986
000094b9
00009177
00009926
00009af1
000095f9
0000a0ef
ffff9965
ffffdc7f
ffffab46
ffffe5a1
ffffe476
ffffa6d6
ffffd071
ffffd6ad
ffffdad6
ffffe8ac
fffffb21
fffff81f
ffffff9e
0000121a
00000e7c
00002598
00001723
00003380
00003f27
00003ba4
000028d1
00004db5
000050f6
000055e5
00004aba
00004217
00005663
00006593
000063db
00005b2e
00007d9b
00007cb8
000075ee
0000850b
00008684
00009745
00008f4e
00008f5d
0000965f
00009edd
0000a333
00004e9e
ffffb945
ffffbecf
ffffe130
ffffc3bb
ffffb703
ffffd966
ffffdba4
fffff374
fffff5b8
fffff572
fffff39f
0000123e
00001a78
000016c9
00002554
00001b7e
00002f68
00002a15
00003a7a
0000368c
00003b46
000058af
0000492a
00005418
0000542a
000056ee
000060ff
0000659a
00005d3f
00006cc4
000078ea
000085b7
00008882
00008986
000094b9
00009177
00009926
00009af1
000095f9
0000a0ef
ffff9965
ffffdc7f
ffffab46
ffffe5a1
ffffe476
ffffa6d6
ffffd071
ffffd6ad
ffffdad6
ffffe8ac
fffffb21
fffff81f
ffffff9e
0000121a
00000e7c
00002598
00001723
00003380
00003f27
00003ba4
000028d1
00004db5
000050f6
000055e5
00004aba
00004217
00005663
00006593
000063db
00005b2e
00007d9b
00007cb8
000075ee
0000850b
00008684
00009745
00008f4e
00008f5d
0000965f
00009edd
0000a333
00004e9e
ffffd751
ffffada2
ffffc81e
ffffc6a5
ffffbb85
ffffd4c8
ffffe512
ffffe09b
ffffd483
ffffe12f
fffff7b8
fffffb34
00000982
0000012c
00000d33
00002c39
00002eca
000042e2
00004798
00004006
00004167
0000428b
00005b87
00005336
00005767
00005fc2
00005910
0000589a
0000730d
00007bb9
000086d6
000083b8
000087d2
0000905f
00009308
00008fe8
00009102
000092b7
00009bff
0000a66e
ffff9965
ffffdc7f
ffffab46
ffffe5a1
ffffe476
ffffa6d6
ffffd071
ffffd6ad
ffffdad6
ffffe8ac
fffffb21
fffff81f
ffffff9e
0000121a
00000e7c
00002598
00001723
00003380
00003f27
00003ba4
000028d1
00004db5
000050f6
000055e5
00004aba
00004217
00005663
00006593
000063db
00005b2e
00007d9b
00007cb8
000075ee
0000850b
00008684
00009745
00008f4e
00008f5d
0000965f
00009edd
0000a333
00004e9e
ffffd751
ffffada2
ffffc81e
ffffc6a5
ffffbb85
ffffd4c8
ffffe512
ffffe09b
ffffd483
ffffe12f
fffff7b8
fffffb34
00000982
0000012c
00000d33
00002c39
00002eca
000042e2
00004798
00004006
00004167
0000428b
00005b87
00005336
00005767
00005fc2
00005910
0000589a
0000730d
00007bb9
000086d6
000083b8
000087d2
0000905f
00009308
00008fe8
00009102
000092b7
00009bff
0000a66e
ffff9965
ffffe441
ffffcf3e
ffffe0df
ffffdbf5
fffff07c
ffffe31c
ffffd831
fffff736
fffff451
ffffe7ef
000000a8
00001ac6
00001a40
00001b0d
000022fa
000036c0
00003a18
000045d3
00003796
000042b1
00004d5c
00004b63
000039ed
0000406b
000054d8
00005418
00005521
00005e64
00006e15
00007784
000073aa
00007d21
0000775b
000088ea
0000960d
00009200
00008e14
00008b8a
00009fc0
0000a5b6
ffff9965
ffffd751
ffffada2
ffffc81e
ffffc6a5
ffffbb85
ffffd4c8
ffffe512
ffffe09b
ffffd483
ffffe12f
fffff7b8
fffffb34
00000982
0000012c
00000d33
00002c39
00002eca
000042e2
00004798
00004006
00004167
0000428b
00005b87
00005336
00005767
00005fc2
00005910
0000589a
0000730d
00007bb9
000086d6
000083b8
000087d2
0000905f
00009308
00008fe8
00009102
000092b7
00009bff
0000a66e
ffff9965
ffffe441
ffffcf3e
ffffe0df
ffffdbf5
fffff07c
ffffe31c
ffffd831
fffff736
fffff451
ffffe7ef
000000a8
00001ac6
00001a40
00001b0d
000022fa
000036c0
00003a18
000045d3
00003796
000042b1
00004d5c
00004b63
000039ed
0000406b
000054d8
00005418
00005521
00005e64
00006e15
00007784
000073aa
00007d21
0000775b
000088ea
0000960d
00009200
00008e14
00008b8a
00009fc0
0000a5b6
ffff9965
00000727
ffffde06
ffffe606
ffffc15e
ffffcf7b
ffffe2d5
ffffe233
ffffee5e
ffffe96e
fffff0f5
00001016
00001276
0000188d
00000dc0
00002aee
00002b09
00003516
00002c52
00003856
00003a2f
000058bc
00003d43
00003db8
00004292
000054a9
00006add
00005af4
00004fd3
0000643c
000064e4
00007665
00007870
0000714c
00007934
000087fc
00008fd8
0000924c
00009594
000099b8
0000a781
ffff9965
ffffe441
ffffcf3e
ffffe0df
ffffdbf5
fffff07c
ffffe31c
ffffd831
fffff736
fffff451
ffffe7ef
000000a8
00001ac6
00001a40
00001b0d
000022fa
000036c0
00003a18
000045d3
00003796
000042b1
00004d5c
00004b63
000039ed
0000406b
000054d8
00005418
00005521
00005e64
00006e15
00007784
000073aa
00007d21
0000775b
000088ea
0000960d
00009200
00008e14
00008b8a
00009fc0
0000a5b6
ffff9965
00000727
ffffde06
ffffe606
ffffc15e
ffffcf7b
ffffe2d5
ffffe233
ffffee5e
ffffe96e
fffff0f5
00001016
00001276
0000188d
00000dc0
00002aee
00002b09
00003516
00002c52
00003856
00003a2f
000058bc
00003d43
00003db8
00004292
000054a9
00006add
00005af4
00004fd3
0000643c
000064e4
00007665
00007870
0000714c
00007934
000087fc
00008fd8
0000924c
00009594
000099b8
0000a781
ffff9965
fffff133
fffff77c
ffffdb9b
ffffdef9
ffffdd72
ffffd0a7
ffffcf39
fffff1f3
fffffc34
ffffdca3
ffffeb59
ffffe78e
fffff290
000026f2
000030d6
00001be7
00002aac
00003669
000037b3
000030b4
00004a19
000047bf
00005914
000044b3
000042ba
00005324
000060a3
0000621e
00006a81
00007434
00007d01
00006b8b
00007cf6
00008ae4
00008caa
000082a8
00009157
000099cf
00009a0b
0000a6ee
ffff9965
00000727
ffffde06
ffffe606
ffffc15e
ffffcf7b
ffffe2d5
ffffe233
ffffee5e
ffffe96e
fffff0f5
00001016
00001276
0000188d
00000dc0
00002aee
00002b09
00003516
00002c52
00003856
00003a2f
000058bc
00003d43
00003db8
00004292
000054a9
00006add
00005af4
00004fd3
0000643c
000064e4
00007665
00007870
0000714c
00007934
000087fc
00008fd8
0000924c
00009594
000099b8
0000a781
ffff9965
fffff133
fffff77c
ffffdb9b
ffffdef9
ffffdd72
ffffd0a7
ffffcf39
fffff1f3
fffffc34
ffffdca3
ffffeb59
ffffe78e
fffff290
000026f2
000030d6
00001be7
00002aac
00003669
000037b3
000030b4
00004a19
000047bf
00005914
000044b3
000042ba
00005324
000060a3
0000621e
00006a81
00007434
00007d01
00006b8b
00007cf6
00008ae4
00008caa
000082a8
00009157
000099cf
00009a0b
0000a6ee
ffff9965
00000a85
ffffed4e
ffffe020
ffffc790
ffffcd0a
ffffd907
ffffd471
fffff1d0
00000296
ffffe1c7
ffffea32
ffffeeb0
00000dee
00002715
000027a0
000024fb
00001410
00002d3c
00002f65
00004135
00003e6f
00004509
00004713
00003e8a
00005adc
00005102
00005541
0000607d
00007538
00007967
00008846
000077b1
00007306
00008a88
00008b01
00008079
00008a5b
00009795
00009937
0000a48b
ffff9965
fffff133
fffff77c
ffffdb9b
ffffdef9
ffffdd72
ffffd0a7
ffffcf39
fffff1f3
fffffc34
ffffdca3
ffffeb59
ffffe78e
fffff290
000026f2
000030d6
00001be7
00002aac
00003669
000037b3
000030b4
00004a19
000047bf
00005914
000044b3
000042ba
00005324
000060a3
0000621e
00006a81
00007434
00007d01
00006b8b
00007cf6
00008ae4
00008caa
000082a8
00009157
000099cf
00009a0b
0000a6ee
ffff9965
00000a85
ffffed4e
ffffe020
ffffc790
ffffcd0a
ffffd907
ffffd471
fffff1d0
00000296
ffffe1c7
ffffea32
ffffeeb0
00000dee
00002715
000027a0
000024fb
00001410
00002d3c
00002f65
00004135
00003e6f
00004509
00004713
00003e8a
00005adc
00005102
00005541
0000607d
00007538
00007967
00008846
000077b1
00007306
00008a88
00008b01
00008079
00008a5b
00009795
00009937
0000a48b
ffff9965
ffffeed8
ffffdc7c
ffffd8fe
ffffe8b3
ffffd1fb
ffffcac5
ffffeeb4
ffffe233
ffffd453
ffffe3dc
fffffdd0
000005ae
00001160
00000a60
00001ed3
00002e27
00001f00
000036d8
00003658
000036e6
000032eb
00003b96
00003729
00004e1e
0000678d
00005941
00006684
00005bb1
00006849
00005f96
0000749c
00006e18
00007adb
00008033
00008251
0000894d
0000950b
000096d9
000099ed
0000a639
00006283
00000a85
ffffed4e
ffffe020
ffffc790
ffffcd0a
ffffd907
ffffd471
fffff1d0
00000296
ffffe1c7
ffffea32
ffffeeb0
00000dee
00002715
000027a0
000024fb
00001410
00002d3c
00002f65
00004135
00003e6f
00004509
00004713
00003e8a
00005adc
00005102
00005541
0000607d
00007538
00007967
00008846
000077b1
00007306
00008a88
00008b01
00008079
00008a5b
00009795
00009937
0000a48b
ffff9965
ffffeed8
ffffdc7c
ffffd8fe
ffffe8b3
ffffd1fb
ffffcac5
ffffeeb4
ffffe233
ffffd453
ffffe3dc
fffffdd0
000005ae
00001160
00000a60
00001ed3
00002e27
00001f00
000036d8
00003658
000036e6
000032eb
00003b96
00003729
00004e1e
0000678d
00005941
00006684
00005bb1
00006849
00005f96
0000749c
00006e18
00007adb
00008033
00008251
0000894d
0000950b
000096d9
000099ed
0000a639
00006283
ffffaa26
ffffa769
0000048c
00005456
000033b9
ffff984d
00002e7b
000030c2
ffffc9b0
000035a1
00001e7e
00001fd9
00003596
00001ca0
00003820
00002976
00002c7d
00003602
0000282e
00002cc9
00003623
000007f8
00001082
00001c9d
0000279c
00002af5
00003df2
00002709
0000264c
00001e2b
00003008
00004620
000050f2
00004ecc
00005952
00005a8a
000063ab
000067ab
000070e8
000078ab
00008670
ffffeed8
ffffdc7c
ffffd8fe
ffffe8b3
ffffd1fb
ffffcac5
ffffeeb4
ffffe233
ffffd453
ffffe3dc
fffffdd0
000005ae
00001160
00000a60
00001ed3
00002e27
00001f00
000036d8
00003658
000036e6
000032eb
00003b96
00003729
00004e1e
0000678d
00005941
00006684
00005bb1
00006849
00005f96
0000749c
00006e18
00007adb
00008033
00008251
0000894d
0000950b
000096d9
000099ed
0000a639
00006283
ffffaa26
ffffa769
0000048c
00005456
000033b9
ffff984d
00002e7b
000030c2
ffffc9b0
000035a1
00001e7e
00001fd9
00003596
00001ca0
00003820
00002976
00002c7d
00003602
0000282e
00002cc9
00003623
000007f8
00001082
00001c9d
0000279c
00002af5
00003df2
00002709
0000264c
00001e2b
00003008
00004620
000050f2
00004ecc
00005952
00005a8a
000063ab
000067ab
000070e8
000078ab
00008670
ffff645a
ffff87ab
000019ec
00008573
0000612c
ffff8ae5
00005ec8
00005ff3
ffffccf3
0000661b
00004abf
00004f37
000063ff
00004c85
00006549
00005a5b
000059cc
0000655a
000056f6
00005b67
00006403
ffffeb36
fffec867
fffeb33b
fffebb18
fffeba8d
fffead47
fffec32c
fffedeed
fffed1c1
fffee464
ffff00f0
fffeff11
fffef61e
ffff024c
ffff113b
ffff15d2
ffff21d7
ffff1bb3
ffff31c1
00008838
ffffaa26
ffffa769
0000048c
00005456
000033b9
ffff984d
00002e7b
000030c2
ffffc9b0
000035a1
00001e7e
00001fd9
00003596
00001ca0
00003820
00002976
00002c7d
00003602
0000282e
00002cc9
00003623
000007f8
00001082
00001c9d
0000279c
00002af5
00003df2
00002709
0000264c
00001e2b
00003008
00004620
000050f2
00004ecc
00005952
00005a8a
000063ab
000067ab
000070e8
000078ab
00008670
ffff645a
ffff87ab
000019ec
00008573
0000612c
ffff8ae5
00005ec8
00005ff3
ffffccf3
0000661b
00004abf
00004f37
000063ff
00004c85
00006549
00005a5b
000059cc
0000655a
000056f6
00005b67
00006403
ffffeb36
fffec867
fffeb33b
fffebb18
fffeba8d
fffead47
fffec32c
fffedeed
fffed1c1
fffee464
ffff00f0
fffeff11
fffef61e
ffff024c
ffff113b
ffff15d2
ffff21d7
ffff1bb3
ffff31c1
00008838
ffff8a69
ffff99e7
00002e45
0000a081
00007aa9
ffffa4a4
00007a6a
0000799d
ffffe6e8
00008186
0000632c
00006bfd
00007e21
00006a31
00007f7b
000076ef
00007364
00008155
00007232
0000760e
00007ea1
ffffec9b
fffec939
fffec1b9
fffec2cd
fffebd76
fffeb7bc
fffecf15
fffed0d3
fffed9af
fffee99a
fffef358
ffff02e8
ffff070e
fffefeaa
ffff1171
ffff1855
ffff1d4f
ffff1337
ffff2f23
00005ab7
ffff645a
ffff87ab
000019ec
00008573
0000612c
ffff8ae5
00005ec8
00005ff3
ffffccf3
0000661b
00004abf
00004f37
000063ff
00004c85
00006549
00005a5b
000059cc
0000655a
000056f6
00005b67
00006403
ffffeb36
fffec867
fffeb33b
fffebb18
fffeba8d
fffead47
fffec32c
fffedeed
fffed1c1
fffee464
ffff00f0
fffeff11
fffef61e
ffff024c
ffff113b
ffff15d2
ffff21d7
ffff1bb3
ffff31c1
00008838
ffff8a69
ffff99e7
00002e45
0000a081
00007aa9
ffffa4a4
00007a6a
0000799d
ffffe6e8
00008186
0000632c
00006bfd
00007e21
00006a31
00007f7b
000076ef
00007364
00008155
00007232
0000760e
00007ea1
ffffec9b
fffec939
fffec1b9
fffec2cd
fffebd76
fffeb7bc
fffecf15
fffed0d3
fffed9af
fffee99a
fffef358
ffff02e8
ffff070e
fffefeaa
ffff1171
ffff1855
ffff1d4f
ffff1337
ffff2f23
00005ab7
ffff8668
ffffa850
00004065
0000b2d7
00008bbd
ffffb3d4
00008d61
00008aa3
ffffff8d
00009435
000072bf
00007ffe
00008f71
00007ef2
000090bc
00008aae
0000840b
0000946f
000084b4
00008822
0000902d
ffffdf34
fffec960
fffebfa1
fffebb4a
fffeb02d
fffea4ab
fffebf96
fffedbe4
fffed9a3
fffee012
fffee79a
fffef02f
ffff084c
ffff061d
ffff150c
ffff13f7
ffff1b5b
ffff1c67
ffff37b0
ffff9965
ffff8a69
ffff99e7
00002e45
0000a081
00007aa9
ffffa4a4
00007a6a
0000799d
ffffe6e8
00008186
0000632c
00006bfd
00007e21
00006a31
00007f7b
000076ef
00007364
00008155
00007232
0000760e
00007ea1
ffffec9b
fffec939
fffec1b9
fffec2cd
fffebd76
fffeb7bc
fffecf15
fffed0d3
fffed9af
fffee99a
fffef358
ffff02e8
ffff070e
fffefeaa
ffff1171
ffff1855
ffff1d4f
ffff1337
ffff2f23
00005ab7
ffff8668
ffffa850
00004065
0000b2d7
00008bbd
ffffb3d4
00008d61
00008aa3
ffffff8d
00009435
000072bf
00007ffe
00008f71
00007ef2
000090bc
00008aae
0000840b
0000946f
000084b4
00008822
0000902d
ffffdf34
fffec960
fffebfa1
fffebb4a
fffeb02d
fffea4ab
fffebf96
fffedbe4
fffed9a3
fffee012
fffee79a
fffef02f
ffff084c
ffff061d
ffff150c
ffff13f7
ffff1b5b
ffff1c67
ffff37b0
ffff9965
ffff9c27
ffffb406
0000514b
0000bf3e
0000973f
ffffa7e2
00009a72
000095e9
00001638
0000a100
00007c89
00008e04
00009ae7
00008d94
00009c12
00009876
00008edb
0000a183
0000916c
00009477
00009bbc
ffffcaba
fffeebd3
fffec513
fffec168
fffeab18
fffec3ee
fffecaae
fffed79a
fffed79c
fffed86a
fffefb0a
fffeff4b
ffff0f6f
ffff084d
ffff0607
ffff0ed8
ffff1d43
ffff18bb
ffff3d94
00007797
ffff8668
ffffa850
00004065
0000b2d7
00008bbd
ffffb3d4
00008d61
00008aa3
ffffff8d
00009435
000072bf
00007ffe
00008f71
00007ef2
000090bc
00008aae
0000840b
0000946f
000084b4
00008822
0000902d
ffffdf34
fffec960
fffebfa1
fffebb4a
fffeb02d
fffea4ab
fffebf96
fffedbe4
fffed9a3
fffee012
fffee79a
fffef02f
ffff084c
ffff061d
ffff150c
ffff13f7
ffff1b5b
ffff1c67
ffff37b0
ffff9965
ffff9c27
ffffb406
0000514b
0000bf3e
0000973f
ffffa7e2
00009a72
000095e9
00001638
0000a100
00007c89
00008e04
00009ae7
00008d94
00009c12
00009876
00008edb
0000a183
0000916c
00009477
00009bbc
ffffcaba
fffeebd3
fffec513
fffec168
fffeab18
fffec3ee
fffecaae
fffed79a
fffed79c
fffed86a
fffefb0a
fffeff4b
ffff0f6f
ffff084d
ffff0607
ffff0ed8
ffff1d43
ffff18bb
ffff3d94
00007797
ffff9c48
ffffb51f
00005371
0000c2a3
00009933
ffffaf05
00009e7d
0000980e
00001f11
0000a4bb
00007cc3
000092d7
00009d20
000092d3
00009e10
00009cf2
00009064
0000a541
000094fc
000097a5
00009dfd
ffffa87e
fffedabe
fffebf20
fffeadd7
fffebcce
fffed260
fffed32f
fffec666
fffec89b
fffee190
fffef6c4
fffefcd8
ffff0243
ffff05f5
ffff1355
ffff1c95
ffff1a19
ffff2925
ffff32dd
00007797
ffff9c27
ffffb406
0000514b
0000bf3e
0000973f
ffffa7e2
00009a72
000095e9
00001638
0000a100
00007c89
00008e04
00009ae7
00008d94
00009c12
00009876
00008edb
0000a183
0000916c
00009477
00009bbc
ffffcaba
fffeebd3
fffec513
fffec168
fffeab18
fffec3ee
fffecaae
fffed79a
fffed79c
fffed86a
fffefb0a
fffeff4b
ffff0f6f
ffff084d
ffff0607
ffff0ed8
ffff1d43
ffff18bb
ffff3d94
00007797
ffff9c48
ffffb51f
00005371
0000c2a3
00009933
ffffaf05
00009e7d
0000980e
00001f11
0000a4bb
00007cc3
000092d7
00009d20
000092d3
00009e10
00009cf2
00009064
0000a541
000094fc
000097a5
00009dfd
ffffa87e
fffedabe
fffebf20
fffeadd7
fffebcce
fffed260
fffed32f
fffec666
fffec89b
fffee190
fffef6c4
fffefcd8
ffff0243
ffff05f5
ffff1355
ffff1c95
ffff1a19
ffff2925
ffff32dd
00007797
ffff9dbd
ffffb766
0000565b
0000c2d0
00009825
ffffb019
00009f44
000096ee
000027e7
0000a522
00007987
0000945b
00009bfd
000094b1
00009c9f
00009e1d
00008eb1
0000a57c
00009569
0000978c
00009cda
ffff9652
fffecd71
fffeb3a9
fffec376
fffec46a
fffec715
fffed214
fffed16d
fffed94f
fffeda2a
fffee6d7
fffef91f
fffefaba
ffff071e
ffff24f0
ffff16ca
ffff19ef
ffff1b94
ffff2ecc
00007797
ffff9c48
ffffb51f
00005371
0000c2a3
00009933
ffffaf05
00009e7d
0000980e
00001f11
0000a4bb
00007cc3
000092d7
00009d20
000092d3
00009e10
00009cf2
00009064
0000a541
000094fc
000097a5
00009dfd
ffffa87e
fffedabe
fffebf20
fffeadd7
fffebcce
fffed260
fffed32f
fffec666
fffec89b
fffee190
fffef6c4
fffefcd8
ffff0243
ffff05f5
ffff1355
ffff1c95
ffff1a19
ffff2925
ffff32dd
00007797
ffff9dbd
ffffb766
0000565b
0000c2d0
00009825
ffffb019
00009f44
000096ee
000027e7
0000a522
00007987
0000945b
00009bfd
000094b1
00009c9f
00009e1d
00008eb1
0000a57c
00009569
0000978c
00009cda
ffff9652
fffecd71
fffeb3a9
fffec376
fffec46a
fffec715
fffed214
fffed16d
fffed94f
fffeda2a
fffee6d7
fffef91f
fffefaba
ffff071e
ffff24f0
ffff16ca
ffff19ef
ffff1b94
ffff2ecc
00007797
ffffa0c3
ffffb9c2
000059ce
0000c2ed
00009713
ffffae87
00009ff7
000095bb
00003059
0000a56c
0000760a
000095bd
00009ac4
00009664
00009b12
00009f2f
00008d2b
0000a574
000095f3
00009769
00009ba2
ffff90f3
fffec56f
fffeb392
fffecc53
fffeccc0
fffec87f
fffecdf7
fffed7e8
fffed86f
fffee032
fffee7e1
fffeefef
fffefb08
ffff0fb8
ffff1409
ffff1054
ffff1961
ffff225e
ffff32f3
00007797
ffff9dbd
ffffb766
0000565b
0000c2d0
00009825
ffffb019
00009f44
000096ee
000027e7
0000a522
00007987
0000945b
00009bfd
000094b1
00009c9f
00009e1d
00008eb1
0000a57c
00009569
0000978c
00009cda
ffff9652
fffecd71
fffeb3a9
fffec376
fffec46a
fffec715
fffed214
fffed16d
fffed94f
fffeda2a
fffee6d7
fffef91f
fffefaba
ffff071e
ffff24f0
ffff16ca
ffff19ef
ffff1b94
ffff2ecc
00007797
ffffa0c3
ffffb9c2
000059ce
0000c2ed
00009713
ffffae87
00009ff7
000095bb
00003059
0000a56c
0000760a
000095bd
00009ac4
00009664
00009b12
00009f2f
00008d2b
0000a574
000095f3
00009769
00009ba2
ffff90f3
fffec56f
fffeb392
fffecc53
fffeccc0
fffec87f
fffecdf7
fffed7e8
fffed86f
fffee032
fffee7e1
fffeefef
fffefb08
ffff0fb8
ffff1409
ffff1054
ffff1961
ffff225e
ffff32f3
00007797
ffff981f
ffffba22
00005d21
0000c308
000095fa
ffffaf44
0000a0a4
0000947c
00003809
0000a5a8
00007248
0000970a
00009980
000097f9
00009970
0000a035
00008be9
0000a532
000096a4
00009745
00009a5e
ffff810c
fffed01c
fffeb221
fffecad4
fffec644
fffed02b
fffec84f
fffed545
fffee2b2
fffee002
fffefb6d
fffef460
fffefe28
ffff0bc6
ffff0e14
ffff1082
ffff0d7e
ffff21ca
ffff2f4a
00007797
ffffa0c3
ffffb9c2
000059ce
0000c2ed
00009713
ffffae87
00009ff7
000095bb
00003059
0000a56c
0000760a
000095bd
00009ac4
00009664
00009b12
00009f2f
00008d2b
0000a574
000095f3
00009769
00009ba2
ffff90f3
fffec56f
fffeb392
fffecc53
fffeccc0
fffec87f
fffecdf7
fffed7e8
fffed86f
fffee032
fffee7e1
fffeefef
fffefb08
ffff0fb8
ffff1409
ffff1054
ffff1961
ffff225e
ffff32f3
00007797
ffff981f
ffffba22
00005d21
0000c308
000095fa
ffffaf44
0000a0a4
0000947c
00003809
0000a5a8
00007248
0000970a
00009980
000097f9
00009970
0000a035
00008be9
0000a532
000096a4
00009745
00009a5e
ffff810c
fffed01c
fffeb221
fffecad4
fffec644
fffed02b
fffec84f
fffed545
fffee2b2
fffee002
fffefb6d
fffef460
fffefe28
ffff0bc6
ffff0e14
ffff1082
ffff0d7e
ffff21ca
ffff2f4a
00007797
ffffa4e4
ffffbd25
00006059
0000c320
000094db
ffffb805
0000a14a
00009332
00003f33
0000a5d3
00006e3f
00009845
0000982f
00009974
000097ba
0000a12e
00008af4
0000a4b4
00009774
00009722
0000990f
ffff6579
fffed215
fffeb5bc
fffec884
fffeba25
fffeb6e8
fffed642
fffed393
fffed6eb
fffedeec
fffefb0e
ffff0580
fffefb83
ffff0783
ffff09c7
ffff1751
ffff1a69
ffff18fb
ffff2347
00007797
ffff981f
ffffba22
00005d21
0000c308
000095fa
ffffaf44
0000a0a4
0000947c
00003809
0000a5a8
00007248
0000970a
00009980
000097f9
00009970
0000a035
00008be9
0000a532
000096a4
00009745
00009a5e
ffff810c
fffed01c
fffeb221
fffecad4
fffec644
fffed02b
fffec84f
fffed545
fffee2b2
fffee002
fffefb6d
fffef460
fffefe28
ffff0bc6
ffff0e14
ffff1082
ffff0d7e
ffff21ca
ffff2f4a
00007797
ffffa4e4
ffffbd25
00006059
0000c320
000094db
ffffb805
0000a14a
00009332
00003f33
0000a5d3
00006e3f
00009845
0000982f
00009974
000097ba
0000a12e
00008af4
0000a4b4
00009774
00009722
0000990f
ffff6579
fffed215
fffeb5bc
fffec884
fffeba25
fffeb6e8
fffed642
fffed393
fffed6eb
fffedeec
fffefb0e
ffff0580
fffefb83
ffff0783
ffff09c7
ffff1751
ffff1a69
ffff18fb
ffff2347
00007797
ffff9a5d
ffffbc88
00006378
0000c335
000093b7
ffffc404
0000a1ea
000091dc
000045eb
0000a5eb
000069f3
00009970
000096d2
00009ada
000095ed
0000a21c
00008a4a
0000a402
0000985e
000096fe
000097b2
ffff5161
fffeceab
fffea4aa
fffed062
fffec681
fffeb96c
fffed102
fffed28e
fffed23a
fffedc8f
fffefdab
ffff0165
fffef427
ffff0a18
ffff0e29
ffff186b
ffff23c5
ffff23cb
ffff27ce
00007797
ffffa4e4
ffffbd25
00006059
0000c320
000094db
ffffb805
0000a14a
00009332
00003f33
0000a5d3
00006e3f
00009845
0000982f
00009974
000097ba
0000a12e
00008af4
0000a4b4
00009774
00009722
0000990f
ffff6579
fffed215
fffeb5bc
fffec884
fffeba25
fffeb6e8
fffed642
fffed393
fffed6eb
fffedeec
fffefb0e
ffff0580
fffefb83
ffff0783
ffff09c7
ffff1751
ffff1a69
ffff18fb
ffff2347
00007797
ffff9a5d
ffffbc88
00006378
0000c335
000093b7
ffffc404
0000a1ea
000091dc
000045eb
0000a5eb
000069f3
00009970
000096d2
00009ada
000095ed
0000a21c
00008a4a
0000a402
0000985e
000096fe
000097b2
ffff5161
fffeceab
fffea4aa
fffed062
fffec681
fffeb96c
fffed102
fffed28e
fffed23a
fffedc8f
fffefdab
ffff0165
fffef427
ffff0a18
ffff0e29
ffff186b
ffff23c5
ffff23cb
ffff27ce
00007797
ffff9bbb
ffffbd1e
00006681
0000c349
0000928d
ffffd07f
0000a283
00009078
00004c20
0000a5f0
00006557
00009a8b
00009566
00009c2b
00009409
0000a2fc
000089df
0000a325
00009957
000096db
00009646
ffff52ac
fffec84b
fffebd0d
fffed991
fffec9a0
fffeba30
fffec915
fffed63b
fffedd98
fffef0cd
fffef79a
fffef822
fffef9d9
ffff085d
ffff0f1e
ffff0b4a
ffff1e6c
ffff2208
ffff34ba
00007797
ffff9a5d
ffffbc88
00006378
0000c335
000093b7
ffffc404
0000a1ea
000091dc
000045eb
0000a5eb
000069f3
00009970
000096d2
00009ada
000095ed
0000a21c
00008a4a
0000a402
0000985e
000096fe
000097b2
ffff5161
fffeceab
fffea4aa
fffed062
fffec681
fffeb96c
fffed102
fffed28e
fffed23a
fffedc8f
fffefdab
ffff0165
fffef427
ffff0a18
ffff0e29
ffff186b
ffff23c5
ffff23cb
ffff27ce
00007797
ffff9bbb
ffffbd1e
00006681
0000c349
0000928d
ffffd07f
0000a283
00009078
00004c20
0000a5f0
00006557
00009a8b
00009566
00009c2b
00009409
0000a2fc
000089df
0000a325
00009957
000096db
00009646
ffff52ac
fffec84b
fffebd0d
fffed991
fffec9a0
fffeba30
fffec915
fffed63b
fffedd98
fffef0cd
fffef79a
fffef822
fffef9d9
ffff085d
ffff0f1e
ffff0b4a
ffff1e6c
ffff2208
ffff34ba
00007797
ffffa4e9
ffffbf3a
00006970
0000c359
0000915c
ffffdcd9
0000a316
00008f06
000051ce
0000a5e3
0000605e
00009b98
000093ea
00009d68
0000920d
0000a3cb
000089a9
0000a226
00009a55
000096b7
000094cb
ffff4f2e
fffec20e
fffeb7ea
fffec56b
fffec4e7
fffec337
fffecb51
fffedac6
fffed796
fffed5c1
fffeebe9
fffefbf6
ffff00ca
ffff04dd
ffff1965
ffff0907
ffff2006
ffff1a99
ffff2f9e
00007797
ffff9bbb
ffffbd1e
00006681
0000c349
0000928d
ffffd07f
0000a283
00009078
00004c20
0000a5f0
00006557
00009a8b
00009566
00009c2b
00009409
0000a2fc
000089df
0000a325
00009957
000096db
00009646
ffff52ac
fffec84b
fffebd0d
fffed991
fffec9a0
fffeba30
fffec915
fffed63b
fffedd98
fffef0cd
fffef79a
fffef822
fffef9d9
ffff085d
ffff0f1e
ffff0b4a
ffff1e6c
ffff2208
ffff34ba
00007797
ffffa4e9
ffffbf3a
00006970
0000c359
0000915c
ffffdcd9
0000a316
00008f06
000051ce
0000a5e3
0000605e
00009b98
000093ea
00009d68
0000920d
0000a3cb
000089a9
0000a226
00009a55
000096b7
000094cb
ffff4f2e
fffec20e
fffeb7ea
fffec56b
fffec4e7
fffec337
fffecb51
fffedac6
fffed796
fffed5c1
fffeebe9
fffefbf6
ffff00ca
ffff04dd
ffff1965
ffff0907
ffff2006
ffff1a99
ffff2f9e
00007797
ffff9573
ffffbde5
00006c3f
0000c368
00009022
ffffe8cd
0000a3a2
00008d86
00005708
0000a5c4
00005afc
00009c98
0000925d
00009e94
00008fff
0000a483
0000899f
0000a10d
00009b50
00009693
0000933e
ffff416b
fffecf42
fffec700
fffeb753
fffec183
fffec6de
fffec873
fffedf32
fffedcf2
fffecabd
fffee83c
ffff00c5
fffefb9e
ffff03f3
ffff0ae7
ffff0c0d
ffff152f
ffff22bb
ffff2da2
00007797
ffffa4e9
ffffbf3a
00006970
0000c359
0000915c
ffffdcd9
0000a316
00008f06
000051ce
0000a5e3
0000605e
00009b98
000093ea
00009d68
0000920d
0000a3cb
000089a9
0000a226
00009a55
000096b7
000094cb
ffff4f2e
fffec20e
fffeb7ea
fffec56b
fffec4e7
fffec337
fffecb51
fffedac6
fffed796
fffed5c1
fffeebe9
fffefbf6
ffff00ca
ffff04dd
ffff1965
ffff0907
ffff2006
ffff1a99
ffff2f9e
00007797
ffff9573
ffffbde5
00006c3f
0000c368
00009022
ffffe8cd
0000a3a2
00008d86
00005708
0000a5c4
00005afc
00009c98
0000925d
00009e94
00008fff
0000a483
0000899f
0000a10d
00009b50
00009693
0000933e
ffff416b
fffecf42
fffec700
fffeb753
fffec183
fffec6de
fffec873
fffedf32
fffedcf2
fffecabd
fffee83c
ffff00c5
fffefb9e
ffff03f3
ffff0ae7
ffff0c0d
ffff152f
ffff22bb
ffff2da2
00007797
ffff98a1
ffffbe2d
00006efa
0000c374
00008ee1
fffff3c0
0000a428
00008bf5
00005be3
0000a591
00005532
00009d8c
000090bc
00009fb1
00008de6
0000a520
000089c2
00009fe2
00009c45
0000966f
0000919e
ffff2d88
fffec2db
fffec52f
fffec17c
fffec442
fffeb30b
fffec5fc
fffed79d
fffebbcc
fffecc87
fffef251
fffeffb3
fffef834
fffefe36
ffff03bd
ffff0f13
ffff1907
ffff2165
ffff30e8
00007797
ffff9573
ffffbde5
00006c3f
0000c368
00009022
ffffe8cd
0000a3a2
00008d86
00005708
0000a5c4
00005afc
00009c98
0000925d
00009e94
00008fff
0000a483
0000899f
0000a10d
00009b50
00009693
0000933e
ffff416b
fffecf42
fffec700
fffeb753
fffec183
fffec6de
fffec873
fffedf32
fffedcf2
fffecabd
fffee83c
ffff00c5
fffefb9e
ffff03f3
ffff0ae7
ffff0c0d
ffff152f
ffff22bb
ffff2da2
00007797
ffff98a1
ffffbe2d
00006efa
0000c374
00008ee1
fffff3c0
0000a428
00008bf5
00005be3
0000a591
00005532
00009d8c
000090bc
00009fb1
00008de6
0000a520
000089c2
00009fe2
00009c45
0000966f
0000919e
ffff2d88
fffec2db
fffec52f
fffec17c
fffec442
fffeb30b
fffec5fc
fffed79d
fffebbcc
fffecc87
fffef251
fffeffb3
fffef834
fffefe36
ffff03bd
ffff0f13
ffff1907
ffff2165
ffff30e8
00007797
ffffa214
ffffbf8a
000071a9
0000c37c
00008d9b
fffffd9e
0000a4a8
00008a54
0000606a
0000a54b
00004f01
00009e75
00008f05
0000a0c0
00008bcc
0000a59a
00008a16
00009eab
00009d31
0000964c
00008fe9
ffff2756
fffeb165
fffea8d7
fffebbed
fffecf6e
fffec5fb
fffeb0f7
fffebf61
fffec7c4
fffee35c
fffee907
fffef5c2
ffff0931
ffff012c
ffff085e
ffff1bed
ffff13dc
ffff1e53
ffff328d
00007797
ffff98a1
ffffbe2d
00006efa
0000c374
00008ee1
fffff3c0
0000a428
00008bf5
00005be3
0000a591
00005532
00009d8c
000090bc
00009fb1
00008de6
0000a520
000089c2
00009fe2
00009c45
0000966f
0000919e
ffff2d88
fffec2db
fffec52f
fffec17c
fffec442
fffeb30b
fffec5fc
fffed79d
fffebbcc
fffecc87
fffef251
fffeffb3
fffef834
fffefe36
ffff03bd
ffff0f13
ffff1907
ffff2165
ffff30e8
00007797
ffffa214
ffffbf8a
000071a9
0000c37c
00008d9b
fffffd9e
0000a4a8
00008a54
0000606a
0000a54b
00004f01
00009e75
00008f05
0000a0c0
00008bcc
0000a59a
00008a16
00009eab
00009d31
0000964c
00008fe9
ffff2756
fffeb165
fffea8d7
fffebbed
fffecf6e
fffec5fb
fffeb0f7
fffebf61
fffec7c4
fffee35c
fffee907
fffef5c2
ffff0931
ffff012c
ffff085e
ffff1bed
ffff13dc
ffff1e53
ffff328d
00007797
ffff9c78
ffffbefa
00007444
0000c382
00008c4e
000006be
0000a522
000088a0
0000649e
0000a4f2
0000485f
00009f55
00008d38
0000a1c3
000089c2
0000a5ea
00008aa2
00009d69
00009e10
00009629
00008e1b
ffff2993
fffecaa3
fffeb63f
fffec8c9
fffecc5d
fffecce8
fffebeb1
fffec93b
fffee363
fffeef7c
fffee26e
fffef946
ffff06ac
ffff0985
ffff1256
ffff06e1
ffff116e
ffff1db7
ffff2a52
00007797
ffffa214
ffffbf8a
000071a9
0000c37c
00008d9b
fffffd9e
0000a4a8
00008a54
0000606a
0000a54b
00004f01
00009e75
00008f05
0000a0c0
00008bcc
0000a59a
00008a16
00009eab
00009d31
0000964c
00008fe9
ffff2756
fffeb165
fffea8d7
fffebbed
fffecf6e
fffec5fb
fffeb0f7
fffebf61
fffec7c4
fffee35c
fffee907
fffef5c2
ffff0931
ffff012c
ffff085e
ffff1bed
ffff13dc
ffff1e53
ffff328d
00007797
ffff9c78
ffffbefa
00007444
0000c382
00008c4e
000006be
0000a522
000088a0
0000649e
0000a4f2
0000485f
00009f55
00008d38
0000a1c3
000089c2
0000a5ea
00008aa2
00009d69
00009e10
00009629
00008e1b
ffff2993
fffecaa3
fffeb63f
fffec8c9
fffecc5d
fffecce8
fffebeb1
fffec93b
fffee363
fffeef7c
fffee26e
fffef946
ffff06ac
ffff0985
ffff1256
ffff06e1
ffff116e
ffff1db7
ffff2a52
00007797
ffff915f
ffffbdf2
000076cf
0000c385
00008afb
00000f3f
0000a594
000086da
00006882
0000a487
0000413a
0000a02b
00008b4f
0000a2b9
000087d8
0000a60b
00008b6b
00009c20
00009ee0
0000960b
00008c31
ffff2396
fffec29b
fffeb491
fffed789
fffec08e
fffebdbb
fffece6f
fffecaec
fffee70e
fffee93c
fffef60a
fffefd95
ffff0893
ffff135e
ffff0991
ffff0516
ffff1512
ffff1f75
ffff2e2d
00007797
ffff9c78
ffffbefa
00007444
0000c382
00008c4e
000006be
0000a522
000088a0
0000649e
0000a4f2
0000485f
00009f55
00008d38
0000a1c3
000089c2
0000a5ea
00008aa2
00009d69
00009e10
00009629
00008e1b
ffff2993
fffecaa3
fffeb63f
fffec8c9
fffecc5d
fffecce8
fffebeb1
fffec93b
fffee363
fffeef7c
fffee26e
fffef946
ffff06ac
ffff0985
ffff1256
ffff06e1
ffff116e
ffff1db7
ffff2a52
00007797
ffff915f
ffffbdf2
000076cf
0000c385
00008afb
00000f3f
0000a594
000086da
00006882
0000a487
0000413a
0000a02b
00008b4f
0000a2b9
000087d8
0000a60b
00008b6b
00009c20
00009ee0
0000960b
00008c31
ffff2396
fffec29b
fffeb491
fffed789
fffec08e
fffebdbb
fffece6f
fffecaec
fffee70e
fffee93c
fffef60a
fffefd95
ffff0893
ffff135e
ffff0991
ffff0516
ffff1512
ffff1f75
ffff2e2d
00007797
ffff9e79
ffffbf16
00007947
0000c386
0000899f
0000173e
0000a5ff
000084ff
00006c1b
0000a40b
00003979
0000a0f9
0000894b
0000a3a2
0000861e
0000a5fa
00008c71
00009ad9
00009f93
000095fb
00008a2b
ffff152a
fffebe31
fffe9f28
fffec7db
fffeb90f
fffebe72
fffed7cb
fffec5b5
fffedf61
fffee480
fffeede6
fffef296
fffef329
ffff058e
ffff0cb4
ffff13a0
ffff180b
ffff1bdf
ffff2ed3
00006cda
ffff915f
ffffbdf2
000076cf
0000c385
00008afb
00000f3f
0000a594
000086da
00006882
0000a487
0000413a
0000a02b
00008b4f
0000a2b9
000087d8
0000a60b
00008b6b
00009c20
00009ee0
0000960b
00008c31
ffff2396
fffec29b
fffeb491
fffed789
fffec08e
fffebdbb
fffece6f
fffecaec
fffee70e
fffee93c
fffef60a
fffefd95
ffff0893
ffff135e
ffff0991
ffff0516
ffff1512
ffff1f75
ffff2e2d
00007797
ffff9e79
ffffbf16
00007947
0000c386
0000899f
0000173e
0000a5ff
000084ff
00006c1b
0000a40b
00003979
0000a0f9
0000894b
0000a3a2
0000861e
0000a5fa
00008c71
00009ad9
00009f93
000095fb
00008a2b
ffff152a
fffebe31
fffe9f28
fffec7db
fffeb90f
fffebe72
fffed7cb
fffec5b5
fffedf61
fffee480
fffeede6
fffef296
fffef329
ffff058e
ffff0cb4
ffff13a0
ffff180b
ffff1bdf
ffff2ed3
00006cda
ffffa13d
ffffbf1c
00007ba7
0000c383
0000883a
00001ec1
0000a663
0000830f
00006f6d
0000a37e
000030fe
0000a1bf
0000872a
0000a47c
000084a3
0000a5b9
00008dac
0000999b
0000a01e
00009602
00008801
ffff0f01
fffecd57
fffeb409
fffebf54
fffeccad
fffec833
fffebc76
fffec52b
fffed3f1
fffee3e4
fffeff29
fffef85a
fffefc21
ffff098e
ffff0df9
ffff0dd6
ffff17de
ffff2731
ffff35a3
0000699b
ffff9e79
ffffbf16
00007947
0000c386
0000899f
0000173e
0000a5ff
000084ff
00006c1b
0000a40b
00003979
0000a0f9
0000894b
0000a3a2
0000861e
0000a5fa
00008c71
00009ad9
00009f93
000095fb
00008a2b
ffff152a
fffebe31
fffe9f28
fffec7db
fffeb90f
fffebe72
fffed7cb
fffec5b5
fffedf61
fffee480
fffeede6
fffef296
fffef329
ffff058e
ffff0cb4
ffff13a0
ffff180b
ffff1bdf
ffff2ed3
00006cda
ffffa13d
ffffbf1c
00007ba7
0000c383
0000883a
00001ec1
0000a663
0000830f
00006f6d
0000a37e
000030fe
0000a1bf
0000872a
0000a47c
000084a3
0000a5b9
00008dac
0000999b
0000a01e
00009602
00008801
ffff0f01
fffecd57
fffeb409
fffebf54
fffeccad
fffec833
fffebc76
fffec52b
fffed3f1
fffee3e4
fffeff29
fffef85a
fffefc21
ffff098e
ffff0df9
ffff0dd6
ffff17de
ffff2731
ffff35a3
0000699b
ffff97cf
ffffbcb5
00007def
0000c37e
000086ca
000025c4
0000a6bf
00008108
00007282
0000a2e2
000027d1
0000a27c
000084ed
0000a545
00008375
0000a548
00008f10
00009876
0000a074
00009629
000085af
ffff0f71
fffec822
fffec0f3
fffeb188
fffebe97
fffecb98
fffec8e7
fffec81e
fffed900
fffee17c
fffef006
fffefdbf
fffefecb
ffff0c17
ffff0d8d
ffff1332
ffff1bc2
ffff2d44
ffff2d21
00006d02
ffffa13d
ffffbf1c
00007ba7
0000c383
0000883a
00001ec1
0000a663
0000830f
00006f6d
0000a37e
000030fe
0000a1bf
0000872a
0000a47c
000084a3
0000a5b9
00008dac
0000999b
0000a01e
00009602
00008801
ffff0f01
fffecd57
fffeb409
fffebf54
fffeccad
fffec833
fffebc76
fffec52b
fffed3f1
fffee3e4
fffeff29
fffef85a
fffefc21
ffff098e
ffff0df9
ffff0dd6
ffff17de
ffff2731
ffff35a3
0000699b
ffff97cf
ffffbcb5
00007def
0000c37e
000086ca
000025c4
0000a6bf
00008108
00007282
0000a2e2
000027d1
0000a27c
000084ed
0000a545
00008375
0000a548
00008f10
00009876
0000a074
00009629
000085af
ffff0f71
fffec822
fffec0f3
fffeb188
fffebe97
fffecb98
fffec8e7
fffec81e
fffed900
fffee17c
fffef006
fffefdbf
fffefecb
ffff0c17
ffff0d8d
ffff1332
ffff1bc2
ffff2d44
ffff2d21
00006d02
ffff99ae
ffffbb37
00008028
0000c376
00008553
00002c54
0000a713
00007ee9
0000755d
0000a238
00001e40
0000a331
0000829a
0000a5f8
0000829b
0000a4ae
00009090
00009779
0000a087
0000967c
0000832d
ffff09ad
fffec3c9
fffec4b3
fffece13
fffeb611
fffec763
fffecf82
fffed390
fffedf5e
fffeed4b
fffef2e0
fffeecb0
fffef6b7
ffff045e
ffff0a89
ffff12d9
ffff1e2d
ffff2410
ffff270f
00006d02
ffff97cf
ffffbcb5
00007def
0000c37e
000086ca
000025c4
0000a6bf
00008108
00007282
0000a2e2
000027d1
0000a27c
000084ed
0000a545
00008375
0000a548
00008f10
00009876
0000a074
00009629
000085af
ffff0f71
fffec822
fffec0f3
fffeb188
fffebe97
fffecb98
fffec8e7
fffec81e
fffed900
fffee17c
fffef006
fffefdbf
fffefecb
ffff0c17
ffff0d8d
ffff1332
ffff1bc2
ffff2d44
ffff2d21
00006d02
ffff99ae
ffffbb37
00008028
0000c376
00008553
00002c54
0000a713
00007ee9
0000755d
0000a238
00001e40
0000a331
0000829a
0000a5f8
0000829b
0000a4ae
00009090
00009779
0000a087
0000967c
0000832d
ffff09ad
fffec3c9
fffec4b3
fffece13
fffeb611
fffec763
fffecf82
fffed390
fffedf5e
fffeed4b
fffef2e0
fffeecb0
fffef6b7
ffff045e
ffff0a89
ffff12d9
ffff1e2d
ffff2410
ffff270f
00006d02
ffff99bc
ffffba28
00008257
0000c36b
000083d5
0000327d
0000a760
00007cb1
00007803
0000a180
0000151b
0000a3dc
00008038
0000a692
00008218
0000a3f0
0000921e
000096ac
0000a055
000096fc
00008073
fffeff56
fffeb1b7
fffec581
fffebed1
fffeb510
fffec096
fffec227
fffec78d
fffedb16
fffee69b
fffef046
ffff0097
ffff0046
fffefc9a
ffff035e
ffff145f
ffff1d65
ffff1f4a
ffff30a0
00006d02
ffff99ae
ffffbb37
00008028
0000c376
00008553
00002c54
0000a713
00007ee9
0000755d
0000a238
00001e40
0000a331
0000829a
0000a5f8
0000829b
0000a4ae
00009090
00009779
0000a087
0000967c
0000832d
ffff09ad
fffec3c9
fffec4b3
fffece13
fffeb611
fffec763
fffecf82
fffed390
fffedf5e
fffeed4b
fffef2e0
fffeecb0
fffef6b7
ffff045e
ffff0a89
ffff12d9
ffff1e2d
ffff2410
ffff270f
00006d02
ffff99bc
ffffba28
00008257
0000c36b
000083d5
0000327d
0000a760
00007cb1
00007803
0000a180
0000151b
0000a3dc
00008038
0000a692
00008218
0000a3f0
0000921e
000096ac
0000a055
000096fc
00008073
fffeff56
fffeb1b7
fffec581
fffebed1
fffeb510
fffec096
fffec227
fffec78d
fffedb16
fffee69b
fffef046
ffff0097
ffff0046
fffefc9a
ffff035e
ffff145f
ffff1d65
ffff1f4a
ffff30a0
00006d02
ffff9467
ffffb8f1
00008477
0000c35d
0000824e
00003846
0000a7a4
00007a5f
00007a77
0000a0bc
00000e72
0000a47e
00007dd8
0000a70f
000081ec
0000a315
000093aa
00009613
00009fdd
000097a6
00007d75
fffef386
fffeb29c
fffec004
fffebb09
fffeb7f9
fffebd19
fffecb25
fffec4d6
fffed1b5
fffee362
fffef2af
fffef36b
fffef3e8
fffefe04
ffff0be5
ffff1d77
ffff2300
ffff17c4
ffff29b7
00006d02
ffff99bc
ffffba28
00008257
0000c36b
000083d5
0000327d
0000a760
00007cb1
00007803
0000a180
0000151b
0000a3dc
00008038
0000a692
00008218
0000a3f0
0000921e
000096ac
0000a055
000096fc
00008073
fffeff56
fffeb1b7
fffec581
fffebed1
fffeb510
fffec096
fffec227
fffec78d
fffedb16
fffee69b
fffef046
ffff0097
ffff0046
fffefc9a
ffff035e
ffff145f
ffff1d65
ffff1f4a
ffff30a0
00006d02
ffff9467
ffffb8f1
00008477
0000c35d
0000824e
00003846
0000a7a4
00007a5f
00007a77
0000a0bc
00000e72
0000a47e
00007dd8
0000a70f
000081ec
0000a315
000093aa
00009613
00009fdd
000097a6
00007d75
fffef386
fffeb29c
fffec004
fffebb09
fffeb7f9
fffebd19
fffecb25
fffec4d6
fffed1b5
fffee362
fffef2af
fffef36b
fffef3e8
fffefe04
ffff0be5
ffff1d77
ffff2300
ffff17c4
ffff29b7
00006d02
ffff8e60
ffffb7c0
00008689
0000c34b
000080bf
00003dbd
0000a7df
000077f0
00007cbe
00009fec
00000d62
0000a514
00007b8d
0000a76b
00008214
0000a225
0000952c
000095a7
00009f28
0000986f
00007a25
fffef098
fffeb9c5
fffec100
fffec83c
fffec848
fffec175
fffec3bc
fffecee7
fffee226
fffeea18
fffefa2b
fffefad5
ffff0188
ffff065a
ffff0df8
ffff1e8e
ffff24ad
ffff10a5
ffff2eed
00006d02
ffff9467
ffffb8f1
00008477
0000c35d
0000824e
00003846
0000a7a4
00007a5f
00007a77
0000a0bc
00000e72
0000a47e
00007dd8
0000a70f
000081ec
0000a315
000093aa
00009613
00009fdd
000097a6
00007d75
fffef386
fffeb29c
fffec004
fffebb09
fffeb7f9
fffebd19
fffecb25
fffec4d6
fffed1b5
fffee362
fffef2af
fffef36b
fffef3e8
fffefe04
ffff0be5
ffff1d77
ffff2300
ffff17c4
ffff29b7
00006d02
ffff8e60
ffffb7c0
00008689
0000c34b
000080bf
00003dbd
0000a7df
000077f0
00007cbe
00009fec
00000d62
0000a514
00007b8d
0000a76b
00008214
0000a225
0000952c
000095a7
00009f28
0000986f
00007a25
fffef098
fffeb9c5
fffec100
fffec83c
fffec848
fffec175
fffec3bc
fffecee7
fffee226
fffeea18
fffefa2b
fffefad5
ffff0188
ffff065a
ffff0df8
ffff1e8e
ffff24ad
ffff10a5
ffff2eed
00006d02
ffff8f2f
ffffb6f7
0000888d
0000c336
00007f26
000042e6
0000a811
00007564
00007edb
00009f13
0000131c
0000a59c
00007971
0000a7a2
0000828d
0000a126
0000969f
0000955d
00009e41
00009949
0000766c
fffef064
fffeb85c
fffeb51a
fffeabdd
fffec4f1
fffec520
fffecd91
fffed524
fffeea99
fffeeefb
fffef3f9
fffef570
ffff03a0
ffff09e1
ffff1163
ffff12f0
ffff196e
ffff17e0
ffff2b60
00006d02
ffff8e60
ffffb7c0
00008689
0000c34b
000080bf
00003dbd
0000a7df
000077f0
00007cbe
00009fec
00000d62
0000a514
00007b8d
0000a76b
00008214
0000a225
0000952c
000095a7
00009f28
0000986f
00007a25
fffef098
fffeb9c5
fffec100
fffec83c
fffec848
fffec175
fffec3bc
fffecee7
fffee226
fffeea18
fffefa2b
fffefad5
ffff0188
ffff065a
ffff0df8
ffff1e8e
ffff24ad
ffff10a5
ffff2eed
00006d02
ffff8f2f
ffffb6f7
0000888d
0000c336
00007f26
000042e6
0000a811
00007564
00007edb
00009f13
0000131c
0000a59c
00007971
0000a7a2
0000828d
0000a126
0000969f
0000955d
00009e41
00009949
0000766c
fffef064
fffeb85c
fffeb51a
fffeabdd
fffec4f1
fffec520
fffecd91
fffed524
fffeea99
fffeeefb
fffef3f9
fffef570
ffff03a0
ffff09e1
ffff1163
ffff12f0
ffff196e
ffff17e0
ffff2b60
00006d02
ffff9710
ffffb6cf
00008a81
0000c31e
00007d84
000047c9
0000a83b
000072b9
000080d3
00009e30
00001d23
0000a613
000077a3
0000a7b1
00008352
0000a01b
000097fe
00009529
00009d36
00009a2c
0000722f
fffeed3a
fffeba95
fffebe2c
fffeae71
fffec21e
fffec061
fffec136
fffecb42
fffee0ec
fffee8fc
fffefc0f
fffefbf5
ffff060d
fffefb25
ffff0fe8
ffff156e
ffff1b06
ffff1894
ffff27f3
00006d02
ffff8f2f
ffffb6f7
0000888d
0000c336
00007f26
000042e6
0000a811
00007564
00007edb
00009f13
0000131c
0000a59c
00007971
0000a7a2
0000828d
0000a126
0000969f
0000955d
00009e41
00009949
0000766c
fffef064
fffeb85c
fffeb51a
fffeabdd
fffec4f1
fffec520
fffecd91
fffed524
fffeea99
fffeeefb
fffef3f9
fffef570
ffff03a0
ffff09e1
ffff1163
ffff12f0
ffff196e
ffff17e0
ffff2b60
00006d02
ffff9710
ffffb6cf
00008a81
0000c31e
00007d84
000047c9
0000a83b
000072b9
000080d3
00009e30
00001d23
0000a613
000077a3
0000a7b1
00008352
0000a01b
000097fe
00009529
00009d36
00009a2c
0000722f
fffeed3a
fffeba95
fffebe2c
fffeae71
fffec21e
fffec061
fffec136
fffecb42
fffee0ec
fffee8fc
fffefc0f
fffefbf5
ffff060d
fffefb25
ffff0fe8
ffff156e
ffff1b06
ffff1894
ffff27f3
00006d02
ffff9fe5
ffffb73a
00008c68
0000c303
00007bd9
00004c69
0000a85a
00006fed
000082a7
00009d45
00002875
0000a678
00007641
0000a797
0000845a
00009f06
0000994c
00009500
00009c15
00009b0c
00006d3b
fffee583
fffec489
fffebfd3
fffec616
fffeb769
fffeab84
fffec132
fffecd25
fffedf07
fffef0ff
fffef8a7
fffefcac
ffff02e9
ffff0472
ffff0d75
ffff152f
ffff0fda
ffff1c1f
ffff28e8
00006d02
ffff9710
ffffb6cf
00008a81
0000c31e
00007d84
000047c9
0000a83b
000072b9
000080d3
00009e30
00001d23
0000a613
000077a3
0000a7b1
00008352
0000a01b
000097fe
00009529
00009d36
00009a2c
0000722f
fffeed3a
fffeba95
fffebe2c
fffeae71
fffec21e
fffec061
fffec136
fffecb42
fffee0ec
fffee8fc
fffefc0f
fffefbf5
ffff060d
fffefb25
ffff0fe8
ffff156e
ffff1b06
ffff1894
ffff27f3
00006d02
ffff9fe5
ffffb73a
00008c68
0000c303
00007bd9
00004c69
0000a85a
00006fed
000082a7
00009d45
00002875
0000a678
00007641
0000a797
0000845a
00009f06
0000994c
00009500
00009c15
00009b0c
00006d3b
fffee583
fffec489
fffebfd3
fffec616
fffeb769
fffeab84
fffec132
fffecd25
fffedf07
fffef0ff
fffef8a7
fffefcac
ffff02e9
ffff0472
ffff0d75
ffff152f
ffff0fda
ffff1c1f
ffff28e8
00006d02
ffffa6ac
ffffb811
00008e42
0000c2e4
00007a23
000050cb
0000a871
00006d00
0000845c
00009c52
0000337c
0000a6c6
00007561
0000a755
0000859b
00009de9
00009a87
000094dc
00009ae7
00009be1
00006757
fffee411
fffec41e
fffeadf1
fffeb0d6
fffec272
fffec001
fffeb9e3
fffecdd7
fffecf0c
fffee791
fffeebf3
fffef967
ffff01ec
ffff0223
ffff0a72
ffff0f5a
ffff1349
ffff22ad
ffff2c10
00006d02
ffff9fe5
ffffb73a
00008c68
0000c303
00007bd9
00004c69
0000a85a
00006fed
000082a7
00009d45
00002875
0000a678
00007641
0000a797
0000845a
00009f06
0000994c
00009500
00009c15
00009b0c
00006d3b
fffee583
fffec489
fffebfd3
fffec616
fffeb769
fffeab84
fffec132
fffecd25
fffedf07
fffef0ff
fffef8a7
fffefcac
ffff02e9
ffff0472
ffff0d75
ffff152f
ffff0fda
ffff1c1f
ffff28e8
00006d02
ffffa6ac
ffffb811
00008e42
0000c2e4
00007a23
000050cb
0000a871
00006d00
0000845c
00009c52
0000337c
0000a6c6
00007561
0000a755
0000859b
00009de9
00009a87
000094dc
00009ae7
00009be1
00006757
fffee411
fffec41e
fffeadf1
fffeb0d6
fffec272
fffec001
fffeb9e3
fffecdd7
fffecf0c
fffee791
fffeebf3
fffef967
ffff01ec
ffff0223
ffff0a72
ffff0f5a
ffff1349
ffff22ad
ffff2c10
00006d02
ffffab58
ffffb928
0000900f
0000c2c3
00007863
000054f2
0000a87e
000069ee
000085f4
00009b57
00003dad
0000a6fb
00007514
0000a6ed
00008707
00009cc4
00009bb1
000094b8
000099b7
00009c9e
0000602f
fffee51a
fffec1fe
fffeb6a1
fffeb1b5
fffec992
fffec4b4
fffecb9e
fffed7ab
fffed891
fffeed9f
fffefe9a
fffef12f
ffff07f7
ffff0cf8
ffff0e12
ffff11c6
ffff13bb
ffff18c1
ffff2e64
00006d02
ffffa6ac
ffffb811
00008e42
0000c2e4
00007a23
000050cb
0000a871
00006d00
0000845c
00009c52
0000337c
0000a6c6
00007561
0000a755
0000859b
00009de9
00009a87
000094dc
00009ae7
00009be1
00006757
fffee411
fffec41e
fffeadf1
fffeb0d6
fffec272
fffec001
fffeb9e3
fffecdd7
fffecf0c
fffee791
fffeebf3
fffef967
ffff01ec
ffff0223
ffff0a72
ffff0f5a
ffff1349
ffff22ad
ffff2c10
00006d02
ffffab58
ffffb928
0000900f
0000c2c3
00007863
000054f2
0000a87e
000069ee
000085f4
00009b57
00003dad
0000a6fb
00007514
0000a6ed
00008707
00009cc4
00009bb1
000094b8
000099b7
00009c9e
0000602f
fffee51a
fffec1fe
fffeb6a1
fffeb1b5
fffec992
fffec4b4
fffecb9e
fffed7ab
fffed891
fffeed9f
fffefe9a
fffef12f
ffff07f7
ffff0cf8
ffff0e12
ffff11c6
ffff13bb
ffff18c1
ffff2e64
00006d02
ffffae50
ffffba77
000091cf
0000c29e
00007699
000058e2
0000a880
000066b6
00008773
00009a55
000046ee
0000a715
00007559
0000a662
00008892
00009b95
00009ccb
00009494
00009893
00009d35
00005765
fffee543
fffec45b
fffeab3d
fffeb27c
fffebdb4
fffec76c
fffececb
fffed743
fffed144
fffedab4
fffef363
fffef9ea
fffefb76
ffff0fe3
ffff18dd
ffff1683
ffff0d0f
ffff2b3f
ffff31bf
00006d02
ffffab58
ffffb928
0000900f
0000c2c3
00007863
000054f2
0000a87e
000069ee
000085f4
00009b57
00003dad
0000a6fb
00007514
0000a6ed
00008707
00009cc4
00009bb1
000094b8
000099b7
00009c9e
0000602f
fffee51a
fffec1fe
fffeb6a1
fffeb1b5
fffec992
fffec4b4
fffecb9e
fffed7ab
fffed891
fffeed9f
fffefe9a
fffef12f
ffff07f7
ffff0cf8
ffff0e12
ffff11c6
ffff13bb
ffff18c1
ffff2e64
00006d02
ffffae50
ffffba77
000091cf
0000c29e
00007699
000058e2
0000a880
000066b6
00008773
00009a55
000046ee
0000a715
00007559
0000a662
00008892
00009b95
00009ccb
00009494
00009893
00009d35
00005765
fffee543
fffec45b
fffeab3d
fffeb27c
fffebdb4
fffec76c
fffececb
fffed743
fffed144
fffedab4
fffef363
fffef9ea
fffefb76
ffff0fe3
ffff18dd
ffff1683
ffff0d0f
ffff2b3f
ffff31bf
00006d02
ffffb041
ffffbc0d
00009382
0000c276
000074c3
00005c9e
0000a879
00006355
000088da
0000994b
00004f49
0000a713
00007623
0000a5b7
00008a2e
00009a5d
00009dd6
0000946f
00009789
00009d91
00004c83
fffee179
fffeb7e8
fffeb8c1
fffeadb8
fffed08b
fffed11a
fffec8b8
fffec36d
fffeda95
fffee739
fffefb99
ffff01ee
ffff0343
ffff0dcb
ffff0614
ffff0a95
ffff0eba
ffff2506
ffff3237
00006d02
ffffae50
ffffba77
000091cf
0000c29e
00007699
000058e2
0000a880
000066b6
00008773
00009a55
000046ee
0000a715
00007559
0000a662
00008892
00009b95
00009ccb
00009494
00009893
00009d35
00005765
fffee543
fffec45b
fffeab3d
fffeb27c
fffebdb4
fffec76c
fffececb
fffed743
fffed144
fffedab4
fffef363
fffef9ea
fffefb76
ffff0fe3
ffff18dd
ffff1683
ffff0d0f
ffff2b3f
ffff31bf
00006d02
ffffb041
ffffbc0d
00009382
0000c276
000074c3
00005c9e
0000a879
00006355
000088da
0000994b
00004f49
0000a713
00007623
0000a5b7
00008a2e
00009a5d
00009dd6
0000946f
00009789
00009d91
00004c83
fffee179
fffeb7e8
fffeb8c1
fffeadb8
fffed08b
fffed11a
fffec8b8
fffec36d
fffeda95
fffee739
fffefb99
ffff01ee
ffff0343
ffff0dcb
ffff0614
ffff0a95
ffff0eba
ffff2506
ffff3237
00006d02
ffffb197
ffffbdf2
0000952a
0000c24a
000072e2
0000602a
0000a869
00005fcb
00008a2b
00009839
000056d1
0000a6f2
0000775c
0000a4f1
00008bcd
00009919
00009ed6
0000944a
000096ac
00009da1
00003f05
fffeda08
fffebe8b
fffebe66
fffec3cf
fffec860
fffec58b
fffecac0
fffec81f
fffed9f2
fffeeda0
fffef951
fffefc6b
ffff0b45
ffff0cc8
ffff0cd9
ffff120c
ffff13b9
ffff192b
ffff34ab
00006d02
ffffb041
ffffbc0d
00009382
0000c276
000074c3
00005c9e
0000a879
00006355
000088da
0000994b
00004f49
0000a713
00007623
0000a5b7
00008a2e
00009a5d
00009dd6
0000946f
00009789
00009d91
00004c83
fffee179
fffeb7e8
fffeb8c1
fffeadb8
fffed08b
fffed11a
fffec8b8
fffec36d
fffeda95
fffee739
fffefb99
ffff01ee
ffff0343
ffff0dcb
ffff0614
ffff0a95
ffff0eba
ffff2506
ffff3237
00006d02
ffffb197
ffffbdf2
0000952a
0000c24a
000072e2
0000602a
0000a869
00005fcb
00008a2b
00009839
000056d1
0000a6f2
0000775c
0000a4f1
00008bcd
00009919
00009ed6
0000944a
000096ac
00009da1
00003f05
fffeda08
fffebe8b
fffebe66
fffec3cf
fffec860
fffec58b
fffecac0
fffec81f
fffed9f2
fffeeda0
fffef951
fffefc6b
ffff0b45
ffff0cc8
ffff0cd9
ffff120c
ffff13b9
ffff192b
ffff34ab
00006d02
ffffb27f
ffffc026
000096c7
0000c21b
000070f6
00006387
0000a84e
00005c14
00008b69
0000971e
00005d9f
0000a6b3
000078ea
0000a416
00008d66
000097c8
00009fca
00009426
00009606
00009d5d
00002e41
fffed94b
fffeae79
fffeba8b
fffec00d
fffebd3b
fffec44a
fffede93
fffee086
fffedd64
fffee78a
fffef206
fffef97a
ffff0776
ffff06a6
ffff02f4
ffff1b31
ffff15b7
ffff22f2
ffff37a9
00006d02
ffffb197
ffffbdf2
0000952a
0000c24a
000072e2
0000602a
0000a869
00005fcb
00008a2b
00009839
000056d1
0000a6f2
0000775c
0000a4f1
00008bcd
00009919
00009ed6
0000944a
000096ac
00009da1
00003f05
fffeda08
fffebe8b
fffebe66
fffec3cf
fffec860
fffec58b
fffecac0
fffec81f
fffed9f2
fffeeda0
fffef951
fffefc6b
ffff0b45
ffff0cc8
ffff0cd9
ffff120c
ffff13b9
ffff192b
ffff34ab
00006d02
ffffb27f
ffffc026
000096c7
0000c21b
000070f6
00006387
0000a84e
00005c14
00008b69
0000971e
00005d9f
0000a6b3
000078ea
0000a416
00008d66
000097c8
00009fca
00009426
00009606
00009d5d
00002e41
fffed94b
fffeae79
fffeba8b
fffec00d
fffebd3b
fffec44a
fffede93
fffee086
fffedd64
fffee78a
fffef206
fffef97a
ffff0776
ffff06a6
ffff02f4
ffff1b31
ffff15b7
ffff22f2
ffff37a9
00006d02
ffffb2f3
ffffc293
00009858
0000c1e9
00006efe
000066b9
0000a829
0000582f
00008c95
000095fb
000063c4
0000a655
00007ab1
0000a328
00008ef3
0000966c
0000a0b3
00009402
00009599
00009cc6
00001959
fffed998
fffeb231
fffeb201
fffebc57
fffeb480
fffebc27
fffed597
fffee48f
fffede7d
fffedfe0
fffef283
fffeef84
fffeff62
ffff0a52
ffff0af1
ffff1bbd
ffff1c21
ffff199e
ffff3336
00006d02
ffffb27f
ffffc026
000096c7
0000c21b
000070f6
00006387
0000a84e
00005c14
00008b69
0000971e
00005d9f
0000a6b3
000078ea
0000a416
00008d66
000097c8
00009fca
00009426
00009606
00009d5d
00002e41
fffed94b
fffeae79
fffeba8b
fffec00d
fffebd3b
fffec44a
fffede93
fffee086
fffedd64
fffee78a
fffef206
fffef97a
ffff0776
ffff06a6
ffff02f4
ffff1b31
ffff15b7
ffff22f2
ffff37a9
00006d02
ffffb2f3
ffffc293
00009858
0000c1e9
00006efe
000066b9
0000a829
0000582f
00008c95
000095fb
000063c4
0000a655
00007ab1
0000a328
00008ef3
0000966c
0000a0b3
00009402
00009599
00009cc6
00001959
fffed998
fffeb231
fffeb201
fffebc57
fffeb480
fffebc27
fffed597
fffee48f
fffede7d
fffedfe0
fffef283
fffeef84
fffeff62
ffff0a52
ffff0af1
ffff1bbd
ffff1c21
ffff199e
ffff3336
00006d02
ffffb2bb
ffffc526
000099df
0000c1b3
00006cfa
000069c1
0000a7fb
00005419
00008db2
000094cf
00006951
0000a5d8
00007c9b
0000a22c
0000906f
00009505
0000a18c
000093df
0000955b
00009be8
ffffff0d
fffed6d8
fffeb704
fffec724
fffeb8d0
fffec4fc
fffec7b0
fffed6be
fffed7cc
fffece38
fffed990
fffef571
fffef28c
fffef04a
fffefb48
ffff1859
ffff1bd8
ffff1a16
ffff1319
ffff371d
00006d02
ffffb2f3
ffffc293
00009858
0000c1e9
00006efe
000066b9
0000a829
0000582f
00008c95
000095fb
000063c4
0000a655
00007ab1
0000a328
00008ef3
0000966c
0000a0b3
00009402
00009599
00009cc6
00001959
fffed998
fffeb231
fffeb201
fffebc57
fffeb480
fffebc27
fffed597
fffee48f
fffede7d
fffedfe0
fffef283
fffeef84
fffeff62
ffff0a52
ffff0af1
ffff1bbd
ffff1c21
ffff199e
ffff3336
00006d02
ffffb2bb
ffffc526
000099df
0000c1b3
00006cfa
000069c1
0000a7fb
00005419
00008db2
000094cf
00006951
0000a5d8
00007c9b
0000a22c
0000906f
00009505
0000a18c
000093df
0000955b
00009be8
ffffff0d
fffed6d8
fffeb704
fffec724
fffeb8d0
fffec4fc
fffec7b0
fffed6be
fffed7cc
fffece38
fffed990
fffef571
fffef28c
fffef04a
fffefb48
ffff1859
ffff1bd8
ffff1a16
ffff1319
ffff371d
00006d02
ffffb167
ffffc7c7
00009b5c
0000c17a
00006aeb
00006ca3
0000a7c4
00004fd1
00008ec0
00009399
00006e56
0000a53d
00007e95
0000a126
000091d7
00009397
0000a254
000093c6
0000953f
00009ad6
ffffddaa
fffed1f2
fffeb1f1
fffeca92
fffeb194
fffeb746
fffecc57
fffeca22
fffed2a4
fffed607
fffeed30
fffefff2
fffefd8b
fffef308
ffff0591
ffff0f81
ffff09a0
ffff1c37
ffff21a6
ffff2751
00005ffc
ffffb2bb
ffffc526
000099df
0000c1b3
00006cfa
000069c1
0000a7fb
00005419
00008db2
000094cf
00006951
0000a5d8
00007c9b
0000a22c
0000906f
00009505
0000a18c
000093df
0000955b
00009be8
ffffff0d
fffed6d8
fffeb704
fffec724
fffeb8d0
fffec4fc
fffec7b0
fffed6be
fffed7cc
fffece38
fffed990
fffef571
fffef28c
fffef04a
fffefb48
ffff1859
ffff1bd8
ffff1a16
ffff1319
ffff371d
00006d02
ffffb167
ffffc7c7
00009b5c
0000c17a
00006aeb
00006ca3
0000a7c4
00004fd1
00008ec0
00009399
00006e56
0000a53d
00007e95
0000a126
000091d7
00009397
0000a254
000093c6
0000953f
00009ad6
ffffddaa
fffed1f2
fffeb1f1
fffeca92
fffeb194
fffeb746
fffecc57
fffeca22
fffed2a4
fffed607
fffeed30
fffefff2
fffefd8b
fffef308
ffff0591
ffff0f81
ffff09a0
ffff1c37
ffff21a6
ffff2751
00005ffc
ffffaeb0
ffffca6c
00009cce
0000c13d
000068d0
00006f5f
0000a783
00004b55
00008fc1
00009259
000072df
0000a487
00008091
0000a016
0000932d
0000922e
0000a2fe
000093ba
00009533
000099a0
ffffb516
fffed248
fffeb0b2
fffea55a
fffeac90
fffebb4e
fffece61
fffeced5
fffecccf
fffed566
fffedbb6
fffefa3b
ffff05ca
ffff0a98
ffff0bfa
ffff13ab
ffff0d5a
ffff197e
ffff2733
ffff31d6
00006364
ffffb167
ffffc7c7
00009b5c
0000c17a
00006aeb
00006ca3
0000a7c4
00004fd1
00008ec0
00009399
00006e56
0000a53d
00007e95
0000a126
000091d7
00009397
0000a254
000093c6
0000953f
00009ad6
ffffddaa
fffed1f2
fffeb1f1
fffeca92
fffeb194
fffeb746
fffecc57
fffeca22
fffed2a4
fffed607
fffeed30
fffefff2
fffefd8b
fffef308
ffff0591
ffff0f81
ffff09a0
ffff1c37
ffff21a6
ffff2751
00005ffc
ffffaeb0
ffffca6c
00009cce
0000c13d
000068d0
00006f5f
0000a783
00004b55
00008fc1
00009259
000072df
0000a487
00008091
0000a016
0000932d
0000922e
0000a2fe
000093ba
00009533
000099a0
ffffb516
fffed248
fffeb0b2
fffea55a
fffeac90
fffebb4e
fffece61
fffeced5
fffecccf
fffed566
fffedbb6
fffefa3b
ffff05ca
ffff0a98
ffff0bfa
ffff13ab
ffff0d5a
ffff197e
ffff2733
ffff31d6
00006364
ffffaab9
ffffcd26
00009e37
0000c0fd
000066a8
000071f8
0000a738
000046a0
000090b6
0000910d
000076f8
0000a3b8
00008284
00009efe
0000946f
000090d5
0000a381
000093c5
0000952d
00009853
ffff9684
fffec5e0
fffeaf2a
fffec202
fffeb28c
fffecf99
fffeca16
fffedeb3
fffed2a3
fffec228
fffed8b2
fffef15a
fffefa15
fffefc74
ffff0215
ffff08cf
ffff0856
ffff175c
ffff278d
ffff35df
00006364
ffffaeb0
ffffca6c
00009cce
0000c13d
000068d0
00006f5f
0000a783
00004b55
00008fc1
00009259
000072df
0000a487
00008091
0000a016
0000932d
0000922e
0000a2fe
000093ba
00009533
000099a0
ffffb516
fffed248
fffeb0b2
fffea55a
fffeac90
fffebb4e
fffece61
fffeced5
fffecccf
fffed566
fffedbb6
fffefa3b
ffff05ca
ffff0a98
ffff0bfa
ffff13ab
ffff0d5a
ffff197e
ffff2733
ffff31d6
00006364
ffffaab9
ffffcd26
00009e37
0000c0fd
000066a8
000071f8
0000a738
000046a0
000090b6
0000910d
000076f8
0000a3b8
00008284
00009efe
0000946f
000090d5
0000a381
000093c5
0000952d
00009853
ffff9684
fffec5e0
fffeaf2a
fffec202
fffeb28c
fffecf99
fffeca16
fffedeb3
fffed2a3
fffec228
fffed8b2
fffef15a
fffefa15
fffefc74
ffff0215
ffff08cf
ffff0856
ffff175c
ffff278d
ffff35df
00006364
ffffa6bd
ffffd004
00009f96
0000c0ba
00006475
0000746e
0000a6e5
000041ae
000091a0
00008fb4
00007aad
0000a2d0
00008469
00009ddd
0000959f
00008fa0
0000a3d3
000093f1
00009529
000096f7
ffff906b
fffebe22
fffeadc8
fffecc68
fffebd26
fffec314
fffec9de
fffece3f
fffed195
fffedaf1
fffeea73
fffef20a
fffef737
fffefe32
ffff0f2f
ffff0f31
ffff0e8c
ffff1802
ffff286f
ffff31a7
00006364
ffffaab9
ffffcd26
00009e37
0000c0fd
000066a8
000071f8
0000a738
000046a0
000090b6
0000910d
000076f8
0000a3b8
00008284
00009efe
0000946f
000090d5
0000a381
000093c5
0000952d
00009853
ffff9684
fffec5e0
fffeaf2a
fffec202
fffeb28c
fffecf99
fffeca16
fffedeb3
fffed2a3
fffec228
fffed8b2
fffef15a
fffefa15
fffefc74
ffff0215
ffff08cf
ffff0856
ffff175c
ffff278d
ffff35df
00006364
ffffa6bd
ffffd004
00009f96
0000c0ba
00006475
0000746e
0000a6e5
000041ae
000091a0
00008fb4
00007aad
0000a2d0
00008469
00009ddd
0000959f
00008fa0
0000a3d3
000093f1
00009529
000096f7
ffff906b
fffebe22
fffeadc8
fffecc68
fffebd26
fffec314
fffec9de
fffece3f
fffed195
fffedaf1
fffeea73
fffef20a
fffef737
fffefe32
ffff0f2f
ffff0f31
ffff0e8c
ffff1802
ffff286f
ffff31a7
00006364
ffffa53b
ffffd30f
0000a0eb
0000c073
00006234
000076c5
0000a68a
00003c7b
0000927f
00008e4d
00007e07
0000a1d4
0000863a
00009cb3
000096c0
00008e9f
0000a3e8
00009447
00009526
0000958d
ffff86a0
fffec6ba
fffeb0d1
fffec900
fffec5fd
fffec0df
fffec58c
fffec557
fffebc91
fffee0ee
fffeebd1
fffef4cd
fffef686
fffef811
ffff0a25
ffff0e34
ffff0f58
ffff19b8
ffff1c3d
ffff2f2d
00006364
ffffa6bd
ffffd004
00009f96
0000c0ba
00006475
0000746e
0000a6e5
000041ae
000091a0
00008fb4
00007aad
0000a2d0
00008469
00009ddd
0000959f
00008fa0
0000a3d3
000093f1
00009529
000096f7
ffff906b
fffebe22
fffeadc8
fffecc68
fffebd26
fffec314
fffec9de
fffece3f
fffed195
fffedaf1
fffeea73
fffef20a
fffef737
fffefe32
ffff0f2f
ffff0f31
ffff0e8c
ffff1802
ffff286f
ffff31a7
00006364
ffffa53b
ffffd30f
0000a0eb
0000c073
00006234
000076c5
0000a68a
00003c7b
0000927f
00008e4d
00007e07
0000a1d4
0000863a
00009cb3
000096c0
00008e9f
0000a3e8
00009447
00009526
0000958d
ffff86a0
fffec6ba
fffeb0d1
fffec900
fffec5fd
fffec0df
fffec58c
fffec557
fffebc91
fffee0ee
fffeebd1
fffef4cd
fffef686
fffef811
ffff0a25
ffff0e34
ffff0f58
ffff19b8
ffff1c3d
ffff2f2d
00006364
ffffa803
ffffd640
0000a237
0000c028
00005fe5
000078fc
0000a626
000036fc
00009355
00008cd6
00008112
0000a0c6
000087f5
00009b80
000097d2
00008ddf
0000a3ba
000094c7
00009521
00009414
ffff7038
fffebf8e
fffe9e4f
fffecddd
fffeafd9
fffec172
fffec3df
fffed7bf
fffed091
fffedb92
fffee64b
fffeff56
fffef8d1
fffefb35
ffff0f82
ffff17bf
ffff1598
ffff23d4
ffff2354
ffff2865
00006364
ffffa53b
ffffd30f
0000a0eb
0000c073
00006234
000076c5
0000a68a
00003c7b
0000927f
00008e4d
00007e07
0000a1d4
0000863a
00009cb3
000096c0
00008e9f
0000a3e8
00009447
00009526
0000958d
ffff86a0
fffec6ba
fffeb0d1
fffec900
fffec5fd
fffec0df
fffec58c
fffec557
fffebc91
fffee0ee
fffeebd1
fffef4cd
fffef686
fffef811
ffff0a25
ffff0e34
ffff0f58
ffff19b8
ffff1c3d
ffff2f2d
00006364
ffffa803
ffffd640
0000a237
0000c028
00005fe5
000078fc
0000a626
000036fc
00009355
00008cd6
00008112
0000a0c6
000087f5
00009b80
000097d2
00008ddf
0000a3ba
000094c7
00009521
00009414
ffff7038
fffebf8e
fffe9e4f
fffecddd
fffeafd9
fffec172
fffec3df
fffed7bf
fffed091
fffedb92
fffee64b
fffeff56
fffef8d1
fffefb35
ffff0f82
ffff17bf
ffff1598
ffff23d4
ffff2354
ffff2865
00006364
ffffacb9
ffffd96c
0000a37a
0000bfda
00005d85
00007b15
0000a5bb
00003123
00009423
00008b4f
000083d4
00009fa6
00008999
00009a43
000098d6
00008d66
0000a34a
00009570
0000951c
0000928b
ffff53a0
fffec0bd
fffe9d7b
fffecbdf
fffeaf02
fffec3d5
fffec23b
fffeda56
fffed7a2
fffee762
fffedfed
fffeefd5
fffef7f0
ffff0891
ffff10d3
ffff0221
ffff1249
ffff2021
ffff1fba
ffff2c46
00006364
ffffa803
ffffd640
0000a237
0000c028
00005fe5
000078fc
0000a626
000036fc
00009355
00008cd6
00008112
0000a0c6
000087f5
00009b80
000097d2
00008ddf
0000a3ba
000094c7
00009521
00009414
ffff7038
fffebf8e
fffe9e4f
fffecddd
fffeafd9
fffec172
fffec3df
fffed7bf
fffed091
fffedb92
fffee64b
fffeff56
fffef8d1
fffefb35
ffff0f82
ffff17bf
ffff1598
ffff23d4
ffff2354
ffff2865
00006364
ffffacb9
ffffd96c
0000a37a
0000bfda
00005d85
00007b15
0000a5bb
00003123
00009423
00008b4f
000083d4
00009fa6
00008999
00009a43
000098d6
00008d66
0000a34a
00009570
0000951c
0000928b
ffff53a0
fffec0bd
fffe9d7b
fffecbdf
fffeaf02
fffec3d5
fffec23b
fffeda56
fffed7a2
fffee762
fffedfed
fffeefd5
fffef7f0
ffff0891
ffff10d3
ffff0221
ffff1249
ffff2021
ffff1fba
ffff2c46
00006364
ffffaf9b
ffffdc6f
0000a4b3
0000bf89
00005b12
00007d12
0000a549
00002ae5
000094e8
000089b5
00008657
00009e77
00008b26
000098fa
000099ce
00008d30
0000a29a
0000963c
00009518
000090ed
ffff4c2b
fffec8a3
fffea4dd
fffec3fd
fffeab8d
fffec09b
fffec989
fffec72e
fffee1d7
fffede1a
fffeef72
fffeefb0
ffff0624
ffff0693
ffff06e3
ffff0b72
ffff1d56
ffff2594
ffff1808
ffff2840
00006364
ffffacb9
ffffd96c
0000a37a
0000bfda
00005d85
00007b15
0000a5bb
00003123
00009423
00008b4f
000083d4
00009fa6
00008999
00009a43
000098d6
00008d66
0000a34a
00009570
0000951c
0000928b
ffff53a0
fffec0bd
fffe9d7b
fffecbdf
fffeaf02
fffec3d5
fffec23b
fffeda56
fffed7a2
fffee762
fffedfed
fffeefd5
fffef7f0
ffff0891
ffff10d3
ffff0221
ffff1249
ffff2021
ffff1fba
ffff2c46
00006364
ffffaf9b
ffffdc6f
0000a4b3
0000bf89
00005b12
00007d12
0000a549
00002ae5
000094e8
000089b5
00008657
00009e77
00008b26
000098fa
000099ce
00008d30
0000a29a
0000963c
00009518
000090ed
ffff4c2b
fffec8a3
fffea4dd
fffec3fd
fffeab8d
fffec09b
fffec989
fffec72e
fffee1d7
fffede1a
fffeef72
fffeefb0
ffff0624
ffff0693
ffff06e3
ffff0b72
ffff1d56
ffff2594
ffff1808
ffff2840
00006364
ffffaef7
ffffdf4d
0000a5e2
0000bf36
00005888
00007ef5
0000a4cf
00002437
000095a5
00008806
000088a2
00009d3a
00008c9d
000097a5
00009aba
00008d33
0000a1b3
00009720
00009513
00008f3b
ffff4e3b
fffecc99
fffea65e
fffebb75
fffea5ae
fffebdbb
fffeb39a
fffeb85a
fffed6ae
fffed219
fffedadd
fffee996
fffefc07
ffff0f37
ffff07a0
ffff15a8
ffff1ac6
ffff15f7
ffff1662
ffff30b3
00006364
ffffaf9b
ffffdc6f
0000a4b3
0000bf89
00005b12
00007d12
0000a549
00002ae5
000094e8
000089b5
00008657
00009e77
00008b26
000098fa
000099ce
00008d30
0000a29a
0000963c
00009518
000090ed
ffff4c2b
fffec8a3
fffea4dd
fffec3fd
fffeab8d
fffec09b
fffec989
fffec72e
fffee1d7
fffede1a
fffeef72
fffeefb0
ffff0624
ffff0693
ffff06e3
ffff0b72
ffff1d56
ffff2594
ffff1808
ffff2840
00006364
ffffaef7
ffffdf4d
0000a5e2
0000bf36
00005888
00007ef5
0000a4cf
00002437
000095a5
00008806
000088a2
00009d3a
00008c9d
000097a5
00009aba
00008d33
0000a1b3
00009720
00009513
00008f3b
ffff4e3b
fffecc99
fffea65e
fffebb75
fffea5ae
fffebdbb
fffeb39a
fffeb85a
fffed6ae
fffed219
fffedadd
fffee996
fffefc07
ffff0f37
ffff07a0
ffff15a8
ffff1ac6
ffff15f7
ffff1662
ffff30b3
00006364
ffffb105
ffffe26f
0000a709
0000bedf
000055e4
000080be
0000a44e
00001d22
0000965b
00008640
00008abc
00009bef
00008dfe
00009643
00009b9d
00008d5f
0000a09b
0000980f
0000950d
00008d72
ffff4622
fffec4a9
fffe9b22
fffea8ff
fffeae13
fffebecf
fffebfba
fffeb86e
fffecc41
fffed46e
fffee79c
fffef612
fffefb6b
ffff0326
ffff0df2
ffff14db
ffff1ebc
ffff18d4
ffff13b8
ffff2b15
00006364
ffffaef7
ffffdf4d
0000a5e2
0000bf36
00005888
00007ef5
0000a4cf
00002437
000095a5
00008806
000088a2
00009d3a
00008c9d
000097a5
00009aba
00008d33
0000a1b3
00009720
00009513
00008f3b
ffff4e3b
fffecc99
fffea65e
fffebb75
fffea5ae
fffebdbb
fffeb39a
fffeb85a
fffed6ae
fffed219
fffedadd
fffee996
fffefc07
ffff0f37
ffff07a0
ffff15a8
ffff1ac6
ffff15f7
ffff1662
ffff30b3
00006364
ffffb105
ffffe26f
0000a709
0000bedf
000055e4
000080be
0000a44e
00001d22
0000965b
00008640
00008abc
00009bef
00008dfe
00009643
00009b9d
00008d5f
0000a09b
0000980f
0000950d
00008d72
ffff4622
fffec4a9
fffe9b22
fffea8ff
fffeae13
fffebecf
fffebfba
fffeb86e
fffecc41
fffed46e
fffee79c
fffef612
fffefb6b
ffff0326
ffff0df2
ffff14db
ffff1ebc
ffff18d4
ffff13b8
ffff2b15
00006364
ffffb5d8
ffffe525
0000a828
0000be84
00005334
00008272
0000a3c7
000015e6
00009709
00008462
00008cab
00009a97
00008f4a
000094d2
00009c74
00008da3
00009f61
00009903
00009508
00008b8f
ffff33f0
fffec3bd
fffec9a7
fffec400
fffea8f3
fffec7c2
fffed086
fffec814
fffecb1c
fffed4e6
fffede33
fffee43b
fffefae1
fffefba2
fffefe6d
ffff07fb
ffff0bd5
ffff126b
ffff1ff7
ffff2ee5
00006364
ffffb105
ffffe26f
0000a709
0000bedf
000055e4
000080be
0000a44e
00001d22
0000965b
00008640
00008abc
00009bef
00008dfe
00009643
00009b9d
00008d5f
0000a09b
0000980f
0000950d
00008d72
ffff4622
fffec4a9
fffe9b22
fffea8ff
fffeae13
fffebecf
fffebfba
fffeb86e
fffecc41
fffed46e
fffee79c
fffef612
fffefb6b
ffff0326
ffff0df2
ffff14db
ffff1ebc
ffff18d4
ffff13b8
ffff2b15
00006364
ffffb5d8
ffffe525
0000a828
0000be84
00005334
00008272
0000a3c7
000015e6
00009709
00008462
00008cab
00009a97
00008f4a
000094d2
00009c74
00008da3
00009f61
00009903
00009508
00008b8f
ffff33f0
fffec3bd
fffec9a7
fffec400
fffea8f3
fffec7c2
fffed086
fffec814
fffecb1c
fffed4e6
fffede33
fffee43b
fffefae1
fffefba2
fffefe6d
ffff07fb
ffff0bd5
ffff126b
ffff1ff7
ffff2ee5
00006364
ffffaf20
ffffe698
0000a942
0000be25
00005081
00008410
0000a33a
00000ed2
000097af
00008268
00008e74
00009931
00009084
00009352
00009d45
00008df4
00009e0f
000099f2
00009502
00008990
ffff26d5
fffec892
fffec114
fffecb77
fffeb34f
fffeb56f
fffec70c
fffec9ef
fffed028
fffed30f
fffee274
fffeef94
fffef3a1
ffff0307
ffff00fe
ffff0050
ffff0b1d
ffff1176
ffff21d4
ffff2f47
00006364
ffffb5d8
ffffe525
0000a828
0000be84
00005334
00008272
0000a3c7
000015e6
00009709
00008462
00008cab
00009a97
00008f4a
000094d2
00009c74
00008da3
00009f61
00009903
00009508
00008b8f
ffff33f0
fffec3bd
fffec9a7
fffec400
fffea8f3
fffec7c2
fffed086
fffec814
fffecb1c
fffed4e6
fffede33
fffee43b
fffefae1
fffefba2
fffefe6d
ffff07fb
ffff0bd5
ffff126b
ffff1ff7
ffff2ee5
00006364
ffffaf20
ffffe698
0000a942
0000be25
00005081
00008410
0000a33a
00000ed2
000097af
00008268
00008e74
00009931
00009084
00009352
00009d45
00008df4
00009e0f
000099f2
00009502
00008990
ffff26d5
fffec892
fffec114
fffecb77
fffeb34f
fffeb56f
fffec70c
fffec9ef
fffed028
fffed30f
fffee274
fffeef94
fffef3a1
ffff0307
ffff00fe
ffff0050
ffff0b1d
ffff1176
ffff21d4
ffff2f47
00006364
ffffabf8
ffffe837
0000aa54
0000bdc2
00004dca
00008599
0000a2a7
0000087d
0000984d
0000804f
0000901c
000097bd
000091ae
000091c1
00009e0c
00008e49
00009ca8
00009ada
000094fd
0000876f
ffff280b
fffec2cc
fffeb7fd
fffecd7c
fffebe75
fffec21e
fffed22a
fffec679
fffecdfe
fffee102
fffeeb18
fffefb77
fffefe69
ffff0685
ffff06e9
ffff0d89
ffff102b
ffff1f13
ffff200c
ffff2b42
00006364
ffffaf20
ffffe698
0000a942
0000be25
00005081
00008410
0000a33a
00000ed2
000097af
00008268
00008e74
00009931
00009084
00009352
00009d45
00008df4
00009e0f
000099f2
00009502
00008990
ffff26d5
fffec892
fffec114
fffecb77
fffeb34f
fffeb56f
fffec70c
fffec9ef
fffed028
fffed30f
fffee274
fffeef94
fffef3a1
ffff0307
ffff00fe
ffff0050
ffff0b1d
ffff1176
ffff21d4
ffff2f47
00006364
ffffabf8
ffffe837
0000aa54
0000bdc2
00004dca
00008599
0000a2a7
0000087d
0000984d
0000804f
0000901c
000097bd
000091ae
000091c1
00009e0c
00008e49
00009ca8
00009ada
000094fd
0000876f
ffff280b
fffec2cc
fffeb7fd
fffecd7c
fffebe75
fffec21e
fffed22a
fffec679
fffecdfe
fffee102
fffeeb18
fffefb77
fffefe69
ffff0685
ffff06e9
ffff0d89
ffff102b
ffff1f13
ffff200c
ffff2b42
00006364
ffffb493
ffffea61
0000ab5f
0000bd5d
00004b06
0000870e
0000a20f
0000042e
000098e4
00007e16
000091a7
00009639
000092c8
0000901d
00009ecb
00008e9d
00009b32
00009bb6
000094f9
00008526
ffff23bd
fffeafc4
fffea093
fffeaf53
fffecb7b
fffec6d5
fffeca83
fffec91e
fffecdd0
fffee716
fffef0a3
fffef9d2
fffef4f5
ffff00b7
ffff0b89
ffff0905
ffff1008
ffff2159
ffff1f0a
ffff2d7f
00006364
ffffabf8
ffffe837
0000aa54
0000bdc2
00004dca
00008599
0000a2a7
0000087d
0000984d
0000804f
0000901c
000097bd
000091ae
000091c1
00009e0c
00008e49
00009ca8
00009ada
000094fd
0000876f
ffff280b
fffec2cc
fffeb7fd
fffecd7c
fffebe75
fffec21e
fffed22a
fffec679
fffecdfe
fffee102
fffeeb18
fffefb77
fffefe69
ffff0685
ffff06e9
ffff0d89
ffff102b
ffff1f13
ffff200c
ffff2b42
00006364
ffffb493
ffffea61
0000ab5f
0000bd5d
00004b06
0000870e
0000a20f
0000042e
000098e4
00007e16
000091a7
00009639
000092c8
0000901d
00009ecb
00008e9d
00009b32
00009bb6
000094f9
00008526
ffff23bd
fffeafc4
fffea093
fffeaf53
fffecb7b
fffec6d5
fffeca83
fffec91e
fffecdd0
fffee716
fffef0a3
fffef9d2
fffef4f5
ffff00b7
ffff0b89
ffff0905
ffff1008
ffff2159
ffff1f0a
ffff2d7f
00006364
ffffafbe
ffffecc4
0000ac60
0000bcf2
0000483a
0000886f
0000a173
0000036a
00009971
00007bb8
00009318
000094a3
000093d4
00008e69
00009f7f
00008ef1
000099b2
00009c80
000094f8
000082b0
ffff1926
fffebd7d
fffec850
fffeb57f
fffec91a
fffecc8e
fffecbcb
fffed04a
fffed305
fffee456
fffeec4f
fffef425
fffef860
fffef4b5
ffff0240
ffff0932
ffff151b
ffff1fc7
ffff1a1f
ffff2d39
00006364
ffffb493
ffffea61
0000ab5f
0000bd5d
00004b06
0000870e
0000a20f
0000042e
000098e4
00007e16
000091a7
00009639
000092c8
0000901d
00009ecb
00008e9d
00009b32
00009bb6
000094f9
00008526
ffff23bd
fffeafc4
fffea093
fffeaf53
fffecb7b
fffec6d5
fffeca83
fffec91e
fffecdd0
fffee716
fffef0a3
fffef9d2
fffef4f5
ffff00b7
ffff0b89
ffff0905
ffff1008
ffff2159
ffff1f0a
ffff2d7f
00006364
ffffafbe
ffffecc4
0000ac60
0000bcf2
0000483a
0000886f
0000a173
0000036a
00009971
00007bb8
00009318
000094a3
000093d4
00008e69
00009f7f
00008ef1
000099b2
00009c80
000094f8
000082b0
ffff1926
fffebd7d
fffec850
fffeb57f
fffec91a
fffecc8e
fffecbcb
fffed04a
fffed305
fffee456
fffeec4f
fffef425
fffef860
fffef4b5
ffff0240
ffff0932
ffff151b
ffff1fc7
ffff1a1f
ffff2d39
00006364
ffffa937
ffffddad
0000abaf
0000baba
00004730
0000881b
00009f44
00000d23
00009859
000077dd
000092db
00009183
0000933c
00008b30
00009e8a
00008dbb
000096b3
00009b8f
00009371
00007e88
ffff384f
ffff0b08
ffff0331
fffef864
fffef133
fffef1fb
fffeed90
fffee297
fffee987
fffef8af
fffef869
fffef8c3
ffff029d
fffefd29
ffff0497
ffff13eb
ffff158f
ffff17a9
ffff220e
ffff3d37
0000582a
ffffafbe
ffffecc4
0000ac60
0000bcf2
0000483a
0000886f
0000a173
0000036a
00009971
00007bb8
00009318
000094a3
000093d4
00008e69
00009f7f
00008ef1
000099b2
00009c80
000094f8
000082b0
ffff1926
fffebd7d
fffec850
fffeb57f
fffec91a
fffecc8e
fffecbcb
fffed04a
fffed305
fffee456
fffeec4f
fffef425
fffef860
fffef4b5
ffff0240
ffff0932
ffff151b
ffff1fc7
ffff1a1f
ffff2d39
00006364
ffffa937
ffffddad
0000abaf
0000baba
00004730
0000881b
00009f44
00000d23
00009859
000077dd
000092db
00009183
0000933c
00008b30
00009e8a
00008dbb
000096b3
00009b8f
00009371
00007e88
ffff384f
ffff0b08
ffff0331
fffef864
fffef133
fffef1fb
fffeed90
fffee297
fffee987
fffef8af
fffef869
fffef8c3
ffff029d
fffefd29
ffff0497
ffff13eb
ffff158f
ffff17a9
ffff220e
ffff3d37
0000582a
ffff9c75
ffffe41d
0000a235
0000afcc
00003877
00007edb
00009432
0000058a
00008e65
00006adb
0000899f
00008562
00008999
00007ee5
00009476
0000837c
00008ab6
0000917a
00008909
00007158
ffff05cc
fffed90b
fffed0c2
fffed154
fffec6c5
fffec0a2
fffec973
fffece2e
fffee335
fffed7a0
fffeed9a
fffeeaa7
fffef6f1
ffff01f1
fffefd3c
ffff122e
ffff1be4
ffff1c78
ffff243c
ffff374f
00005779
ffffa937
ffffddad
0000abaf
0000baba
00004730
0000881b
00009f44
00000d23
00009859
000077dd
000092db
00009183
0000933c
00008b30
00009e8a
00008dbb
000096b3
00009b8f
00009371
00007e88
ffff384f
ffff0b08
ffff0331
fffef864
fffef133
fffef1fb
fffeed90
fffee297
fffee987
fffef8af
fffef869
fffef8c3
ffff029d
fffefd29
ffff0497
ffff13eb
ffff158f
ffff17a9
ffff220e
ffff3d37
0000582a
ffff9c75
ffffe41d
0000a235
0000afcc
00003877
00007edb
00009432
0000058a
00008e65
00006adb
0000899f
00008562
00008999
00007ee5
00009476
0000837c
00008ab6
0000917a
00008909
00007158
ffff05cc
fffed90b
fffed0c2
fffed154
fffec6c5
fffec0a2
fffec973
fffece2e
fffee335
fffed7a0
fffeed9a
fffeeaa7
fffef6f1
ffff01f1
fffefd3c
ffff122e
ffff1be4
ffff1c78
ffff243c
ffff374f
00005779
ffff9efd
ffffd462
00009276
00009e66
000025ed
00006f2f
000082bb
fffffda3
00007e02
00005758
000079fb
000072bc
00007983
00006c22
000083c8
000072d6
00007851
000080ab
00007847
00005d54
fffef563
fffeb7fb
fffeaa38
fffeb3f2
fffeb85e
fffec19b
fffecd08
fffed6d9
fffec311
fffed61e
fffef44b
fffef741
fffefabc
fffefcbe
ffff0574
ffff13c9
ffff143e
ffff2136
ffff2395
ffff2963
00005a9b
ffff9c75
ffffe41d
0000a235
0000afcc
00003877
00007edb
00009432
0000058a
00008e65
00006adb
0000899f
00008562
00008999
00007ee5
00009476
0000837c
00008ab6
0000917a
00008909
00007158
ffff05cc
fffed90b
fffed0c2
fffed154
fffec6c5
fffec0a2
fffec973
fffece2e
fffee335
fffed7a0
fffeed9a
fffeeaa7
fffef6f1
ffff01f1
fffefd3c
ffff122e
ffff1be4
ffff1c78
ffff243c
ffff374f
00005779
ffff9efd
ffffd462
00009276
00009e66
000025ed
00006f2f
000082bb
fffffda3
00007e02
00005758
000079fb
000072bc
00007983
00006c22
000083c8
000072d6
00007851
000080ab
00007847
00005d54
fffef563
fffeb7fb
fffeaa38
fffeb3f2
fffeb85e
fffec19b
fffecd08
fffed6d9
fffec311
fffed61e
fffef44b
fffef741
fffefabc
fffefcbe
ffff0574
ffff13c9
ffff143e
ffff2136
ffff2395
ffff2963
00005a9b
ffff8250
ffffbfd6
00007b83
00008599
00000f8a
0000582b
00006a0f
fffff1ec
00006649
00003ccb
00006305
000058d6
00006216
0000524d
00006b8e
00005afa
00005edc
00006839
00006063
000041d7
fffee4ac
fffeb57c
fffeaf0e
fffeb5fb
fffeb3b4
fffecc11
fffed2b5
fffec432
fffecae0
fffed4c2
fffee3fd
fffef5ed
fffefa05
fffeff33
ffff090b
ffff19f5
ffff0e65
ffff1531
ffff2585
ffff2c82
00005a9b
ffff9efd
ffffd462
00009276
00009e66
000025ed
00006f2f
000082bb
fffffda3
00007e02
00005758
000079fb
000072bc
00007983
00006c22
000083c8
000072d6
00007851
000080ab
00007847
00005d54
fffef563
fffeb7fb
fffeaa38
fffeb3f2
fffeb85e
fffec19b
fffecd08
fffed6d9
fffec311
fffed61e
fffef44b
fffef741
fffefabc
fffefcbe
ffff0574
ffff13c9
ffff143e
ffff2136
ffff2395
ffff2963
00005a9b
ffff8250
ffffbfd6
00007b83
00008599
00000f8a
0000582b
00006a0f
fffff1ec
00006649
00003ccb
00006305
000058d6
00006216
0000524d
00006b8e
00005afa
00005edc
00006839
00006063
000041d7
fffee4ac
fffeb57c
fffeaf0e
fffeb5fb
fffeb3b4
fffecc11
fffed2b5
fffec432
fffecae0
fffed4c2
fffee3fd
fffef5ed
fffefa05
fffeff33
ffff090b
ffff19f5
ffff0e65
ffff1531
ffff2585
ffff2c82
00005a9b
ffff8dee
ffffabe5
00005431
00005b3b
fffff693
0000301c
000040b0
ffffe0c8
00003d3e
00001373
00003b1d
00002e6b
000039a7
00002892
000041b9
00003285
00003513
00003e3a
000037e3
0000159d
fffeefcf
fffec869
fffebc51
fffec107
fffec723
fffed099
fffec5ab
fffecb5b
fffed63b
fffed34e
fffef523
fffee8f8
fffef959
ffff057e
ffff0021
ffff1a77
ffff1428
ffff16fe
ffff1a50
ffff3061
00005a9b
ffff8250
ffffbfd6
00007b83
00008599
00000f8a
0000582b
00006a0f
fffff1ec
00006649
00003ccb
00006305
000058d6
00006216
0000524d
00006b8e
00005afa
00005edc
00006839
00006063
000041d7
fffee4ac
fffeb57c
fffeaf0e
fffeb5fb
fffeb3b4
fffecc11
fffed2b5
fffec432
fffecae0
fffed4c2
fffee3fd
fffef5ed
fffefa05
fffeff33
ffff090b
ffff19f5
ffff0e65
ffff1531
ffff2585
ffff2c82
00005a9b
ffff8dee
ffffabe5
00005431
00005b3b
fffff693
0000301c
000040b0
ffffe0c8
00003d3e
00001373
00003b1d
00002e6b
000039a7
00002892
000041b9
00003285
00003513
00003e3a
000037e3
0000159d
fffeefcf
fffec869
fffebc51
fffec107
fffec723
fffed099
fffec5ab
fffecb5b
fffed63b
fffed34e
fffef523
fffee8f8
fffef959
ffff057e
ffff0021
ffff1a77
ffff1428
ffff16fe
ffff1a50
ffff3061
00005a9b
ffff9007
ffffbeb8
fffffe0d
fffffcaf
ffffc3ad
ffffd79a
ffffe657
ffffb1d2
ffffe1b2
ffffc414
ffffe183
ffffd6b2
ffffdfc9
ffffd251
ffffe529
ffffdac1
ffffdc77
ffffe25a
ffffdf39
ffffbc67
ffff08ab
fffedc79
fffec3bc
fffec95a
fffeb60d
fffeba29
fffeb12d
fffeb668
fffec090
fffeb9fb
fffed76c
fffec7f0
fffede41
fffeece0
fffeeab0
ffff063d
fffef7e6
ffff009e
fffefd0d
ffff091b
00005a9b
ffff8dee
ffffabe5
00005431
00005b3b
fffff693
0000301c
000040b0
ffffe0c8
00003d3e
00001373
00003b1d
00002e6b
000039a7
00002892
000041b9
00003285
00003513
00003e3a
000037e3
0000159d
fffeefcf
fffec869
fffebc51
fffec107
fffec723
fffed099
fffec5ab
fffecb5b
fffed63b
fffed34e
fffef523
fffee8f8
fffef959
ffff057e
ffff0021
ffff1a77
ffff1428
ffff16fe
ffff1a50
ffff3061
00005a9b
ffff9007
ffffbeb8
fffffe0d
fffffcaf
ffffc3ad
ffffd79a
ffffe657
ffffb1d2
ffffe1b2
ffffc414
ffffe183
ffffd6b2
ffffdfc9
ffffd251
ffffe529
ffffdac1
ffffdc77
ffffe25a
ffffdf39
ffffbc67
ffff08ab
fffedc79
fffec3bc
fffec95a
fffeb60d
fffeba29
fffeb12d
fffeb668
fffec090
fffeb9fb
fffed76c
fffec7f0
fffede41
fffeece0
fffeeab0
ffff063d
fffef7e6
ffff009e
fffefd0d
ffff091b
00005a9b
ffff054c
fffee364
fffed087
fffec9d0
fffecced
fffed3b8
fffed69c
fffed93b
fffed548
fffed349
fffed2fc
fffecf8b
fffecccd
fffece59
fffed1c0
fffed4ed
fffed48b
fffecdfe
fffec1d3
fffeaac2
fffe7f7e
fffe491a
fffe3477
fffe2d1d
fffe2139
fffe1e2e
fffe1c87
fffe1ed3
fffe2266
fffe0de4
fffe0fa0
fffe219a
fffe29cd
fffe4b7a
fffe5063
fffe4b94
fffe233e
fffe5434
fffe5241
fffe3c4d
00005a9b
ffff9007
ffffbeb8
fffffe0d
fffffcaf
ffffc3ad
ffffd79a
ffffe657
ffffb1d2
ffffe1b2
ffffc414
ffffe183
ffffd6b2
ffffdfc9
ffffd251
ffffe529
ffffdac1
ffffdc77
ffffe25a
ffffdf39
ffffbc67
ffff08ab
fffedc79
fffec3bc
fffec95a
fffeb60d
fffeba29
fffeb12d
fffeb668
fffec090
fffeb9fb
fffed76c
fffec7f0
fffede41
fffeece0
fffeeab0
ffff063d
fffef7e6
ffff009e
fffefd0d
ffff091b
00005a9b
ffff054c
fffee364
fffed087
fffec9d0
fffecced
fffed3b8
fffed69c
fffed93b
fffed548
fffed349
fffed2fc
fffecf8b
fffecccd
fffece59
fffed1c0
fffed4ed
fffed48b
fffecdfe
fffec1d3
fffeaac2
fffe7f7e
fffe491a
fffe3477
fffe2d1d
fffe2139
fffe1e2e
fffe1c87
fffe1ed3
fffe2266
fffe0de4
fffe0fa0
fffe219a
fffe29cd
fffe4b7a
fffe5063
fffe4b94
fffe233e
fffe5434
fffe5241
fffe3c4d
00005a9b
fffc561a
fffc00d1
fffbaeea
fffb8a93
fffb820f
fffb7c2f
fffb75b8
fffb7a48
fffb7125
fffb7054
fffb73e2
fffb6ea2
fffb644e
fffb5d72
fffb59ac
fffb5b97
fffb5bd8
fffb5816
fffb5c20
fffb5f62
fffb5cf6
fffb5ac8
fffb58ef
fffb6145
fffb60ba
fffb5f4d
fffb6115
fffb6cde
fffb77d5
fffb7afe
fffb82ee
fffb9dd2
fffba52c
fffbaadc
fffbb462
fffbbd95
fffbc678
fffbd1c5
fffbda91
fffbebe9
ffff9965
ffff054c
fffee364
fffed087
fffec9d0
fffecced
fffed3b8
fffed69c
fffed93b
fffed548
fffed349
fffed2fc
fffecf8b
fffecccd
fffece59
fffed1c0
fffed4ed
fffed48b
fffecdfe
fffec1d3
fffeaac2
fffe7f7e
fffe491a
fffe3477
fffe2d1d
fffe2139
fffe1e2e
fffe1c87
fffe1ed3
fffe2266
fffe0de4
fffe0fa0
fffe219a
fffe29cd
fffe4b7a
fffe5063
fffe4b94
fffe233e
fffe5434
fffe5241
fffe3c4d
00005a9b
fffc561a
fffc00d1
fffbaeea
fffb8a93
fffb820f
fffb7c2f
fffb75b8
fffb7a48
fffb7125
fffb7054
fffb73e2
fffb6ea2
fffb644e
fffb5d72
fffb59ac
fffb5b97
fffb5bd8
fffb5816
fffb5c20
fffb5f62
fffb5cf6
fffb5ac8
fffb58ef
fffb6145
fffb60ba
fffb5f4d
fffb6115
fffb6cde
fffb77d5
fffb7afe
fffb82ee
fffb9dd2
fffba52c
fffbaadc
fffbb462
fffbbd95
fffbc678
fffbd1c5
fffbda91
fffbebe9
ffff9965
fffc561a
fffc00d1
fffbaeea
fffb8a93
fffb820f
fffb7c2f
fffb75b8
fffb7a48
fffb7125
fffb7054
fffb73e2
fffb6ea2
fffb644e
fffb5d72
fffb59ac
fffb5b97
fffb5bd8
fffb5816
fffb5c20
fffb5f62
fffb5cf6
fffb5ac8
fffb58ef
fffb6145
fffb60ba
fffb5f4d
fffb6115
fffb6cde
fffb77d5
fffb7afe
fffb82ee
fffb9dd2
fffba52c
fffbaadc
fffbb462
fffbbd95
fffbc678
fffbd1c5
fffbda91
fffbebe9
ffff9965
fffc561a
fffc00d1
fffbaeea
fffb8a93
fffb820f
fffb7c2f
fffb75b8
fffb7a48
fffb7125
fffb7054
fffb73e2
fffb6ea2
fffb644e
fffb5d72
fffb59ac
fffb5b97
fffb5bd8
fffb5816
fffb5c20
fffb5f62
fffb5cf6
fffb5ac8
fffb58ef
fffb6145
fffb60ba
fffb5f4d
fffb6115
fffb6cde
fffb77d5
fffb7afe
fffb82ee
fffb9dd2
fffba52c
fffbaadc
fffbb462
fffbbd95
fffbc678
fffbd1c5
fffbda91
fffbebe9
ffff9965
fffc561a
fffc00d1
fffbaeea
fffb8a93
fffb820f
fffb7c2f
fffb75b8
fffb7a48
fffb7125
fffb7054
fffb73e2
fffb6ea2
fffb644e
fffb5d72
fffb59ac
fffb5b97
fffb5bd8
fffb5816
fffb5c20
fffb5f62
fffb5cf6
fffb5ac8
fffb58ef
fffb6145
fffb60ba
fffb5f4d
fffb6115
fffb6cde
fffb77d5
fffb7afe
fffb82ee
fffb9dd2
fffba52c
fffbaadc
fffbb462
fffbbd95
fffbc678
fffbd1c5
fffbda91
fffbebe9
ffff9965
fffc561a
fffc00d1
fffbaeea
fffb8a93
fffb820f
fffb7c2f
fffb75b8
fffb7a48
fffb7125
fffb7054
fffb73e2
fffb6ea2
fffb644e
fffb5d72
fffb59ac
fffb5b97
fffb5bd8
fffb5816
fffb5c20
fffb5f62
fffb5cf6
fffb5ac8
fffb58ef
fffb6145
fffb60ba
fffb5f4d
fffb6115
fffb6cde
fffb77d5
fffb7afe
fffb82ee
fffb9dd2
fffba52c
fffbaadc
fffbb462
fffbbd95
fffbc678
fffbd1c5
fffbda91
fffbebe9
ffff9965
fffc561a
fffc00d1
fffbaeea
fffb8a93
fffb820f
fffb7c2f
fffb75b8
fffb7a48
fffb7125
fffb7054
fffb73e2
fffb6ea2
fffb644e
fffb5d72
fffb59ac
fffb5b97
fffb5bd8
fffb5816
fffb5c20
fffb5f62
fffb5cf6
fffb5ac8
fffb58ef
fffb6145
fffb60ba
fffb5f4d
fffb6115
fffb6cde
fffb77d5
fffb7afe
fffb82ee
fffb9dd2
fffba52c
fffbaadc
fffbb462
fffbbd95
fffbc678
fffbd1c5
fffbda91
fffbebe9
ffff9965
fffc561a
fffc00d1
fffbaeea
fffb8a93
fffb820f
fffb7c2f
fffb75b8
fffb7a48
fffb7125
fffb7054
fffb73e2
fffb6ea2
fffb644e
fffb5d72
fffb59ac
fffb5b97
fffb5bd8
fffb5816
fffb5c20
fffb5f62
fffb5cf6
fffb5ac8
fffb58ef
fffb6145
fffb60ba
fffb5f4d
fffb6115
fffb6cde
fffb77d5
fffb7afe
fffb82ee
fffb9dd2
fffba52c
fffbaadc
fffbb462
fffbbd95
fffbc678
fffbd1c5
fffbda91
fffbebe9
ffff9965
fffc561a
fffc00d1
fffbaeea
fffb8a93
fffb820f
fffb7c2f
fffb75b8
fffb7a48
fffb7125
fffb7054
fffb73e2
fffb6ea2
fffb644e
fffb5d72
fffb59ac
fffb5b97
fffb5bd8
fffb5816
fffb5c20
fffb5f62
fffb5cf6
fffb5ac8
fffb58ef
fffb6145
fffb60ba
fffb5f4d
fffb6115
fffb6cde
fffb77d5
fffb7afe
fffb82ee
fffb9dd2
fffba52c
fffbaadc
fffbb462
fffbbd95
fffbc678
fffbd1c5
fffbda91
fffbebe9
ffff9965
fffc561a
fffc00d1
fffbaeea
fffb8a93
fffb820f
fffb7c2f
fffb75b8
fffb7a48
fffb7125
fffb7054
fffb73e2
fffb6ea2
fffb644e
fffb5d72
fffb59ac
fffb5b97
fffb5bd8
fffb5816
fffb5c20
fffb5f62
fffb5cf6
fffb5ac8
fffb58ef
fffb6145
fffb60ba
fffb5f4d
fffb6115
fffb6cde
fffb77d5
fffb7afe
fffb82ee
fffb9dd2
fffba52c
fffbaadc
fffbb462
fffbbd95
fffbc678
fffbd1c5
fffbda91
fffbebe9
ffff9965
fffc561a
fffc00d1
fffbaeea
fffb8a93
fffb820f
fffb7c2f
fffb75b8
fffb7a48
fffb7125
fffb7054
fffb73e2
fffb6ea2
fffb644e
fffb5d72
fffb59ac
fffb5b97
fffb5bd8
fffb5816
fffb5c20
fffb5f62
fffb5cf6
fffb5ac8
fffb58ef
fffb6145
fffb60ba
fffb5f4d
fffb6115
fffb6cde
fffb77d5
fffb7afe
fffb82ee
fffb9dd2
fffba52c
fffbaadc
fffbb462
fffbbd95
fffbc678
fffbd1c5
fffbda91
fffbebe9
ffff9965
fffc561a
fffc00d1
fffbaeea
fffb8a93
fffb820f
fffb7c2f
fffb75b8
fffb7a48
fffb7125
fffb7054
fffb73e2
fffb6ea2
fffb644e
fffb5d72
fffb59ac
fffb5b97
fffb5bd8
fffb5816
fffb5c20
fffb5f62
fffb5cf6
fffb5ac8
fffb58ef
fffb6145
fffb60ba
fffb5f4d
fffb6115
fffb6cde
fffb77d5
fffb7afe
fffb82ee
fffb9dd2
fffba52c
fffbaadc
fffbb462
fffbbd95
fffbc678
fffbd1c5
fffbda91
fffbebe9
ffff9965
fffc561a
fffc00d1
fffbaeea
fffb8a93
fffb820f
fffb7c2f
fffb75b8
fffb7a48
fffb7125
fffb7054
fffb73e2
fffb6ea2
fffb644e
fffb5d72
fffb59ac
fffb5b97
fffb5bd8
fffb5816
fffb5c20
fffb5f62
fffb5cf6
fffb5ac8
fffb58ef
fffb6145
fffb60ba
fffb5f4d
fffb6115
fffb6cde
fffb77d5
fffb7afe
fffb82ee
fffb9dd2
fffba52c
fffbaadc
fffbb462
fffbbd95
fffbc678
fffbd1c5
fffbda91
fffbebe9
ffff9965
fffc561a
fffc00d1
fffbaeea
fffb8a93
fffb820f
fffb7c2f
fffb75b8
fffb7a48
fffb7125
fffb7054
fffb73e2
fffb6ea2
fffb644e
fffb5d72
fffb59ac
fffb5b97
fffb5bd8
fffb5816
fffb5c20
fffb5f62
fffb5cf6
fffb5ac8
fffb58ef
fffb6145
fffb60ba
fffb5f4d
fffb6115
fffb6cde
fffb77d5
fffb7afe
fffb82ee
fffb9dd2
fffba52c
fffbaadc
fffbb462
fffbbd95
fffbc678
fffbd1c5
fffbda91
fffbebe9
ffff9965
fffc561a
fffc00d1
fffbaeea
fffb8a93
fffb820f
fffb7c2f
fffb75b8
fffb7a48
fffb7125
fffb7054
fffb73e2
fffb6ea2
fffb644e
fffb5d72
fffb59ac
fffb5b97
fffb5bd8
fffb5816
fffb5c20
fffb5f62
fffb5cf6
fffb5ac8
fffb58ef
fffb6145
fffb60ba
fffb5f4d
fffb6115
fffb6cde
fffb77d5
fffb7afe
fffb82ee
fffb9dd2
fffba52c
fffbaadc
fffbb462
fffbbd95
fffbc678
fffbd1c5
fffbda91
fffbebe9
ffff9965
fffc561a
fffc00d1
fffbaeea
fffb8a93
fffb820f
fffb7c2f
fffb75b8
fffb7a48
fffb7125
fffb7054
fffb73e2
fffb6ea2
fffb644e
fffb5d72
fffb59ac
fffb5b97
fffb5bd8
fffb5816
fffb5c20
fffb5f62
fffb5cf6
fffb5ac8
fffb58ef
fffb6145
fffb60ba
fffb5f4d
fffb6115
fffb6cde
fffb77d5
fffb7afe
fffb82ee
fffb9dd2
fffba52c
fffbaadc
fffbb462
fffbbd95
fffbc678
fffbd1c5
fffbda91
fffbebe9
ffff9965
fffc561a
fffc00d1
fffbaeea
fffb8a93
fffb820f
fffb7c2f
fffb75b8
fffb7a48
fffb7125
fffb7054
fffb73e2
fffb6ea2
fffb644e
fffb5d72
fffb59ac
fffb5b97
fffb5bd8
fffb5816
fffb5c20
fffb5f62
fffb5cf6
fffb5ac8
fffb58ef
fffb6145
fffb60ba
fffb5f4d
fffb6115
fffb6cde
fffb77d5
fffb7afe
fffb82ee
fffb9dd2
fffba52c
fffbaadc
fffbb462
fffbbd95
fffbc678
fffbd1c5
fffbda91
fffbebe9
ffff9965
fffc561a
fffc00d1
fffbaeea
fffb8a93
fffb820f
fffb7c2f
fffb75b8
fffb7a48
fffb7125
fffb7054
fffb73e2
fffb6ea2
fffb644e
fffb5d72
fffb59ac
fffb5b97
fffb5bd8
fffb5816
fffb5c20
fffb5f62
fffb5cf6
fffb5ac8
fffb58ef
fffb6145
fffb60ba
fffb5f4d
fffb6115
fffb6cde
fffb77d5
fffb7afe
fffb82ee
fffb9dd2
fffba52c
fffbaadc
fffbb462
fffbbd95
fffbc678
fffbd1c5
fffbda91
fffbebe9
ffff9965
fffc561a
fffc00d1
fffbaeea
fffb8a93
fffb820f
fffb7c2f
fffb75b8
fffb7a48
fffb7125
fffb7054
fffb73e2
fffb6ea2
fffb644e
fffb5d72
fffb59ac
fffb5b97
fffb5bd8
fffb5816
fffb5c20
fffb5f62
fffb5cf6
fffb5ac8
fffb58ef
fffb6145
fffb60ba
fffb5f4d
fffb6115
fffb6cde
fffb77d5
fffb7afe
fffb82ee
fffb9dd2
fffba52c
fffbaadc
fffbb462
fffbbd95
fffbc678
fffbd1c5
fffbda91
fffbebe9
ffff9965
fffc561a
fffc00d1
fffbaeea
fffb8a93
fffb820f
fffb7c2f
fffb75b8
fffb7a48
fffb7125
fffb7054
fffb73e2
fffb6ea2
fffb644e
fffb5d72
fffb59ac
fffb5b97
fffb5bd8
fffb5816
fffb5c20
fffb5f62
fffb5cf6
fffb5ac8
fffb58ef
fffb6145
fffb60ba
fffb5f4d
fffb6115
fffb6cde
fffb77d5
fffb7afe
fffb82ee
fffb9dd2
fffba52c
fffbaadc
fffbb462
fffbbd95
fffbc678
fffbd1c5
fffbda91
fffbebe9
ffff9965
fffc561a
fffc00d1
fffbaeea
fffb8a93
fffb820f
fffb7c2f
fffb75b8
fffb7a48
fffb7125
fffb7054
fffb73e2
fffb6ea2
fffb644e
fffb5d72
fffb59ac
fffb5b97
fffb5bd8
fffb5816
fffb5c20
fffb5f62
fffb5cf6
fffb5ac8
fffb58ef
fffb6145
fffb60ba
fffb5f4d
fffb6115
fffb6cde
fffb77d5
fffb7afe
fffb82ee
fffb9dd2
fffba52c
fffbaadc
fffbb462
fffbbd95
fffbc678
fffbd1c5
fffbda91
fffbebe9
ffff9965
fffc561a
fffc00d1
fffbaeea
fffb8a93
fffb820f
fffb7c2f
fffb75b8
fffb7a48
fffb7125
fffb7054
fffb73e2
fffb6ea2
fffb644e
fffb5d72
fffb59ac
fffb5b97
fffb5bd8
fffb5816
fffb5c20
fffb5f62
fffb5cf6
fffb5ac8
fffb58ef
fffb6145
fffb60ba
fffb5f4d
fffb6115
fffb6cde
fffb77d5
fffb7afe
fffb82ee
fffb9dd2
fffba52c
fffbaadc
fffbb462
fffbbd95
fffbc678
fffbd1c5
fffbda91
fffbebe9
ffff9965
fffc561a
fffc00d1
fffbaeea
fffb8a93
fffb820f
fffb7c2f
fffb75b8
fffb7a48
fffb7125
fffb7054
fffb73e2
fffb6ea2
fffb644e
fffb5d72
fffb59ac
fffb5b97
fffb5bd8
fffb5816
fffb5c20
fffb5f62
fffb5cf6
fffb5ac8
fffb58ef
fffb6145
fffb60ba
fffb5f4d
fffb6115
fffb6cde
fffb77d5
fffb7afe
fffb82ee
fffb9dd2
fffba52c
fffbaadc
fffbb462
fffbbd95
fffbc678
fffbd1c5
fffbda91
fffbebe9
ffff9965
fffc561a
fffc00d1
fffbaeea
fffb8a93
fffb820f
fffb7c2f
fffb75b8
fffb7a48
fffb7125
fffb7054
fffb73e2
fffb6ea2
fffb644e
fffb5d72
fffb59ac
fffb5b97
fffb5bd8
fffb5816
fffb5c20
fffb5f62
fffb5cf6
fffb5ac8
fffb58ef
fffb6145
fffb60ba
fffb5f4d
fffb6115
fffb6cde
fffb77d5
fffb7afe
fffb82ee
fffb9dd2
fffba52c
fffbaadc
fffbb462
fffbbd95
fffbc678
fffbd1c5
fffbda91
fffbebe9
ffff9965
fffc561a
fffc00d1
fffbaeea
fffb8a93
fffb820f
fffb7c2f
fffb75b8
fffb7a48
fffb7125
fffb7054
fffb73e2
fffb6ea2
fffb644e
fffb5d72
fffb59ac
fffb5b97
fffb5bd8
fffb5816
fffb5c20
fffb5f62
fffb5cf6
fffb5ac8
fffb58ef
fffb6145
fffb60ba
fffb5f4d
fffb6115
fffb6cde
fffb77d5
fffb7afe
fffb82ee
fffb9dd2
fffba52c
fffbaadc
fffbb462
fffbbd95
fffbc678
fffbd1c5
fffbda91
fffbebe9
ffff9965
fffc561a
fffc00d1
fffbaeea
fffb8a93
fffb820f
fffb7c2f
fffb75b8
fffb7a48
fffb7125
fffb7054
fffb73e2
fffb6ea2
fffb644e
fffb5d72
fffb59ac
fffb5b97
fffb5bd8
fffb5816
fffb5c20
fffb5f62
fffb5cf6
fffb5ac8
fffb58ef
fffb6145
fffb60ba
fffb5f4d
fffb6115
fffb6cde
fffb77d5
fffb7afe
fffb82ee
fffb9dd2
fffba52c
fffbaadc
fffbb462
fffbbd95
fffbc678
fffbd1c5
fffbda91
fffbebe9
ffff9965
fffc561a
fffc00d1
fffbaeea
fffb8a93
fffb820f
fffb7c2f
fffb75b8
fffb7a48
fffb7125
fffb7054
fffb73e2
fffb6ea2
fffb644e
fffb5d72
fffb59ac
fffb5b97
fffb5bd8
fffb5816
fffb5c20
fffb5f62
fffb5cf6
fffb5ac8
fffb58ef
fffb6145
fffb60ba
fffb5f4d
fffb6115
fffb6cde
fffb77d5
fffb7afe
fffb82ee
fffb9dd2
fffba52c
fffbaadc
fffbb462
fffbbd95
fffbc678
fffbd1c5
fffbda91
fffbebe9
ffff9965
fffc561a
fffc00d1
fffbaeea
fffb8a93
fffb820f
fffb7c2f
fffb75b8
fffb7a48
fffb7125
fffb7054
fffb73e2
fffb6ea2
fffb644e
fffb5d72
fffb59ac
fffb5b97
fffb5bd8
fffb5816
fffb5c20
fffb5f62
fffb5cf6
fffb5ac8
fffb58ef
fffb6145
fffb60ba
fffb5f4d
fffb6115
fffb6cde
fffb77d5
fffb7afe
fffb82ee
fffb9dd2
fffba52c
fffbaadc
fffbb462
fffbbd95
fffbc678
fffbd1c5
fffbda91
fffbebe9
ffff9965
fffc561a
fffc00d1
fffbaeea
fffb8a93
fffb820f
fffb7c2f
fffb75b8
fffb7a48
fffb7125
fffb7054
fffb73e2
fffb6ea2
fffb644e
fffb5d72
fffb59ac
fffb5b97
fffb5bd8
fffb5816
fffb5c20
fffb5f62
fffb5cf6
fffb5ac8
fffb58ef
fffb6145
fffb60ba
fffb5f4d
fffb6115
fffb6cde
fffb77d5
fffb7afe
fffb82ee
fffb9dd2
fffba52c
fffbaadc
fffbb462
fffbbd95
fffbc678
fffbd1c5
fffbda91
fffbebe9
ffff9965
fffc561a
fffc00d1
fffbaeea
fffb8a93
fffb820f
fffb7c2f
fffb75b8
fffb7a48
fffb7125
fffb7054
fffb73e2
fffb6ea2
fffb644e
fffb5d72
fffb59ac
fffb5b97
fffb5bd8
fffb5816
fffb5c20
fffb5f62
fffb5cf6
fffb5ac8
fffb58ef
fffb6145
fffb60ba
fffb5f4d
fffb6115
fffb6cde
fffb77d5
fffb7afe
fffb82ee
fffb9dd2
fffba52c
fffbaadc
fffbb462
fffbbd95
fffbc678
fffbd1c5
fffbda91
fffbebe9
ffff9965
fffc561a
fffc00d1
fffbaeea
fffb8a93
fffb820f
fffb7c2f
fffb75b8
fffb7a48
fffb7125
fffb7054
fffb73e2
fffb6ea2
fffb644e
fffb5d72
fffb59ac
fffb5b97
fffb5bd8
fffb5816
fffb5c20
fffb5f62
fffb5cf6
fffb5ac8
fffb58ef
fffb6145
fffb60ba
fffb5f4d
fffb6115
fffb6cde
fffb77d5
fffb7afe
fffb82ee
fffb9dd2
fffba52c
fffbaadc
fffbb462
fffbbd95
fffbc678
fffbd1c5
fffbda91
fffbebe9
ffff9965
fffc561a
fffc00d1
fffbaeea
fffb8a93
fffb820f
fffb7c2f
fffb75b8
fffb7a48
fffb7125
fffb7054
fffb73e2
fffb6ea2
fffb644e
fffb5d72
fffb59ac
fffb5b97
fffb5bd8
fffb5816
fffb5c20
fffb5f62
fffb5cf6
fffb5ac8
fffb58ef
fffb6145
fffb60ba
fffb5f4d
fffb6115
fffb6cde
fffb77d5
fffb7afe
fffb82ee
fffb9dd2
fffba52c
fffbaadc
fffbb462
fffbbd95
fffbc678
fffbd1c5
fffbda91
fffbebe9
ffff9965
fffc561a
fffc00d1
fffbaeea
fffb8a93
fffb820f
fffb7c2f
fffb75b8
fffb7a48
fffb7125
fffb7054
fffb73e2
fffb6ea2
fffb644e
fffb5d72
fffb59ac
fffb5b97
fffb5bd8
fffb5816
fffb5c20
fffb5f62
fffb5cf6
fffb5ac8
fffb58ef
fffb6145
fffb60ba
fffb5f4d
fffb6115
fffb6cde
fffb77d5
fffb7afe
fffb82ee
fffb9dd2
fffba52c
fffbaadc
fffbb462
fffbbd95
fffbc678
fffbd1c5
fffbda91
fffbebe9
ffff9965
fffc561a
fffc00d1
fffbaeea
fffb8a93
fffb820f
fffb7c2f
fffb75b8
fffb7a48
fffb7125
fffb7054
fffb73e2
fffb6ea2
fffb644e
fffb5d72
fffb59ac
fffb5b97
fffb5bd8
fffb5816
fffb5c20
fffb5f62
fffb5cf6
fffb5ac8
fffb58ef
fffb6145
fffb60ba
fffb5f4d
fffb6115
fffb6cde
fffb77d5
fffb7afe
fffb82ee
fffb9dd2
fffba52c
fffbaadc
fffbb462
fffbbd95
fffbc678
fffbd1c5
fffbda91
fffbebe9
ffff9965
fffc561a
fffc00d1
fffbaeea
fffb8a93
fffb820f
fffb7c2f
fffb75b8
fffb7a48
fffb7125
fffb7054
fffb73e2
fffb6ea2
fffb644e
fffb5d72
fffb59ac
fffb5b97
fffb5bd8
fffb5816
fffb5c20
fffb5f62
fffb5cf6
fffb5ac8
fffb58ef
fffb6145
fffb60ba
fffb5f4d
fffb6115
fffb6cde
fffb77d5
fffb7afe
fffb82ee
fffb9dd2
fffba52c
fffbaadc
fffbb462
fffbbd95
fffbc678
fffbd1c5
fffbda91
fffbebe9
ffff9965
fffc561a
fffc00d1
fffbaeea
fffb8a93
fffb820f
fffb7c2f
fffb75b8
fffb7a48
fffb7125
fffb7054
fffb73e2
fffb6ea2
fffb644e
fffb5d72
fffb59ac
fffb5b97
fffb5bd8
fffb5816
fffb5c20
fffb5f62
fffb5cf6
fffb5ac8
fffb58ef
fffb6145
fffb60ba
fffb5f4d
fffb6115
fffb6cde
fffb77d5
fffb7afe
fffb82ee
fffb9dd2
fffba52c
fffbaadc
fffbb462
fffbbd95
fffbc678
fffbd1c5
fffbda91
fffbebe9
ffff9965
fffc561a
fffc00d1
fffbaeea
fffb8a93
fffb820f
fffb7c2f
fffb75b8
fffb7a48
fffb7125
fffb7054
fffb73e2
fffb6ea2
fffb644e
fffb5d72
fffb59ac
fffb5b97
fffb5bd8
fffb5816
fffb5c20
fffb5f62
fffb5cf6
fffb5ac8
fffb58ef
fffb6145
fffb60ba
fffb5f4d
fffb6115
fffb6cde
fffb77d5
fffb7afe
fffb82ee
fffb9dd2
fffba52c
fffbaadc
fffbb462
fffbbd95
fffbc678
fffbd1c5
fffbda91
fffbebe9
ffff9965
fffc561a
fffc00d1
fffbaeea
fffb8a93
fffb820f
fffb7c2f
fffb75b8
fffb7a48
fffb7125
fffb7054
fffb73e2
fffb6ea2
fffb644e
fffb5d72
fffb59ac
fffb5b97
fffb5bd8
fffb5816
fffb5c20
fffb5f62
fffb5cf6
fffb5ac8
fffb58ef
fffb6145
fffb60ba
fffb5f4d
fffb6115
fffb6cde
fffb77d5
fffb7afe
fffb82ee
fffb9dd2
fffba52c
fffbaadc
fffbb462
fffbbd95
fffbc678
fffbd1c5
fffbda91
fffbebe9
ffff9965
fffc561a
fffc00d1
fffbaeea
fffb8a93
fffb820f
fffb7c2f
fffb75b8
fffb7a48
fffb7125
fffb7054
fffb73e2
fffb6ea2
fffb644e
fffb5d72
fffb59ac
fffb5b97
fffb5bd8
fffb5816
fffb5c20
fffb5f62
fffb5cf6
fffb5ac8
fffb58ef
fffb6145
fffb60ba
fffb5f4d
fffb6115
fffb6cde
fffb77d5
fffb7afe
fffb82ee
fffb9dd2
fffba52c
fffbaadc
fffbb462
fffbbd95
fffbc678
fffbd1c5
fffbda91
fffbebe9
ffff9965
fffc561a
fffc00d1
fffbaeea
fffb8a93
fffb820f
fffb7c2f
fffb75b8
fffb7a48
fffb7125
fffb7054
fffb73e2
fffb6ea2
fffb644e
fffb5d72
fffb59ac
fffb5b97
fffb5bd8
fffb5816
fffb5c20
fffb5f62
fffb5cf6
fffb5ac8
fffb58ef
fffb6145
fffb60ba
fffb5f4d
fffb6115
fffb6cde
fffb77d5
fffb7afe
fffb82ee
fffb9dd2
fffba52c
fffbaadc
fffbb462
fffbbd95
fffbc678
fffbd1c5
fffbda91
fffbebe9
ffff9965
fffc561a
fffc00d1
fffbaeea
fffb8a93
fffb820f
fffb7c2f
fffb75b8
fffb7a48
fffb7125
fffb7054
fffb73e2
fffb6ea2
fffb644e
fffb5d72
fffb59ac
fffb5b97
fffb5bd8
fffb5816
fffb5c20
fffb5f62
fffb5cf6
fffb5ac8
fffb58ef
fffb6145
fffb60ba
fffb5f4d
fffb6115
fffb6cde
fffb77d5
fffb7afe
fffb82ee
fffb9dd2
fffba52c
fffbaadc
fffbb462
fffbbd95
fffbc678
fffbd1c5
fffbda91
fffbebe9
ffff9965
fffc561a
fffc00d1
fffbaeea
fffb8a93
fffb820f
fffb7c2f
fffb75b8
fffb7a48
fffb7125
fffb7054
fffb73e2
fffb6ea2
fffb644e
fffb5d72
fffb59ac
fffb5b97
fffb5bd8
fffb5816
fffb5c20
fffb5f62
fffb5cf6
fffb5ac8
fffb58ef
fffb6145
fffb60ba
fffb5f4d
fffb6115
fffb6cde
fffb77d5
fffb7afe
fffb82ee
fffb9dd2
fffba52c
fffbaadc
fffbb462
fffbbd95
fffbc678
fffbd1c5
fffbda91
fffbebe9
ffff9965
fffc561a
fffc00d1
fffbaeea
fffb8a93
fffb820f
fffb7c2f
fffb75b8
fffb7a48
fffb7125
fffb7054
fffb73e2
fffb6ea2
fffb644e
fffb5d72
fffb59ac
fffb5b97
fffb5bd8
fffb5816
fffb5c20
fffb5f62
fffb5cf6
fffb5ac8
fffb58ef
fffb6145
fffb60ba
fffb5f4d
fffb6115
fffb6cde
fffb77d5
fffb7afe
fffb82ee
fffb9dd2
fffba52c
fffbaadc
fffbb462
fffbbd95
fffbc678
fffbd1c5
fffbda91
fffbebe9
ffff9965
fffc561a
fffc00d1
fffbaeea
fffb8a93
fffb820f
fffb7c2f
fffb75b8
fffb7a48
fffb7125
fffb7054
fffb73e2
fffb6ea2
fffb644e
fffb5d72
fffb59ac
fffb5b97
fffb5bd8
fffb5816
fffb5c20
fffb5f62
fffb5cf6
fffb5ac8
fffb58ef
fffb6145
fffb60ba
fffb5f4d
fffb6115
fffb6cde
fffb77d5
fffb7afe
fffb82ee
fffb9dd2
fffba52c
fffbaadc
fffbb462
fffbbd95
fffbc678
fffbd1c5
fffbda91
fffbebe9
ffff9965
fffc561a
fffc00d1
fffbaeea
fffb8a93
fffb820f
fffb7c2f
fffb75b8
fffb7a48
fffb7125
fffb7054
fffb73e2
fffb6ea2
fffb644e
fffb5d72
fffb59ac
fffb5b97
fffb5bd8
fffb5816
fffb5c20
fffb5f62
fffb5cf6
fffb5ac8
fffb58ef
fffb6145
fffb60ba
fffb5f4d
fffb6115
fffb6cde
fffb77d5
fffb7afe
fffb82ee
fffb9dd2
fffba52c
fffbaadc
fffbb462
fffbbd95
fffbc678
fffbd1c5
fffbda91
fffbebe9
ffff9965
fffc561a
fffc00d1
fffbaeea
fffb8a93
fffb820f
fffb7c2f
fffb75b8
fffb7a48
fffb7125
fffb7054
fffb73e2
fffb6ea2
fffb644e
fffb5d72
fffb59ac
fffb5b97
fffb5bd8
fffb5816
fffb5c20
fffb5f62
fffb5cf6
fffb5ac8
fffb58ef
fffb6145
fffb60ba
fffb5f4d
fffb6115
fffb6cde
fffb77d5
fffb7afe
fffb82ee
fffb9dd2
fffba52c
fffbaadc
fffbb462
fffbbd95
fffbc678
fffbd1c5
fffbda91
fffbebe9
ffff9965
fffc561a
fffc00d1
fffbaeea
fffb8a93
fffb820f
fffb7c2f
fffb75b8
fffb7a48
fffb7125
fffb7054
fffb73e2
fffb6ea2
fffb644e
fffb5d72
fffb59ac
fffb5b97
fffb5bd8
fffb5816
fffb5c20
fffb5f62
fffb5cf6
fffb5ac8
fffb58ef
fffb6145
fffb60ba
fffb5f4d
fffb6115
fffb6cde
fffb77d5
fffb7afe
fffb82ee
fffb9dd2
fffba52c
fffbaadc
fffbb462
fffbbd95
fffbc678
fffbd1c5
fffbda91
fffbebe9
ffff9965
fffc561a
fffc00d1
fffbaeea
fffb8a93
fffb820f
fffb7c2f
fffb75b8
fffb7a48
fffb7125
fffb7054
fffb73e2
fffb6ea2
fffb644e
fffb5d72
fffb59ac
fffb5b97
fffb5bd8
fffb5816
fffb5c20
fffb5f62
fffb5cf6
fffb5ac8
fffb58ef
fffb6145
fffb60ba
fffb5f4d
fffb6115
fffb6cde
fffb77d5
fffb7afe
fffb82ee
fffb9dd2
fffba52c
fffbaadc
fffbb462
fffbbd95
fffbc678
fffbd1c5
fffbda91
fffbebe9
ffff9965
fffc561a
fffc00d1
fffbaeea
fffb8a93
fffb820f
fffb7c2f
fffb75b8
fffb7a48
fffb7125
fffb7054
fffb73e2
fffb6ea2
fffb644e
fffb5d72
fffb59ac
fffb5b97
fffb5bd8
fffb5816
fffb5c20
fffb5f62
fffb5cf6
fffb5ac8
fffb58ef
fffb6145
fffb60ba
fffb5f4d
fffb6115
fffb6cde
fffb77d5
fffb7afe
fffb82ee
fffb9dd2
fffba52c
fffbaadc
fffbb462
fffbbd95
fffbc678
fffbd1c5
fffbda91
fffbebe9
ffff9965
fffc561a
fffc00d1
fffbaeea
fffb8a93
fffb820f
fffb7c2f
fffb75b8
fffb7a48
fffb7125
fffb7054
fffb73e2
fffb6ea2
fffb644e
fffb5d72
fffb59ac
fffb5b97
fffb5bd8
fffb5816
fffb5c20
fffb5f62
fffb5cf6
fffb5ac8
fffb58ef
fffb6145
fffb60ba
fffb5f4d
fffb6115
fffb6cde
fffb77d5
fffb7afe
fffb82ee
fffb9dd2
fffba52c
fffbaadc
fffbb462
fffbbd95
fffbc678
fffbd1c5
fffbda91
fffbebe9
ffff9965
fffc561a
fffc00d1
fffbaeea
fffb8a93
fffb820f
fffb7c2f
fffb75b8
fffb7a48
fffb7125
fffb7054
fffb73e2
fffb6ea2
fffb644e
fffb5d72
fffb59ac
fffb5b97
fffb5bd8
fffb5816
fffb5c20
fffb5f62
fffb5cf6
fffb5ac8
fffb58ef
fffb6145
fffb60ba
fffb5f4d
fffb6115
fffb6cde
fffb77d5
fffb7afe
fffb82ee
fffb9dd2
fffba52c
fffbaadc
fffbb462
fffbbd95
fffbc678
fffbd1c5
fffbda91
fffbebe9
ffff9965
fffc561a
fffc00d1
fffbaeea
fffb8a93
fffb820f
fffb7c2f
fffb75b8
fffb7a48
fffb7125
fffb7054
fffb73e2
fffb6ea2
fffb644e
fffb5d72
fffb59ac
fffb5b97
fffb5bd8
fffb5816
fffb5c20
fffb5f62
fffb5cf6
fffb5ac8
fffb58ef
fffb6145
fffb60ba
fffb5f4d
fffb6115
fffb6cde
fffb77d5
fffb7afe
fffb82ee
fffb9dd2
fffba52c
fffbaadc
fffbb462
fffbbd95
fffbc678
fffbd1c5
fffbda91
fffbebe9
ffff9965
fffc561a
fffc00d1
fffbaeea
fffb8a93
fffb820f
fffb7c2f
fffb75b8
fffb7a48
fffb7125
fffb7054
fffb73e2
fffb6ea2
fffb644e
fffb5d72
fffb59ac
fffb5b97
fffb5bd8
fffb5816
fffb5c20
fffb5f62
fffb5cf6
fffb5ac8
fffb58ef
fffb6145
fffb60ba
fffb5f4d
fffb6115
fffb6cde
fffb77d5
fffb7afe
fffb82ee
fffb9dd2
fffba52c
fffbaadc
fffbb462
fffbbd95
fffbc678
fffbd1c5
fffbda91
fffbebe9
ffff9965
fffc561a
fffc00d1
fffbaeea
fffb8a93
fffb820f
fffb7c2f
fffb75b8
fffb7a48
fffb7125
fffb7054
fffb73e2
fffb6ea2
fffb644e
fffb5d72
fffb59ac
fffb5b97
fffb5bd8
fffb5816
fffb5c20
fffb5f62
fffb5cf6
fffb5ac8
fffb58ef
fffb6145
fffb60ba
fffb5f4d
fffb6115
fffb6cde
fffb77d5
fffb7afe
fffb82ee
fffb9dd2
fffba52c
fffbaadc
fffbb462
fffbbd95
fffbc678
fffbd1c5
fffbda91
fffbebe9
ffff9965
fffc561a
fffc00d1
fffbaeea
fffb8a93
fffb820f
fffb7c2f
fffb75b8
fffb7a48
fffb7125
fffb7054
fffb73e2
fffb6ea2
fffb644e
fffb5d72
fffb59ac
fffb5b97
fffb5bd8
fffb5816
fffb5c20
fffb5f62
fffb5cf6
fffb5ac8
fffb58ef
fffb6145
fffb60ba
fffb5f4d
fffb6115
fffb6cde
fffb77d5
fffb7afe
fffb82ee
fffb9dd2
fffba52c
fffbaadc
fffbb462
fffbbd95
fffbc678
fffbd1c5
fffbda91
fffbebe9
ffff9965
fffc561a
fffc00d1
fffbaeea
fffb8a93
fffb820f
fffb7c2f
fffb75b8
fffb7a48
fffb7125
fffb7054
fffb73e2
fffb6ea2
fffb644e
fffb5d72
fffb59ac
fffb5b97
fffb5bd8
fffb5816
fffb5c20
fffb5f62
fffb5cf6
fffb5ac8
fffb58ef
fffb6145
fffb60ba
fffb5f4d
fffb6115
fffb6cde
fffb77d5
fffb7afe
fffb82ee
fffb9dd2
fffba52c
fffbaadc
fffbb462
fffbbd95
fffbc678
fffbd1c5
fffbda91
fffbebe9
ffff9965
ffffbef4
ffffd86d
ffffd681
ffffb3a2
ffff948f
ffffa5a6
ffffa3d5
ffff8e07
ffff7c23
ffffbd4a
ffffcd2c
ffffa743
ffffbd9c
ffffbf34
ffffd6b7
ffffb336
ffffbcd2
ffffc024
ffffc173
ffffee38
ffffedd8
ffffa1aa
fffff554
000015c7
0000158f
00001007
ffffd630
fffff994
0000046e
00000cdc
000022e1
00001e99
000039bc
00003e8e
00003956
0000332c
00003250
00004ae7
00004e63
00004b15
ffff9965
fffc561a
fffc00d1
fffbaeea
fffb8a93
fffb820f
fffb7c2f
fffb75b8
fffb7a48
fffb7125
fffb7054
fffb73e2
fffb6ea2
fffb644e
fffb5d72
fffb59ac
fffb5b97
fffb5bd8
fffb5816
fffb5c20
fffb5f62
fffb5cf6
fffb5ac8
fffb58ef
fffb6145
fffb60ba
fffb5f4d
fffb6115
fffb6cde
fffb77d5
fffb7afe
fffb82ee
fffb9dd2
fffba52c
fffbaadc
fffbb462
fffbbd95
fffbc678
fffbd1c5
fffbda91
fffbebe9
ffff9965
ffffbef4
ffffd86d
ffffd681
ffffb3a2
ffff948f
ffffa5a6
ffffa3d5
ffff8e07
ffff7c23
ffffbd4a
ffffcd2c
ffffa743
ffffbd9c
ffffbf34
ffffd6b7
ffffb336
ffffbcd2
ffffc024
ffffc173
ffffee38
ffffedd8
ffffa1aa
fffff554
000015c7
0000158f
00001007
ffffd630
fffff994
0000046e
00000cdc
000022e1
00001e99
000039bc
00003e8e
00003956
0000332c
00003250
00004ae7
00004e63
00004b15
ffff9965
ffffdc90
00003eb7
00004f1e
00000293
00002a07
00000aa4
0000165c
fffff5e4
00001679
00001149
00002929
0000195a
00001e95
00001e85
00002125
00002c75
000026a7
fffff94e
0000095a
0000251a
00003e11
0000225f
00002982
00003dcb
00003614
00003aa4
0000391f
000043bd
000056e2
0000500e
00005a7f
00005c0d
00006d17
00007179
00006657
00007727
00007986
00008635
00008748
0000872e
00002803
ffffbef4
ffffd86d
ffffd681
ffffb3a2
ffff948f
ffffa5a6
ffffa3d5
ffff8e07
ffff7c23
ffffbd4a
ffffcd2c
ffffa743
ffffbd9c
ffffbf34
ffffd6b7
ffffb336
ffffbcd2
ffffc024
ffffc173
ffffee38
ffffedd8
ffffa1aa
fffff554
000015c7
0000158f
00001007
ffffd630
fffff994
0000046e
00000cdc
000022e1
00001e99
000039bc
00003e8e
00003956
0000332c
00003250
00004ae7
00004e63
00004b15
ffff9965
ffffdc90
00003eb7
00004f1e
00000293
00002a07
00000aa4
0000165c
fffff5e4
00001679
00001149
00002929
0000195a
00001e95
00001e85
00002125
00002c75
000026a7
fffff94e
0000095a
0000251a
00003e11
0000225f
00002982
00003dcb
00003614
00003aa4
0000391f
000043bd
000056e2
0000500e
00005a7f
00005c0d
00006d17
00007179
00006657
00007727
00007986
00008635
00008748
0000872e
00002803
ffffe2ad
00006bf6
0000847f
00002047
00005fe4
00003b13
00004fcd
0000360f
00004dba
000038eb
00004eab
00005041
00004aaa
000046a0
00004659
00004f0b
00002e25
00000abd
0000126d
00000fef
00003485
000028ee
00002f82
00002a14
00002816
000037cd
00004d88
000044f7
00005689
00005772
00005aa7
00005b5d
00007065
00006ed9
00006f32
0000772c
000079e0
00007584
00007af6
00008d35
00002245
ffffdc90
00003eb7
00004f1e
00000293
00002a07
00000aa4
0000165c
fffff5e4
00001679
00001149
00002929
0000195a
00001e95
00001e85
00002125
00002c75
000026a7
fffff94e
0000095a
0000251a
00003e11
0000225f
00002982
00003dcb
00003614
00003aa4
0000391f
000043bd
000056e2
0000500e
00005a7f
00005c0d
00006d17
00007179
00006657
00007727
00007986
00008635
00008748
0000872e
00002803
ffffe2ad
00006bf6
0000847f
00002047
00005fe4
00003b13
00004fcd
0000360f
00004dba
000038eb
00004eab
00005041
00004aaa
000046a0
00004659
00004f0b
00002e25
00000abd
0000126d
00000fef
00003485
000028ee
00002f82
00002a14
00002816
000037cd
00004d88
000044f7
00005689
00005772
00005aa7
00005b5d
00007065
00006ed9
00006f32
0000772c
000079e0
00007584
00007af6
00008d35
00002245
ffffe295
00008674
0000a15e
000038e0
00007e49
00005754
0000710c
00005263
00006aed
0000531d
00006cbf
00006664
00006501
00006a3d
00006d4a
00006e59
000029f1
00001040
00003a91
00003606
00003e29
000039b1
000030a2
00002a3d
00004c02
00004415
000046d6
00004a81
00005040
00005973
00006ba3
00006aaf
000072df
00006fa8
00007491
00007d72
0000795d
00007724
00007af8
0000972c
000027d7
ffffe2ad
00006bf6
0000847f
00002047
00005fe4
00003b13
00004fcd
0000360f
00004dba
000038eb
00004eab
00005041
00004aaa
000046a0
00004659
00004f0b
00002e25
00000abd
0000126d
00000fef
00003485
000028ee
00002f82
00002a14
00002816
000037cd
00004d88
000044f7
00005689
00005772
00005aa7
00005b5d
00007065
00006ed9
00006f32
0000772c
000079e0
00007584
00007af6
00008d35
00002245
ffffe295
00008674
0000a15e
000038e0
00007e49
00005754
0000710c
00005263
00006aed
0000531d
00006cbf
00006664
00006501
00006a3d
00006d4a
00006e59
000029f1
00001040
00003a91
00003606
00003e29
000039b1
000030a2
00002a3d
00004c02
00004415
000046d6
00004a81
00005040
00005973
00006ba3
00006aaf
000072df
00006fa8
00007491
00007d72
0000795d
00007724
00007af8
0000972c
000027d7
ffffe913
00009881
0000b475
0000498e
000090fc
000068c4
000081a3
0000645c
00007d00
000067de
00007ec1
00007a80
00007969
00007c3a
0000856c
000082c4
0000325c
00002649
000041e7
000030a0
00003b83
00003887
0000366e
000026cc
00004bba
00003d0f
000047b6
00005941
00005a02
00005766
00005c75
0000629f
00006b15
00006baf
00006e11
00006ec9
000077b0
000086f8
000087d6
00009a49
000028bf
ffffe295
00008674
0000a15e
000038e0
00007e49
00005754
0000710c
00005263
00006aed
0000531d
00006cbf
00006664
00006501
00006a3d
00006d4a
00006e59
000029f1
00001040
00003a91
00003606
00003e29
000039b1
000030a2
00002a3d
00004c02
00004415
000046d6
00004a81
00005040
00005973
00006ba3
00006aaf
000072df
00006fa8
00007491
00007d72
0000795d
00007724
00007af8
0000972c
000027d7
ffffe913
00009881
0000b475
0000498e
000090fc
000068c4
000081a3
0000645c
00007d00
000067de
00007ec1
00007a80
00007969
00007c3a
0000856c
000082c4
0000325c
00002649
000041e7
000030a0
00003b83
00003887
0000366e
000026cc
00004bba
00003d0f
000047b6
00005941
00005a02
00005766
00005c75
0000629f
00006b15
00006baf
00006e11
00006ec9
000077b0
000086f8
000087d6
00009a49
000028bf
ffffed58
0000a381
0000c022
00005560
00009c0f
0000758d
00008d65
00006f77
00008b49
0000755a
00008a70
00008805
000085f9
0000898d
000092f8
000086e5
00002b5e
00002790
00002399
00001fc2
00002112
0000388a
000037a0
00003cb6
0000396c
00003ffa
00003fb8
00004e50
000045f8
000050a7
00006144
0000705c
000068dc
000062cd
00006626
00006da6
00007618
00008723
00008a5d
0000995a
000028bf
ffffe913
00009881
0000b475
0000498e
000090fc
000068c4
000081a3
0000645c
00007d00
000067de
00007ec1
00007a80
00007969
00007c3a
0000856c
000082c4
0000325c
00002649
000041e7
000030a0
00003b83
00003887
0000366e
000026cc
00004bba
00003d0f
000047b6
00005941
00005a02
00005766
00005c75
0000629f
00006b15
00006baf
00006e11
00006ec9
000077b0
000086f8
000087d6
00009a49
000028bf
ffffed58
0000a381
0000c022
00005560
00009c0f
0000758d
00008d65
00006f77
00008b49
0000755a
00008a70
00008805
000085f9
0000898d
000092f8
000086e5
00002b5e
00002790
00002399
00001fc2
00002112
0000388a
000037a0
00003cb6
0000396c
00003ffa
00003fb8
00004e50
000045f8
000050a7
00006144
0000705c
000068dc
000062cd
00006626
00006da6
00007618
00008723
00008a5d
0000995a
000028bf
fffff393
0000a4d2
0000c184
0000534a
00009f31
00007764
00009046
000072ee
00008d50
00007552
00008ca3
00008bda
0000888a
00008a6f
000095cb
000090ff
00003287
ffffe39b
000009a1
000030df
00003260
0000435b
00002dc3
00003a90
00003699
000040a5
0000416f
0000496e
00004a9e
00004f24
000063f1
00006f8c
00007768
00006546
000065ec
000079c6
00007973
000082aa
00008485
00009b33
000028bf
ffffed58
0000a381
0000c022
00005560
00009c0f
0000758d
00008d65
00006f77
00008b49
0000755a
00008a70
00008805
000085f9
0000898d
000092f8
000086e5
00002b5e
00002790
00002399
00001fc2
00002112
0000388a
000037a0
00003cb6
0000396c
00003ffa
00003fb8
00004e50
000045f8
000050a7
00006144
0000705c
000068dc
000062cd
00006626
00006da6
00007618
00008723
00008a5d
0000995a
000028bf
fffff393
0000a4d2
0000c184
0000534a
00009f31
00007764
00009046
000072ee
00008d50
00007552
00008ca3
00008bda
0000888a
00008a6f
000095cb
000090ff
00003287
ffffe39b
000009a1
000030df
00003260
0000435b
00002dc3
00003a90
00003699
000040a5
0000416f
0000496e
00004a9e
00004f24
000063f1
00006f8c
00007768
00006546
000065ec
000079c6
00007973
000082aa
00008485
00009b33
000028bf
fffff5f0
0000a4a2
0000c152
000053b6
00009fcc
00007875
00009096
000071ae
00008d91
00007656
00008bfc
0000866a
0000886a
00008c0c
00009035
00009340
000038f3
ffffffcc
00001a73
00003337
00002932
0000369d
00003a63
00003e2e
000037fd
0000357c
00003cd7
00004b5f
00004e1f
00004272
00005b24
00006ab2
00006bad
00006df6
0000741b
00007bd6
00007b25
00007e23
0000893b
000093b5
000028bf
fffff393
0000a4d2
0000c184
0000534a
00009f31
00007764
00009046
000072ee
00008d50
00007552
00008ca3
00008bda
0000888a
00008a6f
000095cb
000090ff
00003287
ffffe39b
000009a1
000030df
00003260
0000435b
00002dc3
00003a90
00003699
000040a5
0000416f
0000496e
00004a9e
00004f24
000063f1
00006f8c
00007768
00006546
000065ec
000079c6
00007973
000082aa
00008485
00009b33
000028bf
fffff5f0
0000a4a2
0000c152
000053b6
00009fcc
00007875
00009096
000071ae
00008d91
00007656
00008bfc
0000866a
0000886a
00008c0c
00009035
00009340
000038f3
ffffffcc
00001a73
00003337
00002932
0000369d
00003a63
00003e2e
000037fd
0000357c
00003cd7
00004b5f
00004e1f
00004272
00005b24
00006ab2
00006bad
00006df6
0000741b
00007bd6
00007b25
00007e23
0000893b
000093b5
000028bf
fffff311
0000a4e0
0000c1cc
000053e6
00009eaf
00007680
000090e7
00007306
00008d8c
000074df
00008bf4
000089ee
00008897
00008d54
00009251
0000924a
000038f8
00001128
00001ec5
00003001
00002b32
0000267b
0000367d
000034fc
000046ed
000048df
000045af
00003fd3
00005436
00005070
000065a1
00006333
00006013
000067e5
000077f9
000080c6
00007b44
00008069
00008d1c
00009af0
000028bf
fffff5f0
0000a4a2
0000c152
000053b6
00009fcc
00007875
00009096
000071ae
00008d91
00007656
00008bfc
0000866a
0000886a
00008c0c
00009035
00009340
000038f3
ffffffcc
00001a73
00003337
00002932
0000369d
00003a63
00003e2e
000037fd
0000357c
00003cd7
00004b5f
00004e1f
00004272
00005b24
00006ab2
00006bad
00006df6
0000741b
00007bd6
00007b25
00007e23
0000893b
000093b5
000028bf
fffff311
0000a4e0
0000c1cc
000053e6
00009eaf
00007680
000090e7
00007306
00008d8c
000074df
00008bf4
000089ee
00008897
00008d54
00009251
0000924a
000038f8
00001128
00001ec5
00003001
00002b32
0000267b
0000367d
000034fc
000046ed
000048df
000045af
00003fd3
00005436
00005070
000065a1
00006333
00006013
000067e5
000077f9
000080c6
00007b44
00008069
00008d1c
00009af0
000028bf
fffff7a8
0000a49e
0000c166
000053ac
00009f41
000076e8
00009008
00007150
00008cc7
000077a2
00008d9a
000089a4
000088e4
00008b6f
000092d4
00009224
00003c86
00000eb0
000015a6
00001b0e
00002a2e
00003cfc
00003b9a
000034d1
00005353
00004d80
00003d5f
00004aef
00004935
00004c70
00006757
00005f30
000068a8
00006d26
00006d7f
00007674
0000815e
00007fd0
00009443
000097c6
000028bf
fffff311
0000a4e0
0000c1cc
000053e6
00009eaf
00007680
000090e7
00007306
00008d8c
000074df
00008bf4
000089ee
00008897
00008d54
00009251
0000924a
000038f8
00001128
00001ec5
00003001
00002b32
0000267b
0000367d
000034fc
000046ed
000048df
000045af
00003fd3
00005436
00005070
000065a1
00006333
00006013
000067e5
000077f9
000080c6
00007b44
00008069
00008d1c
00009af0
000028bf
fffff7a8
0000a49e
0000c166
000053ac
00009f41
000076e8
00009008
00007150
00008cc7
000077a2
00008d9a
000089a4
000088e4
00008b6f
000092d4
00009224
00003c86
00000eb0
000015a6
00001b0e
00002a2e
00003cfc
00003b9a
000034d1
00005353
00004d80
00003d5f
00004aef
00004935
00004c70
00006757
00005f30
000068a8
00006d26
00006d7f
00007674
0000815e
00007fd0
00009443
000097c6
000028bf
fffffb74
0000a44e
0000c120
000053b3
00009f6c
00007741
00008fba
00007123
00008c59
00007503
00008ce9
0000887e
00008628
000088a5
0000913d
00008fbd
00002ed3
00000a8d
0000271b
000028ad
00002a5f
0000272c
000039e2
00002d9a
00003d32
00004173
0000409a
00004512
0000460b
000054eb
0000638a
00006260
000071be
00007223
00007920
00007fe8
00007859
0000792c
000082dd
0000953e
000028bf
fffff7a8
0000a49e
0000c166
000053ac
00009f41
000076e8
00009008
00007150
00008cc7
000077a2
00008d9a
000089a4
000088e4
00008b6f
000092d4
00009224
00003c86
00000eb0
000015a6
00001b0e
00002a2e
00003cfc
00003b9a
000034d1
00005353
00004d80
00003d5f
00004aef
00004935
00004c70
00006757
00005f30
000068a8
00006d26
00006d7f
00007674
0000815e
00007fd0
00009443
000097c6
000028bf
fffffb74
0000a44e
0000c120
000053b3
00009f6c
00007741
00008fba
00007123
00008c59
00007503
00008ce9
0000887e
00008628
000088a5
0000913d
00008fbd
00002ed3
00000a8d
0000271b
000028ad
00002a5f
0000272c
000039e2
00002d9a
00003d32
00004173
0000409a
00004512
0000460b
000054eb
0000638a
00006260
000071be
00007223
00007920
00007fe8
00007859
0000792c
000082dd
0000953e
000028bf
ffffde5e
0000a47b
0000c12c
000052eb
00009f3d
000077a1
00008f81
00007135
00008c5c
000077c8
00008dad
000089be
00008631
00008813
00009276
00008fb8
000037db
00001231
000031dd
00003ba2
000022b7
00002556
00002600
0000328d
000032ae
00003968
00005048
00005450
00004e08
00006715
000050f0
00006064
00007747
000074a0
0000765c
00007c21
000074de
00007ba2
00008c43
00008cf7
000028bf
fffffb74
0000a44e
0000c120
000053b3
00009f6c
00007741
00008fba
00007123
00008c59
00007503
00008ce9
0000887e
00008628
000088a5
0000913d
00008fbd
00002ed3
00000a8d
0000271b
000028ad
00002a5f
0000272c
000039e2
00002d9a
00003d32
00004173
0000409a
00004512
0000460b
000054eb
0000638a
00006260
000071be
00007223
00007920
00007fe8
00007859
0000792c
000082dd
0000953e
000028bf
ffffde5e
0000a47b
0000c12c
000052eb
00009f3d
000077a1
00008f81
00007135
00008c5c
000077c8
00008dad
000089be
00008631
00008813
00009276
00008fb8
000037db
00001231
000031dd
00003ba2
000022b7
00002556
00002600
0000328d
000032ae
00003968
00005048
00005450
00004e08
00006715
000050f0
00006064
00007747
000074a0
0000765c
00007c21
000074de
00007ba2
00008c43
00008cf7
000028bf
ffffdfc0
0000a4ab
0000c15b
000052ea
00009fc1
00007827
0000900c
0000714c
00008b3b
0000754d
00008d4f
00008e26
00008989
00008907
0000919f
00009020
0000354a
00001d24
00003188
00003ee8
0000300a
000035e9
00003956
0000383a
00003147
00003f8a
00004ff3
00005484
0000491f
0000640c
0000514f
00005ffc
00005e95
000068f0
00006bee
00007acc
000079c1
00008662
00009512
00008ef8
000028bf
ffffde5e
0000a47b
0000c12c
000052eb
00009f3d
000077a1
00008f81
00007135
00008c5c
000077c8
00008dad
000089be
00008631
00008813
00009276
00008fb8
000037db
00001231
000031dd
00003ba2
000022b7
00002556
00002600
0000328d
000032ae
00003968
00005048
00005450
00004e08
00006715
000050f0
00006064
00007747
000074a0
0000765c
00007c21
000074de
00007ba2
00008c43
00008cf7
000028bf
ffffdfc0
0000a4ab
0000c15b
000052ea
00009fc1
00007827
0000900c
0000714c
00008b3b
0000754d
00008d4f
00008e26
00008989
00008907
0000919f
00009020
0000354a
00001d24
00003188
00003ee8
0000300a
000035e9
00003956
0000383a
00003147
00003f8a
00004ff3
00005484
0000491f
0000640c
0000514f
00005ffc
00005e95
000068f0
00006bee
00007acc
000079c1
00008662
00009512
00008ef8
000028bf
fffff998
0000a4ab
0000c17a
0000543d
0000a051
000077bc
00008fd5
00007212
00008ba4
0000757e
00008c3c
00008d47
00008a23
00008b33
000091e0
00009237
00004011
00002702
000020bd
0000290d
0000340d
00003f49
00003b4f
000031a6
00003b4e
00004154
00005854
00005191
0000425e
000050c2
00005af2
00006c40
0000686c
000067c2
00006618
000078c3
00007d46
00008934
00008765
00008ea0
000028bf
ffffdfc0
0000a4ab
0000c15b
000052ea
00009fc1
00007827
0000900c
0000714c
00008b3b
0000754d
00008d4f
00008e26
00008989
00008907
0000919f
00009020
0000354a
00001d24
00003188
00003ee8
0000300a
000035e9
00003956
0000383a
00003147
00003f8a
00004ff3
00005484
0000491f
0000640c
0000514f
00005ffc
00005e95
000068f0
00006bee
00007acc
000079c1
00008662
00009512
00008ef8
000028bf
fffff998
0000a4ab
0000c17a
0000543d
0000a051
000077bc
00008fd5
00007212
00008ba4
0000757e
00008c3c
00008d47
00008a23
00008b33
000091e0
00009237
00004011
00002702
000020bd
0000290d
0000340d
00003f49
00003b4f
000031a6
00003b4e
00004154
00005854
00005191
0000425e
000050c2
00005af2
00006c40
0000686c
000067c2
00006618
000078c3
00007d46
00008934
00008765
00008ea0
000028bf
fffff09a
0000a480
0000c19d
00005574
0000a0a3
000078f5
00008fac
000071a7
00008b4a
0000757b
00008bd2
00008dc4
00008aac
00008be7
0000915e
00008fbc
00003dc3
000037c9
0000211c
00001f96
000030b5
00003624
00002b66
00003b96
00003d8d
00003c01
00004796
00005020
000054e8
000055cf
000066f1
00006549
00006d8a
00007274
00006b14
00007438
000078ea
00007f0f
00008abd
00008bb7
000028bf
fffff998
0000a4ab
0000c17a
0000543d
0000a051
000077bc
00008fd5
00007212
00008ba4
0000757e
00008c3c
00008d47
00008a23
00008b33
000091e0
00009237
00004011
00002702
000020bd
0000290d
0000340d
00003f49
00003b4f
000031a6
00003b4e
00004154
00005854
00005191
0000425e
000050c2
00005af2
00006c40
0000686c
000067c2
00006618
000078c3
00007d46
00008934
00008765
00008ea0
000028bf
fffff09a
0000a480
0000c19d
00005574
0000a0a3
000078f5
00008fac
000071a7
00008b4a
0000757b
00008bd2
00008dc4
00008aac
00008be7
0000915e
00008fbc
00003dc3
000037c9
0000211c
00001f96
000030b5
00003624
00002b66
00003b96
00003d8d
00003c01
00004796
00005020
000054e8
000055cf
000066f1
00006549
00006d8a
00007274
00006b14
00007438
000078ea
00007f0f
00008abd
00008bb7
000028bf
fffff63a
0000a4a5
0000c14f
000051b6
00009eab
00007726
00008fd6
00007127
00008b0e
00007680
00008ec9
00008db6
00008ab1
00008c4f
0000920b
00008e09
000038d6
00003b45
000038b0
000030be
000022f5
00001eae
000039ac
00003c6b
000043ab
000040ae
00004184
0000460c
0000583e
0000569a
000057af
00006228
00006831
000079fe
000075ab
00006ece
0000848a
00008108
000085f9
000088bd
000028bf
fffff09a
0000a480
0000c19d
00005574
0000a0a3
000078f5
00008fac
000071a7
00008b4a
0000757b
00008bd2
00008dc4
00008aac
00008be7
0000915e
00008fbc
00003dc3
000037c9
0000211c
00001f96
000030b5
00003624
00002b66
00003b96
00003d8d
00003c01
00004796
00005020
000054e8
000055cf
000066f1
00006549
00006d8a
00007274
00006b14
00007438
000078ea
00007f0f
00008abd
00008bb7
000028bf
fffff63a
0000a4a5
0000c14f
000051b6
00009eab
00007726
00008fd6
00007127
00008b0e
00007680
00008ec9
00008db6
00008ab1
00008c4f
0000920b
00008e09
000038d6
00003b45
000038b0
000030be
000022f5
00001eae
000039ac
00003c6b
000043ab
000040ae
00004184
0000460c
0000583e
0000569a
000057af
00006228
00006831
000079fe
000075ab
00006ece
0000848a
00008108
000085f9
000088bd
000028bf
0000051e
0000a4e7
0000c185
00005344
00009eed
0000773f
00008f89
0000709a
00008d39
00007516
00008b43
00008b9a
00008875
000089e9
00008fff
00008d8c
00003c97
00001d31
0000149f
00003242
00003922
000023d5
00003206
00003900
000034e4
00003f06
000044f9
000044dc
00004f39
00004f15
00005ae3
00006352
00006bcf
000070ab
000085e4
0000778f
0000830b
0000810a
000083f2
000092ae
000028bf
fffff63a
0000a4a5
0000c14f
000051b6
00009eab
00007726
00008fd6
00007127
00008b0e
00007680
00008ec9
00008db6
00008ab1
00008c4f
0000920b
00008e09
000038d6
00003b45
000038b0
000030be
000022f5
00001eae
000039ac
00003c6b
000043ab
000040ae
00004184
0000460c
0000583e
0000569a
000057af
00006228
00006831
000079fe
000075ab
00006ece
0000848a
00008108
000085f9
000088bd
000028bf
0000051e
0000a4e7
0000c185
00005344
00009eed
0000773f
00008f89
0000709a
00008d39
00007516
00008b43
00008b9a
00008875
000089e9
00008fff
00008d8c
00003c97
00001d31
0000149f
00003242
00003922
000023d5
00003206
00003900
000034e4
00003f06
000044f9
000044dc
00004f39
00004f15
00005ae3
00006352
00006bcf
000070ab
000085e4
0000778f
0000830b
0000810a
000083f2
000092ae
000028bf
000010c2
0000a4f4
0000c1b6
000053c3
00009ec0
0000764d
00008ff0
00007235
00008dff
000075d6
00008a2c
00008912
00008a25
00008ca0
000091c9
00008ed7
00003cb3
00002080
000023fa
00002d14
00004717
00001f4b
000025bb
000030c7
00004b6e
00004b4d
00004673
0000407e
000050dc
000050ae
000052f8
0000662b
00006812
00006a75
00007779
00007dc0
00007a80
00008b2c
000083be
0000959f
000028bf
0000051e
0000a4e7
0000c185
00005344
00009eed
0000773f
00008f89
0000709a
00008d39
00007516
00008b43
00008b9a
00008875
000089e9
00008fff
00008d8c
00003c97
00001d31
0000149f
00003242
00003922
000023d5
00003206
00003900
000034e4
00003f06
000044f9
000044dc
00004f39
00004f15
00005ae3
00006352
00006bcf
000070ab
000085e4
0000778f
0000830b
0000810a
000083f2
000092ae
000028bf
000010c2
0000a4f4
0000c1b6
000053c3
00009ec0
0000764d
00008ff0
00007235
00008dff
000075d6
00008a2c
00008912
00008a25
00008ca0
000091c9
00008ed7
00003cb3
00002080
000023fa
00002d14
00004717
00001f4b
000025bb
000030c7
00004b6e
00004b4d
00004673
0000407e
000050dc
000050ae
000052f8
0000662b
00006812
00006a75
00007779
00007dc0
00007a80
00008b2c
000083be
0000959f
000028bf
ffffef10
0000a4ef
0000c1bf
000053ef
00009ec3
000076ce
00008ebf
0000713c
00008d64
00007516
00008d03
0000887c
000087c9
00008afb
00009080
00008eab
00003cb1
000027bd
0000255f
0000338f
00003e7c
00002fe5
00002ef0
0000332f
000046a4
00004bc2
000060d1
000055d3
000056fe
00005c73
0000546b
00005a68
00006a27
000074bd
00006bb1
00007334
00006fda
00007d4c
000081e5
00009135
000028bf
000010c2
0000a4f4
0000c1b6
000053c3
00009ec0
0000764d
00008ff0
00007235
00008dff
000075d6
00008a2c
00008912
00008a25
00008ca0
000091c9
00008ed7
00003cb3
00002080
000023fa
00002d14
00004717
00001f4b
000025bb
000030c7
00004b6e
00004b4d
00004673
0000407e
000050dc
000050ae
000052f8
0000662b
00006812
00006a75
00007779
00007dc0
00007a80
00008b2c
000083be
0000959f
000028bf
ffffef10
0000a4ef
0000c1bf
000053ef
00009ec3
000076ce
00008ebf
0000713c
00008d64
00007516
00008d03
0000887c
000087c9
00008afb
00009080
00008eab
00003cb1
000027bd
0000255f
0000338f
00003e7c
00002fe5
00002ef0
0000332f
000046a4
00004bc2
000060d1
000055d3
000056fe
00005c73
0000546b
00005a68
00006a27
000074bd
00006bb1
00007334
00006fda
00007d4c
000081e5
00009135
000028bf
fffff2e8
0000a541
0000c1c1
000052b0
00009ef3
000077ce
00008f6c
0000709e
00008bb1
0000763d
00008cce
00008d2a
0000883b
00008916
00009157
0000919a
00003b12
00000dcd
0000144a
00003212
000029ab
00003874
0000334e
000039bf
00003d0d
0000403b
0000560e
00005123
0000462b
00005134
00006163
00006583
0000731a
00007e4a
000073bb
00006a0f
00007480
00007c8f
000086ee
000099a3
000028bf
ffffef10
0000a4ef
0000c1bf
000053ef
00009ec3
000076ce
00008ebf
0000713c
00008d64
00007516
00008d03
0000887c
000087c9
00008afb
00009080
00008eab
00003cb1
000027bd
0000255f
0000338f
00003e7c
00002fe5
00002ef0
0000332f
000046a4
00004bc2
000060d1
000055d3
000056fe
00005c73
0000546b
00005a68
00006a27
000074bd
00006bb1
00007334
00006fda
00007d4c
000081e5
00009135
000028bf
fffff2e8
0000a541
0000c1c1
000052b0
00009ef3
000077ce
00008f6c
0000709e
00008bb1
0000763d
00008cce
00008d2a
0000883b
00008916
00009157
0000919a
00003b12
00000dcd
0000144a
00003212
000029ab
00003874
0000334e
000039bf
00003d0d
0000403b
0000560e
00005123
0000462b
00005134
00006163
00006583
0000731a
00007e4a
000073bb
00006a0f
00007480
00007c8f
000086ee
000099a3
000028bf
ffffef72
0000a4ca
0000c1ce
00005512
00009fad
0000773b
00008f1e
00007118
00008c4e
000073f2
0000898b
00008dff
00008af3
00008af9
0000934f
000091b8
00003aa5
00000d7d
000005c0
0000211d
00002704
000031c3
0000353c
000035fa
000026c4
00003111
000053f5
00005450
00005fd4
000050ad
00005d8a
00005d35
00006a64
00006ca6
00007bf9
00007e8c
0000787a
00007cba
0000831d
000091cd
000028bf
fffff2e8
0000a541
0000c1c1
000052b0
00009ef3
000077ce
00008f6c
0000709e
00008bb1
0000763d
00008cce
00008d2a
0000883b
00008916
00009157
0000919a
00003b12
00000dcd
0000144a
00003212
000029ab
00003874
0000334e
000039bf
00003d0d
0000403b
0000560e
00005123
0000462b
00005134
00006163
00006583
0000731a
00007e4a
000073bb
00006a0f
00007480
00007c8f
000086ee
000099a3
000028bf
ffffef72
0000a4ca
0000c1ce
00005512
00009fad
0000773b
00008f1e
00007118
00008c4e
000073f2
0000898b
00008dff
00008af3
00008af9
0000934f
000091b8
00003aa5
00000d7d
000005c0
0000211d
00002704
000031c3
0000353c
000035fa
000026c4
00003111
000053f5
00005450
00005fd4
000050ad
00005d8a
00005d35
00006a64
00006ca6
00007bf9
00007e8c
0000787a
00007cba
0000831d
000091cd
000028bf
ffffd8c3
0000a4cd
0000c167
0000536e
00009f6c
00007707
00008e4e
0000704d
00008d7e
00007476
00008b36
00008d0e
00008ac2
00008ced
000091bc
0000901c
000033ae
000013f5
00001805
00002ab4
00002f93
000031de
0000401d
0000382f
00002bbd
00004a88
00004c88
00005043
00004eec
00004f44
00005e79
00005be6
00005e28
00006415
000078c9
0000824e
00007c9c
00007227
0000878e
000092d7
000028bf
ffffef72
0000a4ca
0000c1ce
00005512
00009fad
0000773b
00008f1e
00007118
00008c4e
000073f2
0000898b
00008dff
00008af3
00008af9
0000934f
000091b8
00003aa5
00000d7d
000005c0
0000211d
00002704
000031c3
0000353c
000035fa
000026c4
00003111
000053f5
00005450
00005fd4
000050ad
00005d8a
00005d35
00006a64
00006ca6
00007bf9
00007e8c
0000787a
00007cba
0000831d
000091cd
000028bf
ffffd8c3
0000a4cd
0000c167
0000536e
00009f6c
00007707
00008e4e
0000704d
00008d7e
00007476
00008b36
00008d0e
00008ac2
00008ced
000091bc
0000901c
000033ae
000013f5
00001805
00002ab4
00002f93
000031de
0000401d
0000382f
00002bbd
00004a88
00004c88
00005043
00004eec
00004f44
00005e79
00005be6
00005e28
00006415
000078c9
0000824e
00007c9c
00007227
0000878e
000092d7
000028bf
fffff773
0000a463
0000c15b
00005388
00009f67
000077b6
00008e4b
00007050
00008d75
00007693
00008ce6
00008c22
0000884d
00008994
000092d6
000091c6
00003ab8
00001d78
00002416
00002d07
0000260d
00004104
000033a9
00002943
00004042
0000490a
0000530d
00004e2b
00004c09
00005664
00006008
0000538e
00006826
000066be
00006b19
00007280
0000807a
00007a7d
0000882a
0000930a
000028bf
ffffd8c3
0000a4cd
0000c167
0000536e
00009f6c
00007707
00008e4e
0000704d
00008d7e
00007476
00008b36
00008d0e
00008ac2
00008ced
000091bc
0000901c
000033ae
000013f5
00001805
00002ab4
00002f93
000031de
0000401d
0000382f
00002bbd
00004a88
00004c88
00005043
00004eec
00004f44
00005e79
00005be6
00005e28
00006415
000078c9
0000824e
00007c9c
00007227
0000878e
000092d7
000028bf
fffff773
0000a463
0000c15b
00005388
00009f67
000077b6
00008e4b
00007050
00008d75
00007693
00008ce6
00008c22
0000884d
00008994
000092d6
000091c6
00003ab8
00001d78
00002416
00002d07
0000260d
00004104
000033a9
00002943
00004042
0000490a
0000530d
00004e2b
00004c09
00005664
00006008
0000538e
00006826
000066be
00006b19
00007280
0000807a
00007a7d
0000882a
0000930a
000028bf
ffffe455
0000a4b3
0000c167
00005336
00009fb8
0000784d
00008f85
000070e6
00008e78
0000762b
00008c24
00008a46
00008625
00008808
000090db
000093c7
0000387f
00002ae5
000031dd
00002677
00001bc3
000039ef
00002e33
00003b11
00004059
00004390
00004f4a
00005297
000040e5
0000607c
0000565f
00006411
00006d66
0000771d
0000727a
000070b5
00007784
00007667
0000808e
000093ea
000028bf
fffff773
0000a463
0000c15b
00005388
00009f67
000077b6
00008e4b
00007050
00008d75
00007693
00008ce6
00008c22
0000884d
00008994
000092d6
000091c6
00003ab8
00001d78
00002416
00002d07
0000260d
00004104
000033a9
00002943
00004042
0000490a
0000530d
00004e2b
00004c09
00005664
00006008
0000538e
00006826
000066be
00006b19
00007280
0000807a
00007a7d
0000882a
0000930a
000028bf
ffffe455
0000a4b3
0000c167
00005336
00009fb8
0000784d
00008f85
000070e6
00008e78
0000762b
00008c24
00008a46
00008625
00008808
000090db
000093c7
0000387f
00002ae5
000031dd
00002677
00001bc3
000039ef
00002e33
00003b11
00004059
00004390
00004f4a
00005297
000040e5
0000607c
0000565f
00006411
00006d66
0000771d
0000727a
000070b5
00007784
00007667
0000808e
000093ea
000028bf
fffff9ef
0000a4f6
0000c194
0000536e
00009f43
0000772b
00009039
000071ce
00008b80
0000750b
00008d0c
00008ab9
00008989
00008b17
000090f5
000091e0
0000376a
00000d74
00000d45
000023f9
00003384
00003bc9
00002f23
00003643
000042a7
000054fb
00003fc5
000048ab
00004fce
000065c3
000059e3
0000615c
0000706a
00006fe9
00007839
00007b20
00007436
000077a1
000084de
00009068
000028bf
ffffe455
0000a4b3
0000c167
00005336
00009fb8
0000784d
00008f85
000070e6
00008e78
0000762b
00008c24
00008a46
00008625
00008808
000090db
000093c7
0000387f
00002ae5
000031dd
00002677
00001bc3
000039ef
00002e33
00003b11
00004059
00004390
00004f4a
00005297
000040e5
0000607c
0000565f
00006411
00006d66
0000771d
0000727a
000070b5
00007784
00007667
0000808e
000093ea
000028bf
fffff9ef
0000a4f6
0000c194
0000536e
00009f43
0000772b
00009039
000071ce
00008b80
0000750b
00008d0c
00008ab9
00008989
00008b17
000090f5
000091e0
0000376a
00000d74
00000d45
000023f9
00003384
00003bc9
00002f23
00003643
000042a7
000054fb
00003fc5
000048ab
00004fce
000065c3
000059e3
0000615c
0000706a
00006fe9
00007839
00007b20
00007436
000077a1
000084de
00009068
000028bf
fffffbea
0000a476
0000c129
00005378
00009eca
0000762d
00008eea
000070c7
00008a78
000076b9
00008e6a
00008dc5
00008934
00008a31
00009147
00008d5f
00003254
000016c1
fffff798
0000235c
00002d31
0000374a
00003a8d
000034d3
000042c4
0000533d
0000446d
0000412f
00004eea
000046de
00005875
00005cd4
000069ab
00007196
000075fc
0000869a
00007849
00007be5
0000866d
00008c4a
000028bf
fffff9ef
0000a4f6
0000c194
0000536e
00009f43
0000772b
00009039
000071ce
00008b80
0000750b
00008d0c
00008ab9
00008989
00008b17
000090f5
000091e0
0000376a
00000d74
00000d45
000023f9
00003384
00003bc9
00002f23
00003643
000042a7
000054fb
00003fc5
000048ab
00004fce
000065c3
000059e3
0000615c
0000706a
00006fe9
00007839
00007b20
00007436
000077a1
000084de
00009068
000028bf
fffffbea
0000a476
0000c129
00005378
00009eca
0000762d
00008eea
000070c7
00008a78
000076b9
00008e6a
00008dc5
00008934
00008a31
00009147
00008d5f
00003254
000016c1
fffff798
0000235c
00002d31
0000374a
00003a8d
000034d3
000042c4
0000533d
0000446d
0000412f
00004eea
000046de
00005875
00005cd4
000069ab
00007196
000075fc
0000869a
00007849
00007be5
0000866d
00008c4a
000028bf
000006bc
0000a480
0000c16e
0000535a
00009f37
00007790
0000903a
00007172
00008c54
00007743
00008e9d
00008c74
00008a15
00008b09
0000944b
00008e6b
000037aa
000027f8
0000242d
00002482
0000204e
000024d1
00002a9c
00002387
00003e0b
00003935
00004a17
0000400b
000055dc
000058bb
00005efd
00006465
00006fb3
000077f0
000075f8
00007e54
00007b82
000078d8
00008ea6
00009385
000028bf
fffffbea
0000a476
0000c129
00005378
00009eca
0000762d
00008eea
000070c7
00008a78
000076b9
00008e6a
00008dc5
00008934
00008a31
00009147
00008d5f
00003254
000016c1
fffff798
0000235c
00002d31
0000374a
00003a8d
000034d3
000042c4
0000533d
0000446d
0000412f
00004eea
000046de
00005875
00005cd4
000069ab
00007196
000075fc
0000869a
00007849
00007be5
0000866d
00008c4a
000028bf
000006bc
0000a480
0000c16e
0000535a
00009f37
00007790
0000903a
00007172
00008c54
00007743
00008e9d
00008c74
00008a15
00008b09
0000944b
00008e6b
000037aa
000027f8
0000242d
00002482
0000204e
000024d1
00002a9c
00002387
00003e0b
00003935
00004a17
0000400b
000055dc
000058bb
00005efd
00006465
00006fb3
000077f0
000075f8
00007e54
00007b82
000078d8
00008ea6
00009385
000028bf
000006a7
0000a501
0000c1f3
000053a3
00009f93
0000788b
0000904e
000070ac
00008b25
0000751d
00008bd0
00008ade
000088d4
00008b9a
000091c6
00008dc3
000031f0
00001f66
0000309f
00001b15
0000299c
000032bc
00002f9e
00003e42
000039b1
00003e45
000050ae
00004255
00005099
0000611c
00005f9d
00006f77
000070b8
00006176
0000712a
00007c91
00007ee1
00008594
000086f1
00008e73
000028bf
000006bc
0000a480
0000c16e
0000535a
00009f37
00007790
0000903a
00007172
00008c54
00007743
00008e9d
00008c74
00008a15
00008b09
0000944b
00008e6b
000037aa
000027f8
0000242d
00002482
0000204e
000024d1
00002a9c
00002387
00003e0b
00003935
00004a17
0000400b
000055dc
000058bb
00005efd
00006465
00006fb3
000077f0
000075f8
00007e54
00007b82
000078d8
00008ea6
00009385
000028bf
000006a7
0000a501
0000c1f3
000053a3
00009f93
0000788b
0000904e
000070ac
00008b25
0000751d
00008bd0
00008ade
000088d4
00008b9a
000091c6
00008dc3
000031f0
00001f66
0000309f
00001b15
0000299c
000032bc
00002f9e
00003e42
000039b1
00003e45
000050ae
00004255
00005099
0000611c
00005f9d
00006f77
000070b8
00006176
0000712a
00007c91
00007ee1
00008594
000086f1
00008e73
000028bf
fffff9f2
0000a4fe
0000c1d5
0000544b
00009f9d
00007716
00009196
00007432
00008cdb
0000752c
00008b82
00008a48
0000886a
00008b2f
000092ee
0000911c
00003d8e
00001c42
0000378e
000026a1
0000131a
00003fad
000041fb
00003590
00003a0b
000047a9
00004a61
000044d4
00003d36
000049fc
00005063
00006e3a
00006fbf
000066f8
00006a47
00007996
00007c34
000080d4
00008b60
0000925a
000028bf
000006a7
0000a501
0000c1f3
000053a3
00009f93
0000788b
0000904e
000070ac
00008b25
0000751d
00008bd0
00008ade
000088d4
00008b9a
000091c6
00008dc3
000031f0
00001f66
0000309f
00001b15
0000299c
000032bc
00002f9e
00003e42
000039b1
00003e45
000050ae
00004255
00005099
0000611c
00005f9d
00006f77
000070b8
00006176
0000712a
00007c91
00007ee1
00008594
000086f1
00008e73
000028bf
fffff9f2
0000a4fe
0000c1d5
0000544b
00009f9d
00007716
00009196
00007432
00008cdb
0000752c
00008b82
00008a48
0000886a
00008b2f
000092ee
0000911c
00003d8e
00001c42
0000378e
000026a1
0000131a
00003fad
000041fb
00003590
00003a0b
000047a9
00004a61
000044d4
00003d36
000049fc
00005063
00006e3a
00006fbf
000066f8
00006a47
00007996
00007c34
000080d4
00008b60
0000925a
000028bf
ffffe624
0000a529
0000c205
000053ba
00009f1b
000077b5
00009137
000072e3
00008d6c
0000776a
00008ea6
00008b6d
00008a84
00008c53
00009265
00008e0a
00003916
000022de
0000238e
00002f4d
00003535
00003bcc
00004896
00003f1b
000041ed
00003f6b
00004272
00003d18
0000428a
00005b66
00005d3e
000060b9
000067dd
00006ef6
00006a2c
00007921
0000858d
00007ec4
000088ab
0000987e
000028bf
fffff9f2
0000a4fe
0000c1d5
0000544b
00009f9d
00007716
00009196
00007432
00008cdb
0000752c
00008b82
00008a48
0000886a
00008b2f
000092ee
0000911c
00003d8e
00001c42
0000378e
000026a1
0000131a
00003fad
000041fb
00003590
00003a0b
000047a9
00004a61
000044d4
00003d36
000049fc
00005063
00006e3a
00006fbf
000066f8
00006a47
00007996
00007c34
000080d4
00008b60
0000925a
000028bf
ffffe624
0000a529
0000c205
000053ba
00009f1b
000077b5
00009137
000072e3
00008d6c
0000776a
00008ea6
00008b6d
00008a84
00008c53
00009265
00008e0a
00003916
000022de
0000238e
00002f4d
00003535
00003bcc
00004896
00003f1b
000041ed
00003f6b
00004272
00003d18
0000428a
00005b66
00005d3e
000060b9
000067dd
00006ef6
00006a2c
00007921
0000858d
00007ec4
000088ab
0000987e
000028bf
ffffdb19
0000a4e6
0000c186
00005284
00009e7c
00007680
0000911d
0000729f
00008bdb
0000766c
00008d3c
00008a17
000088d6
00008b00
00008c33
00008c2b
0000386a
00001c53
00000b8f
00002935
0000399d
000035bf
00003ef0
00003ca3
0000470b
00004633
00004a84
00003a35
000049d3
00005c3b
00005b86
000068e3
00006789
0000724f
00007b82
00007bb6
00007e7b
00007c13
00008ba7
0000962e
000028bf
ffffe624
0000a529
0000c205
000053ba
00009f1b
000077b5
00009137
000072e3
00008d6c
0000776a
00008ea6
00008b6d
00008a84
00008c53
00009265
00008e0a
00003916
000022de
0000238e
00002f4d
00003535
00003bcc
00004896
00003f1b
000041ed
00003f6b
00004272
00003d18
0000428a
00005b66
00005d3e
000060b9
000067dd
00006ef6
00006a2c
00007921
0000858d
00007ec4
000088ab
0000987e
000028bf
ffffdb19
0000a4e6
0000c186
00005284
00009e7c
00007680
0000911d
0000729f
00008bdb
0000766c
00008d3c
00008a17
000088d6
00008b00
00008c33
00008c2b
0000386a
00001c53
00000b8f
00002935
0000399d
000035bf
00003ef0
00003ca3
0000470b
00004633
00004a84
00003a35
000049d3
00005c3b
00005b86
000068e3
00006789
0000724f
00007b82
00007bb6
00007e7b
00007c13
00008ba7
0000962e
000028bf
ffffe7ac
0000a4f3
0000c1b1
0000543a
00009efd
000076ba
00009009
00007125
00008b6f
0000746c
00008afb
00008b5e
00008759
0000895d
00008d9b
00008c1d
00003d10
00002c9e
00001033
00001380
00002a44
00002bf2
00003f54
00003dae
00003d6b
00004caa
0000535d
00004e42
000042bf
0000562a
00006626
00006757
000065f9
000079cd
000077dd
00007cfd
00007c5d
00007a84
00008d70
000098dd
000028bf
ffffdb19
0000a4e6
0000c186
00005284
00009e7c
00007680
0000911d
0000729f
00008bdb
0000766c
00008d3c
00008a17
000088d6
00008b00
00008c33
00008c2b
0000386a
00001c53
00000b8f
00002935
0000399d
000035bf
00003ef0
00003ca3
0000470b
00004633
00004a84
00003a35
000049d3
00005c3b
00005b86
000068e3
00006789
0000724f
00007b82
00007bb6
00007e7b
00007c13
00008ba7
0000962e
000028bf
ffffe7ac
0000a4f3
0000c1b1
0000543a
00009efd
000076ba
00009009
00007125
00008b6f
0000746c
00008afb
00008b5e
00008759
0000895d
00008d9b
00008c1d
00003d10
00002c9e
00001033
00001380
00002a44
00002bf2
00003f54
00003dae
00003d6b
00004caa
0000535d
00004e42
000042bf
0000562a
00006626
00006757
000065f9
000079cd
000077dd
00007cfd
00007c5d
00007a84
00008d70
000098dd
000028bf
ffffdacf
0000a50e
0000c1c3
000053d4
00009f11
00007710
00008f49
0000709c
00008b9e
0000762c
00008ce4
00008af3
0000887d
000088cc
00009129
00008f87
00003a7d
0000192b
00002164
00001545
0000251b
00003ba8
00003adf
00004a7f
0000471f
00004790
00004cbf
000051e6
00004aa2
0000485e
000060e9
00006574
000069be
00007bb8
00007984
000075cc
000084e9
0000821e
00008a97
00008d86
000028bf
ffffe7ac
0000a4f3
0000c1b1
0000543a
00009efd
000076ba
00009009
00007125
00008b6f
0000746c
00008afb
00008b5e
00008759
0000895d
00008d9b
00008c1d
00003d10
00002c9e
00001033
00001380
00002a44
00002bf2
00003f54
00003dae
00003d6b
00004caa
0000535d
00004e42
000042bf
0000562a
00006626
00006757
000065f9
000079cd
000077dd
00007cfd
00007c5d
00007a84
00008d70
000098dd
000028bf
ffffdacf
0000a50e
0000c1c3
000053d4
00009f11
00007710
00008f49
0000709c
00008b9e
0000762c
00008ce4
00008af3
0000887d
000088cc
00009129
00008f87
00003a7d
0000192b
00002164
00001545
0000251b
00003ba8
00003adf
00004a7f
0000471f
00004790
00004cbf
000051e6
00004aa2
0000485e
000060e9
00006574
000069be
00007bb8
00007984
000075cc
000084e9
0000821e
00008a97
00008d86
000028bf
fffffa3c
0000a4d8
0000c1a8
0000531d
00009f0c
00007845
00009010
00007204
00008d5d
0000757e
00008c5c
00008c29
0000895c
00008b93
000092cb
00009413
00003de2
00001b6b
00002b7d
00002ecf
00002d6d
0000281e
000041eb
000046c0
00004101
00003c3c
00003962
00003f84
000045b3
00005300
00005c1e
000068ab
0000611f
0000638d
00007d84
0000814c
00008e10
0000907d
00008916
00009b2a
000028bf
ffffdacf
0000a50e
0000c1c3
000053d4
00009f11
00007710
00008f49
0000709c
00008b9e
0000762c
00008ce4
00008af3
0000887d
000088cc
00009129
00008f87
00003a7d
0000192b
00002164
00001545
0000251b
00003ba8
00003adf
00004a7f
0000471f
00004790
00004cbf
000051e6
00004aa2
0000485e
000060e9
00006574
000069be
00007bb8
00007984
000075cc
000084e9
0000821e
00008a97
00008d86
000028bf
fffffa3c
0000a4d8
0000c1a8
0000531d
00009f0c
00007845
00009010
00007204
00008d5d
0000757e
00008c5c
00008c29
0000895c
00008b93
000092cb
00009413
00003de2
00001b6b
00002b7d
00002ecf
00002d6d
0000281e
000041eb
000046c0
00004101
00003c3c
00003962
00003f84
000045b3
00005300
00005c1e
000068ab
0000611f
0000638d
00007d84
0000814c
00008e10
0000907d
00008916
00009b2a
000028bf
00000664
0000a4ad
0000c17f
000053fe
00009fb1
00007742
00009034
0000720e
00008d9c
00007625
00008c13
00008a4b
000087f8
00008975
000090ac
0000920d
00003eca
00000420
000025ec
000032cd
00002da4
00001852
00003073
00003e9e
000039b1
000038c4
00004ddf
00004a5d
00004e03
00005596
00006d44
00006c2f
000069cc
00006a55
00007361
0000797a
0000802b
00008153
00007bd4
00008cf6
000028bf
fffffa3c
0000a4d8
0000c1a8
0000531d
00009f0c
00007845
00009010
00007204
00008d5d
0000757e
00008c5c
00008c29
0000895c
00008b93
000092cb
00009413
00003de2
00001b6b
00002b7d
00002ecf
00002d6d
0000281e
000041eb
000046c0
00004101
00003c3c
00003962
00003f84
000045b3
00005300
00005c1e
000068ab
0000611f
0000638d
00007d84
0000814c
00008e10
0000907d
00008916
00009b2a
000028bf
00000664
0000a4ad
0000c17f
000053fe
00009fb1
00007742
00009034
0000720e
00008d9c
00007625
00008c13
00008a4b
000087f8
00008975
000090ac
0000920d
00003eca
00000420
000025ec
000032cd
00002da4
00001852
00003073
00003e9e
000039b1
000038c4
00004ddf
00004a5d
00004e03
00005596
00006d44
00006c2f
000069cc
00006a55
00007361
0000797a
0000802b
00008153
00007bd4
00008cf6
000028bf
ffffffe8
0000a52a
0000c215
0000542b
00009f92
000077fc
0000904c
000071ee
00008c67
00007714
00008de3
00008a05
0000884b
00008b9f
0000933a
000090a6
00003f94
00000731
000029d2
00002f6c
00002964
00003c09
000033b2
00002dbb
00003b5f
000044b4
0000488c
00005264
0000439c
00005be5
00006574
00006268
00006b60
00006d31
00006e9c
000076c9
00007f2b
00007e72
0000841c
0000934e
000028bf
00000664
0000a4ad
0000c17f
000053fe
00009fb1
00007742
00009034
0000720e
00008d9c
00007625
00008c13
00008a4b
000087f8
00008975
000090ac
0000920d
00003eca
00000420
000025ec
000032cd
00002da4
00001852
00003073
00003e9e
000039b1
000038c4
00004ddf
00004a5d
00004e03
00005596
00006d44
00006c2f
000069cc
00006a55
00007361
0000797a
0000802b
00008153
00007bd4
00008cf6
000028bf
ffffffe8
0000a52a
0000c215
0000542b
00009f92
000077fc
0000904c
000071ee
00008c67
00007714
00008de3
00008a05
0000884b
00008b9f
0000933a
000090a6
00003f94
00000731
000029d2
00002f6c
00002964
00003c09
000033b2
00002dbb
00003b5f
000044b4
0000488c
00005264
0000439c
00005be5
00006574
00006268
00006b60
00006d31
00006e9c
000076c9
00007f2b
00007e72
0000841c
0000934e
000028bf
fffff7e9
0000a549
0000c1fd
00005367
00009f07
000076ae
00008f15
000071bd
00008f0a
00007643
00008d1e
00008a47
00008862
00008aad
00009095
00008ad4
0000363d
00001130
00001dcc
00002b83
00002645
00004082
00003d2d
00003a51
000045c2
00004f94
00004bb9
00004478
00004c50
00005228
00006155
00006a6e
000069bb
0000714e
00007d54
000083d0
00007cbf
000073d0
0000843a
00008f0a
000028bf
ffffffe8
0000a52a
0000c215
0000542b
00009f92
000077fc
0000904c
000071ee
00008c67
00007714
00008de3
00008a05
0000884b
00008b9f
0000933a
000090a6
00003f94
00000731
000029d2
00002f6c
00002964
00003c09
000033b2
00002dbb
00003b5f
000044b4
0000488c
00005264
0000439c
00005be5
00006574
00006268
00006b60
00006d31
00006e9c
000076c9
00007f2b
00007e72
0000841c
0000934e
000028bf
fffff7e9
0000a549
0000c1fd
00005367
00009f07
000076ae
00008f15
000071bd
00008f0a
00007643
00008d1e
00008a47
00008862
00008aad
00009095
00008ad4
0000363d
00001130
00001dcc
00002b83
00002645
00004082
00003d2d
00003a51
000045c2
00004f94
00004bb9
00004478
00004c50
00005228
00006155
00006a6e
000069bb
0000714e
00007d54
000083d0
00007cbf
000073d0
0000843a
00008f0a
000028bf
ffffe1b5
0000a4f7
0000c1cd
00005439
00009f95
00007783
00008f72
0000704e
00008ce0
0000752d
00008b94
00008c33
00008a4a
00008afa
00009096
00008e21
00003c83
0000103b
0000228f
00000a7c
00001c57
000022f1
00003a1a
00002c26
00003b77
00004567
000046d0
00004ed3
00005cc3
00005d2c
000068d4
00006cbf
00006c51
00007646
00008447
000084b0
000079bf
000077ee
00008334
0000968a
000028bf
fffff7e9
0000a549
0000c1fd
00005367
00009f07
000076ae
00008f15
000071bd
00008f0a
00007643
00008d1e
00008a47
00008862
00008aad
00009095
00008ad4
0000363d
00001130
00001dcc
00002b83
00002645
00004082
00003d2d
00003a51
000045c2
00004f94
00004bb9
00004478
00004c50
00005228
00006155
00006a6e
000069bb
0000714e
00007d54
000083d0
00007cbf
000073d0
0000843a
00008f0a
000028bf
ffffe1b5
0000a4f7
0000c1cd
00005439
00009f95
00007783
00008f72
0000704e
00008ce0
0000752d
00008b94
00008c33
00008a4a
00008afa
00009096
00008e21
00003c83
0000103b
0000228f
00000a7c
00001c57
000022f1
00003a1a
00002c26
00003b77
00004567
000046d0
00004ed3
00005cc3
00005d2c
000068d4
00006cbf
00006c51
00007646
00008447
000084b0
000079bf
000077ee
00008334
0000968a
000028bf
fffff274
0000a4da
0000c1b7
00005294
00009e8a
000076ec
00008e2f
00007021
00008bc8
000075b8
00008c2c
00008a24
00008770
00008a8b
00009233
00008d42
00003793
000003e6
00002716
00001dce
00002a90
00002f18
00002c62
00003aec
00003a18
00004308
000047d2
00004856
00005403
000061c2
00005a86
00006967
000071a5
000070c3
000074ac
0000710a
00006cfd
00007a04
00008c74
00009621
000028bf
ffffe1b5
0000a4f7
0000c1cd
00005439
00009f95
00007783
00008f72
0000704e
00008ce0
0000752d
00008b94
00008c33
00008a4a
00008afa
00009096
00008e21
00003c83
0000103b
0000228f
00000a7c
00001c57
000022f1
00003a1a
00002c26
00003b77
00004567
000046d0
00004ed3
00005cc3
00005d2c
000068d4
00006cbf
00006c51
00007646
00008447
000084b0
000079bf
000077ee
00008334
0000968a
000028bf
fffff274
0000a4da
0000c1b7
00005294
00009e8a
000076ec
00008e2f
00007021
00008bc8
000075b8
00008c2c
00008a24
00008770
00008a8b
00009233
00008d42
00003793
000003e6
00002716
00001dce
00002a90
00002f18
00002c62
00003aec
00003a18
00004308
000047d2
00004856
00005403
000061c2
00005a86
00006967
000071a5
000070c3
000074ac
0000710a
00006cfd
00007a04
00008c74
00009621
000028bf
fffffda0
0000a4fc
0000c17f
000052af
00009ebc
000076d7
00008ee5
000070f0
00008c52
000076cf
00008e40
00008b58
00008853
00008ac5
0000909d
00009069
00003c4b
0000192c
00002707
00002291
00002f2a
00002dcc
0000455c
000028b6
0000349b
00003a5a
00004117
0000423d
00004416
0000694e
00006081
00005d02
00006188
000060c4
00007130
00006960
00007811
000084df
00008847
000098c6
000028bf
fffff274
0000a4da
0000c1b7
00005294
00009e8a
000076ec
00008e2f
00007021
00008bc8
000075b8
00008c2c
00008a24
00008770
00008a8b
00009233
00008d42
00003793
000003e6
00002716
00001dce
00002a90
00002f18
00002c62
00003aec
00003a18
00004308
000047d2
00004856
00005403
000061c2
00005a86
00006967
000071a5
000070c3
000074ac
0000710a
00006cfd
00007a04
00008c74
00009621
000028bf
fffffda0
0000a4fc
0000c17f
000052af
00009ebc
000076d7
00008ee5
000070f0
00008c52
000076cf
00008e40
00008b58
00008853
00008ac5
0000909d
00009069
00003c4b
0000192c
00002707
00002291
00002f2a
00002dcc
0000455c
000028b6
0000349b
00003a5a
00004117
0000423d
00004416
0000694e
00006081
00005d02
00006188
000060c4
00007130
00006960
00007811
000084df
00008847
000098c6
000028bf
ffffec93
0000a4e7
0000c215
0000546c
00009ec6
00007724
00008f00
000070a8
00008d4e
0000764d
00008dd8
00008cc4
000089a1
000089f1
00009085
00008ded
000043af
000012c2
000027e1
00002b78
00002b57
0000332b
00004038
00002278
00004184
00003ebc
00003eee
000043c8
00003f50
00005f57
00005d97
0000658f
00005890
00006813
0000730b
00007532
00007b22
000079c5
0000870e
000090d2
000028bf
fffffda0
0000a4fc
0000c17f
000052af
00009ebc
000076d7
00008ee5
000070f0
00008c52
000076cf
00008e40
00008b58
00008853
00008ac5
0000909d
00009069
00003c4b
0000192c
00002707
00002291
00002f2a
00002dcc
0000455c
000028b6
0000349b
00003a5a
00004117
0000423d
00004416
0000694e
00006081
00005d02
00006188
000060c4
00007130
00006960
00007811
000084df
00008847
000098c6
000028bf
ffffec93
0000a4e7
0000c215
0000546c
00009ec6
00007724
00008f00
000070a8
00008d4e
0000764d
00008dd8
00008cc4
000089a1
000089f1
00009085
00008ded
000043af
000012c2
000027e1
00002b78
00002b57
0000332b
00004038
00002278
00004184
00003ebc
00003eee
000043c8
00003f50
00005f57
00005d97
0000658f
00005890
00006813
0000730b
00007532
00007b22
000079c5
0000870e
000090d2
000028bf
fffff53c
0000a51c
0000c1e2
0000546d
00009f7a
0000769b
00008fc9
0000716c
00008b76
00007649
00008d00
00008b21
0000891d
00008a35
00009215
00008e3f
000039ea
00000fdd
000018a4
000018cf
00002c6e
00003c0d
000040f6
00002dcd
000043c3
0000466d
00004a5c
00004bc2
00004bf3
00005b0f
000061fb
00006f84
00006d7b
00007599
000078c6
00007664
00008282
00008980
00008670
00008ff0
000028bf
ffffec93
0000a4e7
0000c215
0000546c
00009ec6
00007724
00008f00
000070a8
00008d4e
0000764d
00008dd8
00008cc4
000089a1
000089f1
00009085
00008ded
000043af
000012c2
000027e1
00002b78
00002b57
0000332b
00004038
00002278
00004184
00003ebc
00003eee
000043c8
00003f50
00005f57
00005d97
0000658f
00005890
00006813
0000730b
00007532
00007b22
000079c5
0000870e
000090d2
000028bf
fffff53c
0000a51c
0000c1e2
0000546d
00009f7a
0000769b
00008fc9
0000716c
00008b76
00007649
00008d00
00008b21
0000891d
00008a35
00009215
00008e3f
000039ea
00000fdd
000018a4
000018cf
00002c6e
00003c0d
000040f6
00002dcd
000043c3
0000466d
00004a5c
00004bc2
00004bf3
00005b0f
000061fb
00006f84
00006d7b
00007599
000078c6
00007664
00008282
00008980
00008670
00008ff0
000028bf
fffff26d
0000a535
0000c1d0
0000535a
00009fd7
00007859
00008fda
00007192
00008bc3
0000768f
00008dca
00008e07
0000895f
000089fa
0000910d
00009329
00003ef9
00001af6
0000235c
00002d67
00002b7d
0000364a
00003d27
00002a22
000035dc
00004aa9
00005403
000051d7
00004d58
00006503
00006111
0000560b
00006c1d
00006d93
00007f65
00007ca3
000081f5
00008243
00008304
000084e6
000028bf
fffff53c
0000a51c
0000c1e2
0000546d
00009f7a
0000769b
00008fc9
0000716c
00008b76
00007649
00008d00
00008b21
0000891d
00008a35
00009215
00008e3f
000039ea
00000fdd
000018a4
000018cf
00002c6e
00003c0d
000040f6
00002dcd
000043c3
0000466d
00004a5c
00004bc2
00004bf3
00005b0f
000061fb
00006f84
00006d7b
00007599
000078c6
00007664
00008282
00008980
00008670
00008ff0
000028bf
fffff26d
0000a535
0000c1d0
0000535a
00009fd7
00007859
00008fda
00007192
00008bc3
0000768f
00008dca
00008e07
0000895f
000089fa
0000910d
00009329
00003ef9
00001af6
0000235c
00002d67
00002b7d
0000364a
00003d27
00002a22
000035dc
00004aa9
00005403
000051d7
00004d58
00006503
00006111
0000560b
00006c1d
00006d93
00007f65
00007ca3
000081f5
00008243
00008304
000084e6
000028bf
00000ca8
0000a4bc
0000c1cc
00005464
00009f7d
0000774c
000090af
000071f5
00008d80
0000778d
00008e7d
00008ac0
0000891c
00008ca2
0000957f
000093f6
000033ea
00001b55
00001fa6
00001cce
000026dc
00003335
0000405a
00004263
00003369
000044cb
0000529e
00004c76
00004b58
00005457
00006283
000058a7
0000636c
00006795
00007bc6
000083e0
00007af6
00007e32
000082d8
00008859
000028bf
fffff26d
0000a535
0000c1d0
0000535a
00009fd7
00007859
00008fda
00007192
00008bc3
0000768f
00008dca
00008e07
0000895f
000089fa
0000910d
00009329
00003ef9
00001af6
0000235c
00002d67
00002b7d
0000364a
00003d27
00002a22
000035dc
00004aa9
00005403
000051d7
00004d58
00006503
00006111
0000560b
00006c1d
00006d93
00007f65
00007ca3
000081f5
00008243
00008304
000084e6
000028bf
00000ca8
0000a4bc
0000c1cc
00005464
00009f7d
0000774c
000090af
000071f5
00008d80
0000778d
00008e7d
00008ac0
0000891c
00008ca2
0000957f
000093f6
000033ea
00001b55
00001fa6
00001cce
000026dc
00003335
0000405a
00004263
00003369
000044cb
0000529e
00004c76
00004b58
00005457
00006283
000058a7
0000636c
00006795
00007bc6
000083e0
00007af6
00007e32
000082d8
00008859
000028bf
fffff1c1
0000a52f
0000c192
000052cd
00009f60
0000786a
00008f75
00007109
00008b72
0000776a
00008ea3
00008a65
000089ce
00008d32
00008f4e
00009208
00003b19
000020c0
00000c49
00001f58
000039a3
0000363e
000033bb
00003d0a
000034a5
0000403d
000040ab
000043a9
00005912
00005a56
00005c14
0000664b
00007cac
00007234
000080f4
00007c5a
00006fd1
00007eb2
00008a0f
00008f2c
000028bf
00000ca8
0000a4bc
0000c1cc
00005464
00009f7d
0000774c
000090af
000071f5
00008d80
0000778d
00008e7d
00008ac0
0000891c
00008ca2
0000957f
000093f6
000033ea
00001b55
00001fa6
00001cce
000026dc
00003335
0000405a
00004263
00003369
000044cb
0000529e
00004c76
00004b58
00005457
00006283
000058a7
0000636c
00006795
00007bc6
000083e0
00007af6
00007e32
000082d8
00008859
000028bf
fffff1c1
0000a52f
0000c192
000052cd
00009f60
0000786a
00008f75
00007109
00008b72
0000776a
00008ea3
00008a65
000089ce
00008d32
00008f4e
00009208
00003b19
000020c0
00000c49
00001f58
000039a3
0000363e
000033bb
00003d0a
000034a5
0000403d
000040ab
000043a9
00005912
00005a56
00005c14
0000664b
00007cac
00007234
000080f4
00007c5a
00006fd1
00007eb2
00008a0f
00008f2c
000028bf
00000160
0000a4d2
0000c1a4
00005460
00009f24
00007797
00008fcd
00007219
00008c4b
00007798
00008e3d
00008a00
00008a62
00008e28
000091e8
00009033
00003287
0000071b
00000e74
00002018
00002ec3
0000304a
00003997
00003ece
00004ab4
000041eb
0000373c
00004499
000052dc
00005782
00005435
000069d8
0000764a
00006ebb
00006c69
00007416
000080ee
0000803b
00007f5a
0000949b
000028bf
fffff1c1
0000a52f
0000c192
000052cd
00009f60
0000786a
00008f75
00007109
00008b72
0000776a
00008ea3
00008a65
000089ce
00008d32
00008f4e
00009208
00003b19
000020c0
00000c49
00001f58
000039a3
0000363e
000033bb
00003d0a
000034a5
0000403d
000040ab
000043a9
00005912
00005a56
00005c14
0000664b
00007cac
00007234
000080f4
00007c5a
00006fd1
00007eb2
00008a0f
00008f2c
000028bf
00000160
0000a4d2
0000c1a4
00005460
00009f24
00007797
00008fcd
00007219
00008c4b
00007798
00008e3d
00008a00
00008a62
00008e28
000091e8
00009033
00003287
0000071b
00000e74
00002018
00002ec3
0000304a
00003997
00003ece
00004ab4
000041eb
0000373c
00004499
000052dc
00005782
00005435
000069d8
0000764a
00006ebb
00006c69
00007416
000080ee
0000803b
00007f5a
0000949b
000028bf
fffffdbf
0000a49f
0000c173
0000533c
00009d92
000074ca
00008fbc
000071c7
00008d49
00007593
00008b82
000088b4
0000875a
00008934
00008bff
00008fa8
000039cf
00001506
0000236e
00002df2
00002ea5
00002a04
00003af7
00003483
00002c39
00003fd1
000044cd
00004e3b
00004948
0000606d
00005a3b
00006a8b
00006ecf
0000715d
000072bd
00007389
000078e9
00007c7a
0000878c
000091ac
000028bf
00000160
0000a4d2
0000c1a4
00005460
00009f24
00007797
00008fcd
00007219
00008c4b
00007798
00008e3d
00008a00
00008a62
00008e28
000091e8
00009033
00003287
0000071b
00000e74
00002018
00002ec3
0000304a
00003997
00003ece
00004ab4
000041eb
0000373c
00004499
000052dc
00005782
00005435
000069d8
0000764a
00006ebb
00006c69
00007416
000080ee
0000803b
00007f5a
0000949b
000028bf
fffffdbf
0000a49f
0000c173
0000533c
00009d92
000074ca
00008fbc
000071c7
00008d49
00007593
00008b82
000088b4
0000875a
00008934
00008bff
00008fa8
000039cf
00001506
0000236e
00002df2
00002ea5
00002a04
00003af7
00003483
00002c39
00003fd1
000044cd
00004e3b
00004948
0000606d
00005a3b
00006a8b
00006ecf
0000715d
000072bd
00007389
000078e9
00007c7a
0000878c
000091ac
000028bf
fffff755
0000a4e2
0000c190
00005344
00009e0f
000075f6
00008fbf
00007107
00008c0e
0000763d
00008dd6
0000878c
0000877d
00008a03
00008cc7
00008f3d
000037a4
00000ad0
00001247
000032ba
000038cf
00002f11
00004ba4
00003a9b
00002e4e
00003c5f
000049e2
00004c16
0000536f
00005422
0000585c
00006be5
0000699e
00007363
00007cd4
00007404
00007e16
00007c37
00008719
00009194
000028bf
fffffdbf
0000a49f
0000c173
0000533c
00009d92
000074ca
00008fbc
000071c7
00008d49
00007593
00008b82
000088b4
0000875a
00008934
00008bff
00008fa8
000039cf
00001506
0000236e
00002df2
00002ea5
00002a04
00003af7
00003483
00002c39
00003fd1
000044cd
00004e3b
00004948
0000606d
00005a3b
00006a8b
00006ecf
0000715d
000072bd
00007389
000078e9
00007c7a
0000878c
000091ac
000028bf
fffff755
0000a4e2
0000c190
00005344
00009e0f
000075f6
00008fbf
00007107
00008c0e
0000763d
00008dd6
0000878c
0000877d
00008a03
00008cc7
00008f3d
000037a4
00000ad0
00001247
000032ba
000038cf
00002f11
00004ba4
00003a9b
00002e4e
00003c5f
000049e2
00004c16
0000536f
00005422
0000585c
00006be5
0000699e
00007363
00007cd4
00007404
00007e16
00007c37
00008719
00009194
000028bf
ffffee0b
0000a4ef
0000c1d3
0000536f
00009e7d
00007702
00008f9b
000071c6
00008cf2
00007627
00008c72
000089dc
000089a6
00008cab
00008d3e
00008d6e
00003ee9
0000197a
00000d26
000022a7
0000382b
00002bad
00003842
00003f18
00003418
00004813
0000586e
00005425
00005055
00005a9a
00005cce
000069d1
000060ef
000071b0
00007bc0
000076db
0000850e
00007c2b
00008845
00008bed
000028bf
fffff755
0000a4e2
0000c190
00005344
00009e0f
000075f6
00008fbf
00007107
00008c0e
0000763d
00008dd6
0000878c
0000877d
00008a03
00008cc7
00008f3d
000037a4
00000ad0
00001247
000032ba
000038cf
00002f11
00004ba4
00003a9b
00002e4e
00003c5f
000049e2
00004c16
0000536f
00005422
0000585c
00006be5
0000699e
00007363
00007cd4
00007404
00007e16
00007c37
00008719
00009194
000028bf
ffffee0b
0000a4ef
0000c1d3
0000536f
00009e7d
00007702
00008f9b
000071c6
00008cf2
00007627
00008c72
000089dc
000089a6
00008cab
00008d3e
00008d6e
00003ee9
0000197a
00000d26
000022a7
0000382b
00002bad
00003842
00003f18
00003418
00004813
0000586e
00005425
00005055
00005a9a
00005cce
000069d1
000060ef
000071b0
00007bc0
000076db
0000850e
00007c2b
00008845
00008bed
000028bf
ffffdc4d
0000a3d2
0000c0b6
0000558c
00009e2f
000076b7
00008eca
00006fdb
00008b8a
000075b5
00008ce7
00008bf8
0000874d
00008798
00008f49
0000928d
00004186
00002909
000020f8
00002fc0
00004037
000036e3
00003050
00003194
00003d41
00004ded
0000454e
000054f6
00005e6f
00005558
0000556d
00005f63
000068cc
00007ea8
0000790b
00007015
00007c1f
00007cd8
00009220
00009832
000028bf
ffffee0b
0000a4ef
0000c1d3
0000536f
00009e7d
00007702
00008f9b
000071c6
00008cf2
00007627
00008c72
000089dc
000089a6
00008cab
00008d3e
00008d6e
00003ee9
0000197a
00000d26
000022a7
0000382b
00002bad
00003842
00003f18
00003418
00004813
0000586e
00005425
00005055
00005a9a
00005cce
000069d1
000060ef
000071b0
00007bc0
000076db
0000850e
00007c2b
00008845
00008bed
000028bf
ffffdc4d
0000a3d2
0000c0b6
0000558c
00009e2f
000076b7
00008eca
00006fdb
00008b8a
000075b5
00008ce7
00008bf8
0000874d
00008798
00008f49
0000928d
00004186
00002909
000020f8
00002fc0
00004037
000036e3
00003050
00003194
00003d41
00004ded
0000454e
000054f6
00005e6f
00005558
0000556d
00005f63
000068cc
00007ea8
0000790b
00007015
00007c1f
00007cd8
00009220
00009832
000028bf
ffffe115
00009bfe
0000b7dd
00004d08
000096a0
00006f7a
000087ed
00006a18
00008389
00006cc4
00008420
00008096
00007e92
000080e0
00008950
000088cf
00003887
000023e0
00002851
00002d4b
000042e1
000041b8
00003bd2
00003912
00004e22
00004ead
00004d3c
00004cfd
000052b7
0000571d
000052be
0000531a
000061b9
00006b29
00007505
000075ea
00007f8c
00007cb5
00008d39
000099d4
000028bf
ffffdc4d
0000a3d2
0000c0b6
0000558c
00009e2f
000076b7
00008eca
00006fdb
00008b8a
000075b5
00008ce7
00008bf8
0000874d
00008798
00008f49
0000928d
00004186
00002909
000020f8
00002fc0
00004037
000036e3
00003050
00003194
00003d41
00004ded
0000454e
000054f6
00005e6f
00005558
0000556d
00005f63
000068cc
00007ea8
0000790b
00007015
00007c1f
00007cd8
00009220
00009832
000028bf
ffffe115
00009bfe
0000b7dd
00004d08
000096a0
00006f7a
000087ed
00006a18
00008389
00006cc4
00008420
00008096
00007e92
000080e0
00008950
000088cf
00003887
000023e0
00002851
00002d4b
000042e1
000041b8
00003bd2
00003912
00004e22
00004ead
00004d3c
00004cfd
000052b7
0000571d
000052be
0000531a
000061b9
00006b29
00007505
000075ea
00007f8c
00007cb5
00008d39
000099d4
000028bf
fffff0dc
00008b6e
0000a643
00003bd7
000085cb
00005e96
000075d4
00005835
000072a7
00005c78
000072db
0000714a
00006e5d
00007121
00007805
00008012
000037d3
0000082e
00002e02
00001612
00002fc1
000028ac
000034d8
00003a55
00004213
00004299
00004917
00005112
00004e91
0000566d
000058e4
00006008
00006471
0000602e
00007b44
0000806c
00007c2f
00007c0f
0000877b
0000907a
000028bf
ffffe115
00009bfe
0000b7dd
00004d08
000096a0
00006f7a
000087ed
00006a18
00008389
00006cc4
00008420
00008096
00007e92
000080e0
00008950
000088cf
00003887
000023e0
00002851
00002d4b
000042e1
000041b8
00003bd2
00003912
00004e22
00004ead
00004d3c
00004cfd
000052b7
0000571d
000052be
0000531a
000061b9
00006b29
00007505
000075ea
00007f8c
00007cb5
00008d39
000099d4
000028bf
fffff0dc
00008b6e
0000a643
00003bd7
000085cb
00005e96
000075d4
00005835
000072a7
00005c78
000072db
0000714a
00006e5d
00007121
00007805
00008012
000037d3
0000082e
00002e02
00001612
00002fc1
000028ac
000034d8
00003a55
00004213
00004299
00004917
00005112
00004e91
0000566d
000058e4
00006008
00006471
0000602e
00007b44
0000806c
00007c2f
00007c0f
0000877b
0000907a
000028bf
ffffea7d
0000754b
00008ebf
00002635
00006b6a
000046bf
00006083
0000452b
00005714
00004b23
0000617b
00005c40
0000598d
00005a1b
000060ee
00005fd4
000028a6
00001794
000033f2
00001cb9
00002f28
000027a3
000029f0
00003a70
000041b0
0000359a
00002bed
000050e7
000052a3
00004c61
00005b50
00006267
00006e08
00006737
00007316
00007eed
0000823b
00007cff
000077f1
00009197
000028bf
fffff0dc
00008b6e
0000a643
00003bd7
000085cb
00005e96
000075d4
00005835
000072a7
00005c78
000072db
0000714a
00006e5d
00007121
00007805
00008012
000037d3
0000082e
00002e02
00001612
00002fc1
000028ac
000034d8
00003a55
00004213
00004299
00004917
00005112
00004e91
0000566d
000058e4
00006008
00006471
0000602e
00007b44
0000806c
00007c2f
00007c0f
0000877b
0000907a
000028bf
ffffea7d
0000754b
00008ebf
00002635
00006b6a
000046bf
00006083
0000452b
00005714
00004b23
0000617b
00005c40
0000598d
00005a1b
000060ee
00005fd4
000028a6
00001794
000033f2
00001cb9
00002f28
000027a3
000029f0
00003a70
000041b0
0000359a
00002bed
000050e7
000052a3
00004c61
00005b50
00006267
00006e08
00006737
00007316
00007eed
0000823b
00007cff
000077f1
00009197
000028bf
ffffdcf6
00004f5e
0000662f
00000dfd
0000401c
00001f6d
00003989
00002181
000033c8
000024cc
0000381a
0000345b
0000366b
00004130
00004218
0000369e
000022f8
00002d23
00002a84
00001c38
00002292
0000249f
00004507
000048e3
0000335e
00002f2a
00003f12
00004d4e
00005030
00005693
00005a39
00006079
00006773
0000606d
0000625b
0000782d
000089bf
0000878d
00008716
00009858
000028bf
ffffea7d
0000754b
00008ebf
00002635
00006b6a
000046bf
00006083
0000452b
00005714
00004b23
0000617b
00005c40
0000598d
00005a1b
000060ee
00005fd4
000028a6
00001794
000033f2
00001cb9
00002f28
000027a3
000029f0
00003a70
000041b0
0000359a
00002bed
000050e7
000052a3
00004c61
00005b50
00006267
00006e08
00006737
00007316
00007eed
0000823b
00007cff
000077f1
00009197
000028bf
ffffdcf6
00004f5e
0000662f
00000dfd
0000401c
00001f6d
00003989
00002181
000033c8
000024cc
0000381a
0000345b
0000366b
00004130
00004218
0000369e
000022f8
00002d23
00002a84
00001c38
00002292
0000249f
00004507
000048e3
0000335e
00002f2a
00003f12
00004d4e
00005030
00005693
00005a39
00006079
00006773
0000606d
0000625b
0000782d
000089bf
0000878d
00008716
00009858
000028bf
ffffc921
0000024e
00000992
ffffda4d
ffffe469
ffffceea
ffffd853
ffffce4b
ffffd340
ffffc29a
ffffe0d1
ffffd76b
ffffe78c
0000002a
000010c2
fffff59a
00000681
00001c5f
00000fcc
fffffc40
000014b4
000014af
00001bb8
00001e90
00002754
000012a2
00001c35
00002850
0000272c
000034ac
00004556
0000383d
000047b6
00004553
000036ae
000046bc
0000672c
00006d8e
00006a8e
00007fc6
000028bf
ffffdcf6
00004f5e
0000662f
00000dfd
0000401c
00001f6d
00003989
00002181
000033c8
000024cc
0000381a
0000345b
0000366b
00004130
00004218
0000369e
000022f8
00002d23
00002a84
00001c38
00002292
0000249f
00004507
000048e3
0000335e
00002f2a
00003f12
00004d4e
00005030
00005693
00005a39
00006079
00006773
0000606d
0000625b
0000782d
000089bf
0000878d
00008716
00009858
000028bf
ffffc921
0000024e
00000992
ffffda4d
ffffe469
ffffceea
ffffd853
ffffce4b
ffffd340
ffffc29a
ffffe0d1
ffffd76b
ffffe78c
0000002a
000010c2
fffff59a
00000681
00001c5f
00000fcc
fffffc40
000014b4
000014af
00001bb8
00001e90
00002754
000012a2
00001c35
00002850
0000272c
000034ac
00004556
0000383d
000047b6
00004553
000036ae
000046bc
0000672c
00006d8e
00006a8e
00007fc6
000028bf
fffee6b1
fffec7e4
fffeafc4
fffea528
fffead8c
fffec456
fffed942
fffeee89
fffef975
ffff01cd
ffff0730
ffff0ce2
ffff1d2c
ffff2e95
ffff3a42
ffff43ac
ffff5089
ffff5b09
ffff5b50
ffff52f7
ffff5dc1
ffff6901
ffff5eed
ffff6073
ffff6936
ffff5a3f
ffff435d
ffff68a4
ffff7d36
ffff932b
ffffa0a3
ffff95a4
ffffa252
ffff9c68
ffff6f79
ffff566f
ffff7556
ffffad66
ffff9c08
ffffa4c7
000028bf
ffffc921
0000024e
00000992
ffffda4d
ffffe469
ffffceea
ffffd853
ffffce4b
ffffd340
ffffc29a
ffffe0d1
ffffd76b
ffffe78c
0000002a
000010c2
fffff59a
00000681
00001c5f
00000fcc
fffffc40
000014b4
000014af
00001bb8
00001e90
00002754
000012a2
00001c35
00002850
0000272c
000034ac
00004556
0000383d
000047b6
00004553
000036ae
000046bc
0000672c
00006d8e
00006a8e
00007fc6
000028bf
fffee6b1
fffec7e4
fffeafc4
fffea528
fffead8c
fffec456
fffed942
fffeee89
fffef975
ffff01cd
ffff0730
ffff0ce2
ffff1d2c
ffff2e95
ffff3a42
ffff43ac
ffff5089
ffff5b09
ffff5b50
ffff52f7
ffff5dc1
ffff6901
ffff5eed
ffff6073
ffff6936
ffff5a3f
ffff435d
ffff68a4
ffff7d36
ffff932b
ffffa0a3
ffff95a4
ffffa252
ffff9c68
ffff6f79
ffff566f
ffff7556
ffffad66
ffff9c08
ffffa4c7
000028bf
fffc561a
fffc00d1
fffbaeea
fffb8a93
fffb820f
fffb7c2f
fffb75b8
fffb7a48
fffb7125
fffb7054
fffb73e2
fffb6ea2
fffb644e
fffb5d72
fffb59ac
fffb5b97
fffb5bd8
fffb5816
fffb5c20
fffb5f62
fffb5cf6
fffb5ac8
fffb58ef
fffb6145
fffb60ba
fffb5f4d
fffb6115
fffb6cde
fffb77d5
fffb7afe
fffb82ee
fffb9dd2
fffba52c
fffbaadc
fffbb462
fffbbd95
fffbc678
fffbd1c5
fffbda91
fffbebe9
ffff9965
fffee6b1
fffec7e4
fffeafc4
fffea528
fffead8c
fffec456
fffed942
fffeee89
fffef975
ffff01cd
ffff0730
ffff0ce2
ffff1d2c
ffff2e95
ffff3a42
ffff43ac
ffff5089
ffff5b09
ffff5b50
ffff52f7
ffff5dc1
ffff6901
ffff5eed
ffff6073
ffff6936
ffff5a3f
ffff435d
ffff68a4
ffff7d36
ffff932b
ffffa0a3
ffff95a4
ffffa252
ffff9c68
ffff6f79
ffff566f
ffff7556
ffffad66
ffff9c08
ffffa4c7
000028bf
fffc561a
fffc00d1
fffbaeea
fffb8a93
fffb820f
fffb7c2f
fffb75b8
fffb7a48
fffb7125
fffb7054
fffb73e2
fffb6ea2
fffb644e
fffb5d72
fffb59ac
fffb5b97
fffb5bd8
fffb5816
fffb5c20
fffb5f62
fffb5cf6
fffb5ac8
fffb58ef
fffb6145
fffb60ba
fffb5f4d
fffb6115
fffb6cde
fffb77d5
fffb7afe
fffb82ee
fffb9dd2
fffba52c
fffbaadc
fffbb462
fffbbd95
fffbc678
fffbd1c5
fffbda91
fffbebe9
ffff9965
fffc561a
fffc00d1
fffbaeea
fffb8a93
fffb820f
fffb7c2f
fffb75b8
fffb7a48
fffb7125
fffb7054
fffb73e2
fffb6ea2
fffb644e
fffb5d72
fffb59ac
fffb5b97
fffb5bd8
fffb5816
fffb5c20
fffb5f62
fffb5cf6
fffb5ac8
fffb58ef
fffb6145
fffb60ba
fffb5f4d
fffb6115
fffb6cde
fffb77d5
fffb7afe
fffb82ee
fffb9dd2
fffba52c
fffbaadc
fffbb462
fffbbd95
fffbc678
fffbd1c5
fffbda91
fffbebe9
ffff9965
fffc561a
fffc00d1
fffbaeea
fffb8a93
fffb820f
fffb7c2f
fffb75b8
fffb7a48
fffb7125
fffb7054
fffb73e2
fffb6ea2
fffb644e
fffb5d72
fffb59ac
fffb5b97
fffb5bd8
fffb5816
fffb5c20
fffb5f62
fffb5cf6
fffb5ac8
fffb58ef
fffb6145
fffb60ba
fffb5f4d
fffb6115
fffb6cde
fffb77d5
fffb7afe
fffb82ee
fffb9dd2
fffba52c
fffbaadc
fffbb462
fffbbd95
fffbc678
fffbd1c5
fffbda91
fffbebe9
ffff9965
fffc561a
fffc00d1
fffbaeea
fffb8a93
fffb820f
fffb7c2f
fffb75b8
fffb7a48
fffb7125
fffb7054
fffb73e2
fffb6ea2
fffb644e
fffb5d72
fffb59ac
fffb5b97
fffb5bd8
fffb5816
fffb5c20
fffb5f62
fffb5cf6
fffb5ac8
fffb58ef
fffb6145
fffb60ba
fffb5f4d
fffb6115
fffb6cde
fffb77d5
fffb7afe
fffb82ee
fffb9dd2
fffba52c
fffbaadc
fffbb462
fffbbd95
fffbc678
fffbd1c5
fffbda91
fffbebe9
ffff9965
fffc561a
fffc00d1
fffbaeea
fffb8a93
fffb820f
fffb7c2f
fffb75b8
fffb7a48
fffb7125
fffb7054
fffb73e2
fffb6ea2
fffb644e
fffb5d72
fffb59ac
fffb5b97
fffb5bd8
fffb5816
fffb5c20
fffb5f62
fffb5cf6
fffb5ac8
fffb58ef
fffb6145
fffb60ba
fffb5f4d
fffb6115
fffb6cde
fffb77d5
fffb7afe
fffb82ee
fffb9dd2
fffba52c
fffbaadc
fffbb462
fffbbd95
fffbc678
fffbd1c5
fffbda91
fffbebe9
ffff9965
fffc561a
fffc00d1
fffbaeea
fffb8a93
fffb820f
fffb7c2f
fffb75b8
fffb7a48
fffb7125
fffb7054
fffb73e2
fffb6ea2
fffb644e
fffb5d72
fffb59ac
fffb5b97
fffb5bd8
fffb5816
fffb5c20
fffb5f62
fffb5cf6
fffb5ac8
fffb58ef
fffb6145
fffb60ba
fffb5f4d
fffb6115
fffb6cde
fffb77d5
fffb7afe
fffb82ee
fffb9dd2
fffba52c
fffbaadc
fffbb462
fffbbd95
fffbc678
fffbd1c5
fffbda91
fffbebe9
ffff9965
fffc561a
fffc00d1
fffbaeea
fffb8a93
fffb820f
fffb7c2f
fffb75b8
fffb7a48
fffb7125
fffb7054
fffb73e2
fffb6ea2
fffb644e
fffb5d72
fffb59ac
fffb5b97
fffb5bd8
fffb5816
fffb5c20
fffb5f62
fffb5cf6
fffb5ac8
fffb58ef
fffb6145
fffb60ba
fffb5f4d
fffb6115
fffb6cde
fffb77d5
fffb7afe
fffb82ee
fffb9dd2
fffba52c
fffbaadc
fffbb462
fffbbd95
fffbc678
fffbd1c5
fffbda91
fffbebe9
ffff9965
fffc561a
fffc00d1
fffbaeea
fffb8a93
fffb820f
fffb7c2f
fffb75b8
fffb7a48
fffb7125
fffb7054
fffb73e2
fffb6ea2
fffb644e
fffb5d72
fffb59ac
fffb5b97
fffb5bd8
fffb5816
fffb5c20
fffb5f62
fffb5cf6
fffb5ac8
fffb58ef
fffb6145
fffb60ba
fffb5f4d
fffb6115
fffb6cde
fffb77d5
fffb7afe
fffb82ee
fffb9dd2
fffba52c
fffbaadc
fffbb462
fffbbd95
fffbc678
fffbd1c5
fffbda91
fffbebe9
ffff9965
fffc561a
fffc00d1
fffbaeea
fffb8a93
fffb820f
fffb7c2f
fffb75b8
fffb7a48
fffb7125
fffb7054
fffb73e2
fffb6ea2
fffb644e
fffb5d72
fffb59ac
fffb5b97
fffb5bd8
fffb5816
fffb5c20
fffb5f62
fffb5cf6
fffb5ac8
fffb58ef
fffb6145
fffb60ba
fffb5f4d
fffb6115
fffb6cde
fffb77d5
fffb7afe
fffb82ee
fffb9dd2
fffba52c
fffbaadc
fffbb462
fffbbd95
fffbc678
fffbd1c5
fffbda91
fffbebe9
ffff9965
fffc561a
fffc00d1
fffbaeea
fffb8a93
fffb820f
fffb7c2f
fffb75b8
fffb7a48
fffb7125
fffb7054
fffb73e2
fffb6ea2
fffb644e
fffb5d72
fffb59ac
fffb5b97
fffb5bd8
fffb5816
fffb5c20
fffb5f62
fffb5cf6
fffb5ac8
fffb58ef
fffb6145
fffb60ba
fffb5f4d
fffb6115
fffb6cde
fffb77d5
fffb7afe
fffb82ee
fffb9dd2
fffba52c
fffbaadc
fffbb462
fffbbd95
fffbc678
fffbd1c5
fffbda91
fffbebe9
ffff9965
fffc561a
fffc00d1
fffbaeea
fffb8a93
fffb820f
fffb7c2f
fffb75b8
fffb7a48
fffb7125
fffb7054
fffb73e2
fffb6ea2
fffb644e
fffb5d72
fffb59ac
fffb5b97
fffb5bd8
fffb5816
fffb5c20
fffb5f62
fffb5cf6
fffb5ac8
fffb58ef
fffb6145
fffb60ba
fffb5f4d
fffb6115
fffb6cde
fffb77d5
fffb7afe
fffb82ee
fffb9dd2
fffba52c
fffbaadc
fffbb462
fffbbd95
fffbc678
fffbd1c5
fffbda91
fffbebe9
ffff9965
fffc561a
fffc00d1
fffbaeea
fffb8a93
fffb820f
fffb7c2f
fffb75b8
fffb7a48
fffb7125
fffb7054
fffb73e2
fffb6ea2
fffb644e
fffb5d72
fffb59ac
fffb5b97
fffb5bd8
fffb5816
fffb5c20
fffb5f62
fffb5cf6
fffb5ac8
fffb58ef
fffb6145
fffb60ba
fffb5f4d
fffb6115
fffb6cde
fffb77d5
fffb7afe
fffb82ee
fffb9dd2
fffba52c
fffbaadc
fffbb462
fffbbd95
fffbc678
fffbd1c5
fffbda91
fffbebe9
ffff9965
fffc561a
fffc00d1
fffbaeea
fffb8a93
fffb820f
fffb7c2f
fffb75b8
fffb7a48
fffb7125
fffb7054
fffb73e2
fffb6ea2
fffb644e
fffb5d72
fffb59ac
fffb5b97
fffb5bd8
fffb5816
fffb5c20
fffb5f62
fffb5cf6
fffb5ac8
fffb58ef
fffb6145
fffb60ba
fffb5f4d
fffb6115
fffb6cde
fffb77d5
fffb7afe
fffb82ee
fffb9dd2
fffba52c
fffbaadc
fffbb462
fffbbd95
fffbc678
fffbd1c5
fffbda91
fffbebe9
ffff9965
fffc561a
fffc00d1
fffbaeea
fffb8a93
fffb820f
fffb7c2f
fffb75b8
fffb7a48
fffb7125
fffb7054
fffb73e2
fffb6ea2
fffb644e
fffb5d72
fffb59ac
fffb5b97
fffb5bd8
fffb5816
fffb5c20
fffb5f62
fffb5cf6
fffb5ac8
fffb58ef
fffb6145
fffb60ba
fffb5f4d
fffb6115
fffb6cde
fffb77d5
fffb7afe
fffb82ee
fffb9dd2
fffba52c
fffbaadc
fffbb462
fffbbd95
fffbc678
fffbd1c5
fffbda91
fffbebe9
ffff9965
fffc561a
fffc00d1
fffbaeea
fffb8a93
fffb820f
fffb7c2f
fffb75b8
fffb7a48
fffb7125
fffb7054
fffb73e2
fffb6ea2
fffb644e
fffb5d72
fffb59ac
fffb5b97
fffb5bd8
fffb5816
fffb5c20
fffb5f62
fffb5cf6
fffb5ac8
fffb58ef
fffb6145
fffb60ba
fffb5f4d
fffb6115
fffb6cde
fffb77d5
fffb7afe
fffb82ee
fffb9dd2
fffba52c
fffbaadc
fffbb462
fffbbd95
fffbc678
fffbd1c5
fffbda91
fffbebe9
ffff9965
fffc561a
fffc00d1
fffbaeea
fffb8a93
fffb820f
fffb7c2f
fffb75b8
fffb7a48
fffb7125
fffb7054
fffb73e2
fffb6ea2
fffb644e
fffb5d72
fffb59ac
fffb5b97
fffb5bd8
fffb5816
fffb5c20
fffb5f62
fffb5cf6
fffb5ac8
fffb58ef
fffb6145
fffb60ba
fffb5f4d
fffb6115
fffb6cde
fffb77d5
fffb7afe
fffb82ee
fffb9dd2
fffba52c
fffbaadc
fffbb462
fffbbd95
fffbc678
fffbd1c5
fffbda91
fffbebe9
ffff9965
fffc561a
fffc00d1
fffbaeea
fffb8a93
fffb820f
fffb7c2f
fffb75b8
fffb7a48
fffb7125
fffb7054
fffb73e2
fffb6ea2
fffb644e
fffb5d72
fffb59ac
fffb5b97
fffb5bd8
fffb5816
fffb5c20
fffb5f62
fffb5cf6
fffb5ac8
fffb58ef
fffb6145
fffb60ba
fffb5f4d
fffb6115
fffb6cde
fffb77d5
fffb7afe
fffb82ee
fffb9dd2
fffba52c
fffbaadc
fffbb462
fffbbd95
fffbc678
fffbd1c5
fffbda91
fffbebe9
ffff9965
fffc561a
fffc00d1
fffbaeea
fffb8a93
fffb820f
fffb7c2f
fffb75b8
fffb7a48
fffb7125
fffb7054
fffb73e2
fffb6ea2
fffb644e
fffb5d72
fffb59ac
fffb5b97
fffb5bd8
fffb5816
fffb5c20
fffb5f62
fffb5cf6
fffb5ac8
fffb58ef
fffb6145
fffb60ba
fffb5f4d
fffb6115
fffb6cde
fffb77d5
fffb7afe
fffb82ee
fffb9dd2
fffba52c
fffbaadc
fffbb462
fffbbd95
fffbc678
fffbd1c5
fffbda91
fffbebe9
ffff9965
fffc561a
fffc00d1
fffbaeea
fffb8a93
fffb820f
fffb7c2f
fffb75b8
fffb7a48
fffb7125
fffb7054
fffb73e2
fffb6ea2
fffb644e
fffb5d72
fffb59ac
fffb5b97
fffb5bd8
fffb5816
fffb5c20
fffb5f62
fffb5cf6
fffb5ac8
fffb58ef
fffb6145
fffb60ba
fffb5f4d
fffb6115
fffb6cde
fffb77d5
fffb7afe
fffb82ee
fffb9dd2
fffba52c
fffbaadc
fffbb462
fffbbd95
fffbc678
fffbd1c5
fffbda91
fffbebe9
ffff9965
fffc561a
fffc00d1
fffbaeea
fffb8a93
fffb820f
fffb7c2f
fffb75b8
fffb7a48
fffb7125
fffb7054
fffb73e2
fffb6ea2
fffb644e
fffb5d72
fffb59ac
fffb5b97
fffb5bd8
fffb5816
fffb5c20
fffb5f62
fffb5cf6
fffb5ac8
fffb58ef
fffb6145
fffb60ba
fffb5f4d
fffb6115
fffb6cde
fffb77d5
fffb7afe
fffb82ee
fffb9dd2
fffba52c
fffbaadc
fffbb462
fffbbd95
fffbc678
fffbd1c5
fffbda91
fffbebe9
ffff9965
fffc561a
fffc00d1
fffbaeea
fffb8a93
fffb820f
fffb7c2f
fffb75b8
fffb7a48
fffb7125
fffb7054
fffb73e2
fffb6ea2
fffb644e
fffb5d72
fffb59ac
fffb5b97
fffb5bd8
fffb5816
fffb5c20
fffb5f62
fffb5cf6
fffb5ac8
fffb58ef
fffb6145
fffb60ba
fffb5f4d
fffb6115
fffb6cde
fffb77d5
fffb7afe
fffb82ee
fffb9dd2
fffba52c
fffbaadc
fffbb462
fffbbd95
fffbc678
fffbd1c5
fffbda91
fffbebe9
ffff9965
fffc561a
fffc00d1
fffbaeea
fffb8a93
fffb820f
fffb7c2f
fffb75b8
fffb7a48
fffb7125
fffb7054
fffb73e2
fffb6ea2
fffb644e
fffb5d72
fffb59ac
fffb5b97
fffb5bd8
fffb5816
fffb5c20
fffb5f62
fffb5cf6
fffb5ac8
fffb58ef
fffb6145
fffb60ba
fffb5f4d
fffb6115
fffb6cde
fffb77d5
fffb7afe
fffb82ee
fffb9dd2
fffba52c
fffbaadc
fffbb462
fffbbd95
fffbc678
fffbd1c5
fffbda91
fffbebe9
ffff9965
fffc561a
fffc00d1
fffbaeea
fffb8a93
fffb820f
fffb7c2f
fffb75b8
fffb7a48
fffb7125
fffb7054
fffb73e2
fffb6ea2
fffb644e
fffb5d72
fffb59ac
fffb5b97
fffb5bd8
fffb5816
fffb5c20
fffb5f62
fffb5cf6
fffb5ac8
fffb58ef
fffb6145
fffb60ba
fffb5f4d
fffb6115
fffb6cde
fffb77d5
fffb7afe
fffb82ee
fffb9dd2
fffba52c
fffbaadc
fffbb462
fffbbd95
fffbc678
fffbd1c5
fffbda91
fffbebe9
ffff9965
fffc561a
fffc00d1
fffbaeea
fffb8a93
fffb820f
fffb7c2f
fffb75b8
fffb7a48
fffb7125
fffb7054
fffb73e2
fffb6ea2
fffb644e
fffb5d72
fffb59ac
fffb5b97
fffb5bd8
fffb5816
fffb5c20
fffb5f62
fffb5cf6
fffb5ac8
fffb58ef
fffb6145
fffb60ba
fffb5f4d
fffb6115
fffb6cde
fffb77d5
fffb7afe
fffb82ee
fffb9dd2
fffba52c
fffbaadc
fffbb462
fffbbd95
fffbc678
fffbd1c5
fffbda91
fffbebe9
ffff9965
fffc561a
fffc00d1
fffbaeea
fffb8a93
fffb820f
fffb7c2f
fffb75b8
fffb7a48
fffb7125
fffb7054
fffb73e2
fffb6ea2
fffb644e
fffb5d72
fffb59ac
fffb5b97
fffb5bd8
fffb5816
fffb5c20
fffb5f62
fffb5cf6
fffb5ac8
fffb58ef
fffb6145
fffb60ba
fffb5f4d
fffb6115
fffb6cde
fffb77d5
fffb7afe
fffb82ee
fffb9dd2
fffba52c
fffbaadc
fffbb462
fffbbd95
fffbc678
fffbd1c5
fffbda91
fffbebe9
ffff9965
fffc561a
fffc00d1
fffbaeea
fffb8a93
fffb820f
fffb7c2f
fffb75b8
fffb7a48
fffb7125
fffb7054
fffb73e2
fffb6ea2
fffb644e
fffb5d72
fffb59ac
fffb5b97
fffb5bd8
fffb5816
fffb5c20
fffb5f62
fffb5cf6
fffb5ac8
fffb58ef
fffb6145
fffb60ba
fffb5f4d
fffb6115
fffb6cde
fffb77d5
fffb7afe
fffb82ee
fffb9dd2
fffba52c
fffbaadc
fffbb462
fffbbd95
fffbc678
fffbd1c5
fffbda91
fffbebe9
ffff9965
fffc561a
fffc00d1
fffbaeea
fffb8a93
fffb820f
fffb7c2f
fffb75b8
fffb7a48
fffb7125
fffb7054
fffb73e2
fffb6ea2
fffb644e
fffb5d72
fffb59ac
fffb5b97
fffb5bd8
fffb5816
fffb5c20
fffb5f62
fffb5cf6
fffb5ac8
fffb58ef
fffb6145
fffb60ba
fffb5f4d
fffb6115
fffb6cde
fffb77d5
fffb7afe
fffb82ee
fffb9dd2
fffba52c
fffbaadc
fffbb462
fffbbd95
fffbc678
fffbd1c5
fffbda91
fffbebe9
ffff9965
fffc561a
fffc00d1
fffbaeea
fffb8a93
fffb820f
fffb7c2f
fffb75b8
fffb7a48
fffb7125
fffb7054
fffb73e2
fffb6ea2
fffb644e
fffb5d72
fffb59ac
fffb5b97
fffb5bd8
fffb5816
fffb5c20
fffb5f62
fffb5cf6
fffb5ac8
fffb58ef
fffb6145
fffb60ba
fffb5f4d
fffb6115
fffb6cde
fffb77d5
fffb7afe
fffb82ee
fffb9dd2
fffba52c
fffbaadc
fffbb462
fffbbd95
fffbc678
fffbd1c5
fffbda91
fffbebe9
ffff9965
fffc561a
fffc00d1
fffbaeea
fffb8a93
fffb820f
fffb7c2f
fffb75b8
fffb7a48
fffb7125
fffb7054
fffb73e2
fffb6ea2
fffb644e
fffb5d72
fffb59ac
fffb5b97
fffb5bd8
fffb5816
fffb5c20
fffb5f62
fffb5cf6
fffb5ac8
fffb58ef
fffb6145
fffb60ba
fffb5f4d
fffb6115
fffb6cde
fffb77d5
fffb7afe
fffb82ee
fffb9dd2
fffba52c
fffbaadc
fffbb462
fffbbd95
fffbc678
fffbd1c5
fffbda91
fffbebe9
ffff9965
fffc561a
fffc00d1
fffbaeea
fffb8a93
fffb820f
fffb7c2f
fffb75b8
fffb7a48
fffb7125
fffb7054
fffb73e2
fffb6ea2
fffb644e
fffb5d72
fffb59ac
fffb5b97
fffb5bd8
fffb5816
fffb5c20
fffb5f62
fffb5cf6
fffb5ac8
fffb58ef
fffb6145
fffb60ba
fffb5f4d
fffb6115
fffb6cde
fffb77d5
fffb7afe
fffb82ee
fffb9dd2
fffba52c
fffbaadc
fffbb462
fffbbd95
fffbc678
fffbd1c5
fffbda91
fffbebe9
ffff9965
fffc561a
fffc00d1
fffbaeea
fffb8a93
fffb820f
fffb7c2f
fffb75b8
fffb7a48
fffb7125
fffb7054
fffb73e2
fffb6ea2
fffb644e
fffb5d72
fffb59ac
fffb5b97
fffb5bd8
fffb5816
fffb5c20
fffb5f62
fffb5cf6
fffb5ac8
fffb58ef
fffb6145
fffb60ba
fffb5f4d
fffb6115
fffb6cde
fffb77d5
fffb7afe
fffb82ee
fffb9dd2
fffba52c
fffbaadc
fffbb462
fffbbd95
fffbc678
fffbd1c5
fffbda91
fffbebe9
ffff9965
fffc561a
fffc00d1
fffbaeea
fffb8a93
fffb820f
fffb7c2f
fffb75b8
fffb7a48
fffb7125
fffb7054
fffb73e2
fffb6ea2
fffb644e
fffb5d72
fffb59ac
fffb5b97
fffb5bd8
fffb5816
fffb5c20
fffb5f62
fffb5cf6
fffb5ac8
fffb58ef
fffb6145
fffb60ba
fffb5f4d
fffb6115
fffb6cde
fffb77d5
fffb7afe
fffb82ee
fffb9dd2
fffba52c
fffbaadc
fffbb462
fffbbd95
fffbc678
fffbd1c5
fffbda91
fffbebe9
ffff9965
fffc561a
fffc00d1
fffbaeea
fffb8a93
fffb820f
fffb7c2f
fffb75b8
fffb7a48
fffb7125
fffb7054
fffb73e2
fffb6ea2
fffb644e
fffb5d72
fffb59ac
fffb5b97
fffb5bd8
fffb5816
fffb5c20
fffb5f62
fffb5cf6
fffb5ac8
fffb58ef
fffb6145
fffb60ba
fffb5f4d
fffb6115
fffb6cde
fffb77d5
fffb7afe
fffb82ee
fffb9dd2
fffba52c
fffbaadc
fffbb462
fffbbd95
fffbc678
fffbd1c5
fffbda91
fffbebe9
ffff9965
fffc561a
fffc00d1
fffbaeea
fffb8a93
fffb820f
fffb7c2f
fffb75b8
fffb7a48
fffb7125
fffb7054
fffb73e2
fffb6ea2
fffb644e
fffb5d72
fffb59ac
fffb5b97
fffb5bd8
fffb5816
fffb5c20
fffb5f62
fffb5cf6
fffb5ac8
fffb58ef
fffb6145
fffb60ba
fffb5f4d
fffb6115
fffb6cde
fffb77d5
fffb7afe
fffb82ee
fffb9dd2
fffba52c
fffbaadc
fffbb462
fffbbd95
fffbc678
fffbd1c5
fffbda91
fffbebe9
ffff9965
fffc561a
fffc00d1
fffbaeea
fffb8a93
fffb820f
fffb7c2f
fffb75b8
fffb7a48
fffb7125
fffb7054
fffb73e2
fffb6ea2
fffb644e
fffb5d72
fffb59ac
fffb5b97
fffb5bd8
fffb5816
fffb5c20
fffb5f62
fffb5cf6
fffb5ac8
fffb58ef
fffb6145
fffb60ba
fffb5f4d
fffb6115
fffb6cde
fffb77d5
fffb7afe
fffb82ee
fffb9dd2
fffba52c
fffbaadc
fffbb462
fffbbd95
fffbc678
fffbd1c5
fffbda91
fffbebe9
ffff9965
fffc561a
fffc00d1
fffbaeea
fffb8a93
fffb820f
fffb7c2f
fffb75b8
fffb7a48
fffb7125
fffb7054
fffb73e2
fffb6ea2
fffb644e
fffb5d72
fffb59ac
fffb5b97
fffb5bd8
fffb5816
fffb5c20
fffb5f62
fffb5cf6
fffb5ac8
fffb58ef
fffb6145
fffb60ba
fffb5f4d
fffb6115
fffb6cde
fffb77d5
fffb7afe
fffb82ee
fffb9dd2
fffba52c
fffbaadc
fffbb462
fffbbd95
fffbc678
fffbd1c5
fffbda91
fffbebe9
ffff9965
fffc561a
fffc00d1
fffbaeea
fffb8a93
fffb820f
fffb7c2f
fffb75b8
fffb7a48
fffb7125
fffb7054
fffb73e2
fffb6ea2
fffb644e
fffb5d72
fffb59ac
fffb5b97
fffb5bd8
fffb5816
fffb5c20
fffb5f62
fffb5cf6
fffb5ac8
fffb58ef
fffb6145
fffb60ba
fffb5f4d
fffb6115
fffb6cde
fffb77d5
fffb7afe
fffb82ee
fffb9dd2
fffba52c
fffbaadc
fffbb462
fffbbd95
fffbc678
fffbd1c5
fffbda91
fffbebe9
ffff9965
fffc561a
fffc00d1
fffbaeea
fffb8a93
fffb820f
fffb7c2f
fffb75b8
fffb7a48
fffb7125
fffb7054
fffb73e2
fffb6ea2
fffb644e
fffb5d72
fffb59ac
fffb5b97
fffb5bd8
fffb5816
fffb5c20
fffb5f62
fffb5cf6
fffb5ac8
fffb58ef
fffb6145
fffb60ba
fffb5f4d
fffb6115
fffb6cde
fffb77d5
fffb7afe
fffb82ee
fffb9dd2
fffba52c
fffbaadc
fffbb462
fffbbd95
fffbc678
fffbd1c5
fffbda91
fffbebe9
ffff9965
fffc561a
fffc00d1
fffbaeea
fffb8a93
fffb820f
fffb7c2f
fffb75b8
fffb7a48
fffb7125
fffb7054
fffb73e2
fffb6ea2
fffb644e
fffb5d72
fffb59ac
fffb5b97
fffb5bd8
fffb5816
fffb5c20
fffb5f62
fffb5cf6
fffb5ac8
fffb58ef
fffb6145
fffb60ba
fffb5f4d
fffb6115
fffb6cde
fffb77d5
fffb7afe
fffb82ee
fffb9dd2
fffba52c
fffbaadc
fffbb462
fffbbd95
fffbc678
fffbd1c5
fffbda91
fffbebe9
ffff9965
fffc561a
fffc00d1
fffbaeea
fffb8a93
fffb820f
fffb7c2f
fffb75b8
fffb7a48
fffb7125
fffb7054
fffb73e2
fffb6ea2
fffb644e
fffb5d72
fffb59ac
fffb5b97
fffb5bd8
fffb5816
fffb5c20
fffb5f62
fffb5cf6
fffb5ac8
fffb58ef
fffb6145
fffb60ba
fffb5f4d
fffb6115
fffb6cde
fffb77d5
fffb7afe
fffb82ee
fffb9dd2
fffba52c
fffbaadc
fffbb462
fffbbd95
fffbc678
fffbd1c5
fffbda91
fffbebe9
ffff9965
fffc561a
fffc00d1
fffbaeea
fffb8a93
fffb820f
fffb7c2f
fffb75b8
fffb7a48
fffb7125
fffb7054
fffb73e2
fffb6ea2
fffb644e
fffb5d72
fffb59ac
fffb5b97
fffb5bd8
fffb5816
fffb5c20
fffb5f62
fffb5cf6
fffb5ac8
fffb58ef
fffb6145
fffb60ba
fffb5f4d
fffb6115
fffb6cde
fffb77d5
fffb7afe
fffb82ee
fffb9dd2
fffba52c
fffbaadc
fffbb462
fffbbd95
fffbc678
fffbd1c5
fffbda91
fffbebe9
ffff9965
fffc561a
fffc00d1
fffbaeea
fffb8a93
fffb820f
fffb7c2f
fffb75b8
fffb7a48
fffb7125
fffb7054
fffb73e2
fffb6ea2
fffb644e
fffb5d72
fffb59ac
fffb5b97
fffb5bd8
fffb5816
fffb5c20
fffb5f62
fffb5cf6
fffb5ac8
fffb58ef
fffb6145
fffb60ba
fffb5f4d
fffb6115
fffb6cde
fffb77d5
fffb7afe
fffb82ee
fffb9dd2
fffba52c
fffbaadc
fffbb462
fffbbd95
fffbc678
fffbd1c5
fffbda91
fffbebe9
ffff9965
fffc561a
fffc00d1
fffbaeea
fffb8a93
fffb820f
fffb7c2f
fffb75b8
fffb7a48
fffb7125
fffb7054
fffb73e2
fffb6ea2
fffb644e
fffb5d72
fffb59ac
fffb5b97
fffb5bd8
fffb5816
fffb5c20
fffb5f62
fffb5cf6
fffb5ac8
fffb58ef
fffb6145
fffb60ba
fffb5f4d
fffb6115
fffb6cde
fffb77d5
fffb7afe
fffb82ee
fffb9dd2
fffba52c
fffbaadc
fffbb462
fffbbd95
fffbc678
fffbd1c5
fffbda91
fffbebe9
ffff9965
fffc561a
fffc00d1
fffbaeea
fffb8a93
fffb820f
fffb7c2f
fffb75b8
fffb7a48
fffb7125
fffb7054
fffb73e2
fffb6ea2
fffb644e
fffb5d72
fffb59ac
fffb5b97
fffb5bd8
fffb5816
fffb5c20
fffb5f62
fffb5cf6
fffb5ac8
fffb58ef
fffb6145
fffb60ba
fffb5f4d
fffb6115
fffb6cde
fffb77d5
fffb7afe
fffb82ee
fffb9dd2
fffba52c
fffbaadc
fffbb462
fffbbd95
fffbc678
fffbd1c5
fffbda91
fffbebe9
ffff9965
